:020000040800F2
:100000000000022059CE01088165010883650108BE
:100010008565010887650108896501080000000001
:1000200000000000000000000000000051AA0108CC
:100030008B65010800000000F1AA010803A6010871
:10004000A9CE0108A9CE0108A9CE0108A9CE0108B0
:10005000A9CE0108A9CE0108A9CE0108A9CE0108A0
:10006000A9CE0108A9CE0108A9CE0108A9CE010890
:10007000A9CE0108A9CE0108A9CE0108A9CE010880
:10008000A9CE0108A9CE0108A9CE0108A9CE010870
:10009000A9CE0108A9CE0108A9CE0108A9CE010860
:1000A000A9CE0108A9CE0108A9CE0108A9CE010850
:1000B000A9CE0108A9CE0108A9CE0108A9CE010840
:1000C000A9CE0108A9CE0108A9CE0108A9CE010830
:1000D000A9CE0108A9CE0108A9CE0108A9CE010820
:1000E000A9CE0108A9CE0108A9CE0108A9CE010810
:1000F0008D650108A9CE0108A9CE0108A9CE010885
:10010000A9CE0108A9CE0108A9CE0108A9CE0108EF
:10011000A9CE0108A9CE0108A9CE0108A9CE0108DF
:10012000A9CE0108A9CE0108A9CE0108A9CE0108CF
:10013000A9CE01080000000000000000A9CE0108BF
:100140009D650108A9CE0108A9CE01080566010830
:10015000A9CE0108A9CE0108A9CE0108A9CE01089F
:10016000A9CE0108A9CE0108A9CE0108A9CE01088F
:10017000A9CE0108A9CE010800000000000000007F
:08018000A9CE0108A9CE010877
:1001C0000348044B834202D0034B03B118477047E6
:1001D000D8040020D804002000000000054806498B
:1001E0000B1AD90F01EBA301491002D0034B03B145
:1001F00018477047D8040020D804002000000000F1
:1002000010B5064C237843B9FFF7DAFF044B13B15E
:100210000448AFF300800123237010BDD8040020F0
:1002200000000000102F020808B5044B1BB1044960
:100230000448AFF30080BDE80840CFE700000000AD
:10024000DC040020102F0208014B1868704700BF23
:100250000000002008B5074B044613B1002100F050
:100260002BFA054B1868836A03B1984720461BF0A8
:10027000F3FD00BFB9060008282F020870B50D4E27
:100280000D4D761BB61006D0002455F8043B013402
:100290009847A642F9D1094E094D761B22F038FE47
:1002A000B61006D0002455F8043B01349847A64206
:1002B000F9D170BD7C4C02087C4C0208884C0208C5
:1002C0007C4C0208024B0146186800F059B900BF87
:1002D00000000020024B0146186800F0EFB800BF94
:1002E00000000020844641EA000313F003036DD1AF
:1002F000403A41D351F8043B40F8043B51F8043BE9
:1003000040F8043B51F8043B40F8043B51F8043BEF
:1003100040F8043B51F8043B40F8043B51F8043BDF
:1003200040F8043B51F8043B40F8043B51F8043BCF
:1003300040F8043B51F8043B40F8043B51F8043BBF
:1003400040F8043B51F8043B40F8043B51F8043BAF
:1003500040F8043B51F8043B40F8043B51F8043B9F
:1003600040F8043B51F8043B40F8043B51F8043B8F
:1003700040F8043B403ABDD2303211D351F8043B2F
:1003800040F8043B51F8043B40F8043B51F8043B6F
:1003900040F8043B51F8043B40F8043B103AEDD2DE
:1003A0000C3205D351F8043B40F8043B043AF9D22F
:1003B000043208D0D2071CBF11F8013B00F8013B02
:1003C00001D30B8803806046704700BF082A13D30F
:1003D0008B078DD010F003038AD0C3F10403D21A27
:1003E000DB071CBF11F8013B00F8013B80D331F85B
:1003F000023B20F8023B7BE7043AD9D3013A11F8DB
:10040000013B00F8013BF9D20B7803704B78437045
:100410008B78837060467047830730B548D0541E90
:10042000002A3FD0CAB2034601E0013C3AD303F8A8
:10043000012B9D07F9D1032C2DD9CDB245EA052515
:100440000F2C45EA054536D9A4F1100222F00F0C15
:1004500003F1200EE6444FEA121C03F1100242E9B8
:10046000045542E9025510327245F8D10CF10102EF
:1004700014F00C0F03EB021204F00F0C13D0ACF1CC
:10048000040323F003030433134442F8045B934250
:10049000FBD10CF003042CB1CAB21C4403F8012BAD
:1004A0009C42FBD130BD64461346002CF4D1F9E7E1
:1004B00003461446BFE71A46A446E0E7002958D091
:1004C00030B551F8043C83B0002BA1F10404B8BF4F
:1004D000E418019000F0B4FA284A0198136833B187
:1004E000A3420DD9216804EB010C63452FD0636052
:1004F000146003B0BDE8304000F0A4BAA34210D8A5
:100500001A465B68002BF9D1116802EB010C6445B7
:1005100019D02FD36360546003B0BDE8304000F0C1
:1005200091BA116802EB010CA44516D022D82168BB
:1005300004EB010C6345EDD11D685B682944C4E9F7
:1005400000135460D5E7236819441160D1E71D6892
:100550005B682944C4E90013CAE72468214454189D
:10056000A3421160C5D1D3E900432144C2E900137D
:10057000BFE770470C230360BBE700BFF404002013
:10058000F8B5CD1C25F0030508350C2D38BF0C251A
:10059000002D064623DBA94221D8254F00F050FA52
:1005A0003A6822B3144603E063682246FBB11C4656
:1005B00023685B1BF8D40B2B15D8636894420CBFDF
:1005C0003B605360304600F03DFA04F10B00231D00
:1005D00020F00700C21A01D01B1AA350F8BD0C234B
:1005E00033600020F8BD23601C442560EAE7796889
:1005F000C9B12946304600F04DF8431C0CD0C41C4C
:1006000024F00304A04205D0211A304600F042F83D
:10061000013001D02560D5E70C233046336000F06F
:1006200011FA0020F8BD304600F034F87860E0E7B9
:10063000F40400200EB410B5044683B008B18369F9
:100640005BB106ABA168059A0193204600F040FA21
:1006500003B0BDE8104003B0704700F08DF9F0E73B
:100660000FB410B50A4B1C6882B00CB1A3695BB122
:1006700005ABA168049A0193204600F029FA02B064
:10068000BDE8104004B07047204600F075F9EFE770
:100690000000002038B5074D0022044608462A60B5
:1006A0001BF0ACFB431C00D038BD2B68002BFBD0EB
:1006B000236038BD000500202DE9F84FDFF8BCA00D
:1006C000DAF800702DED028BE7B108EE100A8946CA
:1006D0007D68D7F888806C1E14D407EB8506043635
:1006E00008EB8505B9F1000F10D0B8F1000F02D06A
:1006F000EB6F4B450AD0013C631CA5F10405A6F144
:100700000406EFD1BDEC028BBDE8F88F7B68326840
:10071000013BA34216BF00237C603360002AEAD06D
:10072000D7F804B0B8F1000F1AD0D8F800010123AF
:1007300003FA04F1014213D0D8F80401014218D1A0
:1007400055F8041C18EE100A90477A685A450BD1E8
:10075000DAF80030BB42CED01F46002FB8D1D1E727
:1007600090477A685A45F3D0DAF80070002FAFD17D
:10077000C8E755F8040C9047E7E700BFFC040020E9
:1007800000207047014900F037B900BF0D1500087F
:100790000020704770B568224D1E02FB05F50E461D
:1007A00005F17401FFF7ECFE044640B100210C3066
:1007B000C4E90016A06005F16802FFF72DFE20468F
:1007C00070BD00BF274B2DE9F0411E68B369074695
:1007D00053B348364FF00408D6E90134013B04D541
:1007E0001EE05A1C04F168041AD0B4F90C50013B05
:1007F000002DF6D11C4B6566C4E90055C4E90253CF
:10080000C4E90455A5610822294604F15C00FFF7FC
:1008100003FEC4E90D55C4E912552046BDE8F08138
:1008200035682DB12E46D7E7304600F01FF8D0E7E7
:100830004FF4D6713846FFF7A3FE044668B1056051
:10084000C0F804800C302946A06025464FF4D072D1
:10085000FFF7E2FD34602E46BEE70C2330603B60BC
:10086000DBE700BF282F02080100FFFF2DE9F84F4A
:10087000344B35491A68816290424FF00003C0E959
:100880001233036504BF012383610546FFF79AFF16
:1008900068602846FFF796FFA8602846FFF792FF9A
:1008A0006F68E86000240423C7E902430822214658
:1008B000C7E90044C7E904447C66BC6107F15C00F9
:1008C000FFF7AAFDDFF88CB0AE68DFF88CA0DFF888
:1008D0008C90DFF88C801D4BC7F828A0C7E9087BF7
:1008E000C7F82C90C7F830800822F360C6E90044AE
:1008F000C6E904447466B460B461214606F15C0044
:10090000FFF78AFDC6E9086BC6E90AA9C6F8308078
:10091000EE680F4BF360C6E90044C6E90444746610
:10092000B460B4612146082206F15C00FFF774FD53
:100930000123C6E9086BC6E90B98C6F828A0AB618D
:10094000BDE8F88F282F020885070008090001007C
:10095000120002004D11000875110008B5110008C1
:10096000D5110008024B0349186800F045B800BFD4
:10097000282F02080D150008836903B976E7704730
:10098000704700BF704700BF704700BF704700BF8F
:10099000024B0349186800F00FB800BF00000020A8
:1009A00081070008024B0349186800F005B800BF32
:1009B00000000020910700082DE9F041884600F171
:1009C00048070026D7E90154013D0FD4A389012B24
:1009D00005F1FF3506D9B4F90E300133204601D0B8
:1009E000C04706436B1C04F16804EFD13F68002F39
:1009F000E8D13046BDE8F0812DE9F8430746884646
:100A000000F148064FF00009D6E90154013D11D428
:100A1000A389012B05F1FF3508D9B4F90E30013354
:100A2000214603D03846C04749EA00096B1C04F14F
:100A30006804EDD13668002EE6D14846BDE8F8835B
:100A4000704700BF704700BF9368013B002B936065
:100A500011DA10B49469A34209DB0A2907D013689C
:100A6000581C1060197008465DF8044B70475DF81B
:100A7000044B00F0B3BB1368581C10601970084693
:100A8000704700BF9BB1F8B5134406460F46541E8D
:100A90005D1E01E0AC4208D014F8011F3A46304612
:100AA000FFF7D2FF431CF5D1F8BD0020F8BD0020B0
:100AB000704700BF936810B5144613B953601846C9
:100AC00010BD00F08DFD0023C4E9013310BD00BF4F
:100AD0002DE9F04F88469FB015461C46814618B157
:100AE0008369002B00F0A280924B984500F0A4800F
:100AF000914B984500F0B180904B984508BFD9F8CC
:100B00000C80B8F80C30180740F19D80D8F81030F0
:100B1000002B00F0988000230B932978884E0594D1
:100B200020238DF8313030238DF832300127002911
:100B300074D02C460B4604E014F8013F002B00F063
:100B40008F80252BF8D1B4EB050B40F08C802378F7
:100B5000002B63D000234FF0FF32CDE9072306932B
:100B600009938DF85B301C93013404E0069A07FA70
:100B700003F3134306932546052214F8011B304660
:100B800000F04EFF831B0028F0D1069BD90644BF1E
:100B900020228DF85B2029781A0744BF2B228DF87C
:100BA0005B202A2970D1059A116804320029059228
:100BB000C0F29B800991697801352E2976D0614C6D
:100BC0000322204600F02CFF38B1069B001B402476
:100BD00004FA00F003430693013515F8011B5A4847
:100BE0008DF83010062200F01BFF002800F08380F3
:100BF000564B002B6DD005AA0092554B424606A9D4
:100C00004846AFF300800390039B013306D00B9B53
:100C1000039A297813440B9300298AD1B8F80C3031
:100C20005B0617D40B981FB0BDE8F08FFFF7A4FE4A
:100C3000404B98457FF45CAFD9F80480B8F80C308D
:100C400018073FF563AF4146484600F041FB0028D6
:100C50003FF461AF4FF0FF30E5E7D9F8088050E787
:100C6000B4EB050BDAD0AA46C5F1010503E09345C4
:100C700036D91AF8011F42464846FFF7E5FE013013
:100C800005EB0A02F3D1C9E7A1F13002092A94D891
:100C9000099B15F8011F03EB830302EB4303A1F14A
:100CA0003002092AF5D92E29099388D169782A2991
:100CB0002BD1059BA9781A6807920433002A05F105
:100CC00002000593B8BF4FF0FF330546B8BF079346
:100CD00075E7059B073323F007030833059396E771
:100CE0000B9A23785A440B9232E7494243F00203AD
:100CF000099106935FE705AA0092154B424606A9A3
:100D0000484600F0CBF803907EE7A1F130020023C3
:100D1000092A079305F101053FF651AF15F8011FA8
:100D200003EB830302EB4303A1F13002092AF5D957
:100D3000079344E76C2F02084C2F02082C2F02085F
:100D4000383D0208403D0208443D02080000000012
:100D5000850A000810B4054C8446134620685DF8E7
:100D6000044B0A466146FFF7B3BE00BF00000020F7
:100D70002DE9F84F92461F460A698B68DDF82890E6
:100D80009A42B8BF1A46CAF8002091F843300C4680
:100D9000064613B10132CAF80020226891065DD5DB
:100DA000DAF800300233CAF80030226812F0060F79
:100DB00011461ED1E168CB1A002BD8BF114618DDB1
:100DC00004F1190B4FF0000805E0E568DAF800308F
:100DD000ED1A45450CDD01235A4639463046C847D1
:100DE000013008F10108F0D14FF0FF30BDE8F88F75
:100DF000216894F84330003B18BF01238A060AD5C6
:100E0000E1185A1C302081F84300224494F8451020
:100E100082F84310023304F1430239463046C84792
:100E20000130E1D0236803F00603042B1DD0A36832
:100E30002269934225DD4FF000089B1A98441A342A
:100E4000002501E045451CDA01232246394630469B
:100E5000C847013005F10105F4D1C5E712F0060FCE
:100E600012D0003B18BF0123D5E7DAF80030E16863
:100E70002269C91AA368934221EAE178DDDC0029DE
:100E8000DDDC0020BDE8F88FE168DAF80030CB1A2D
:100E9000002BD8BF114693DCABE700BF2DE9F0472C
:100EA0000C4684B09046227E0C990746994604F180
:100EB0004300002A33D0A2F15803DDB2202D67D8B9
:100EC000202B65D8DFE813F0DE00640064006400C6
:100ED0006400640064006400640064006400A300B3
:100EE0006E0064006400640064006E0064006400CE
:100EF0006400640021007F00C00064006400AE0054
:100F000064007F0064006400E50023681A0640F175
:100F100004810B6862691D1D0D601B681A60002347
:100F200082462361CDF80090434603AA2146384605
:100F3000FFF71EFF013020D0236952464146384654
:100F4000C847013019D02368E068039E9B0719D574
:100F5000831B002B16DD04F1190A002504E0E0686C
:100F6000039E831BAB420DDD0123524641463846AA
:100F7000C847013005F10105F1D14FF0FF3004B051
:100F8000BDE8F087B042B8BF304604B0BDE8F08796
:100F9000012384F84220236104F1420A002384F8EB
:100FA0004330BFE723681A0602D45E0600F1C18011
:100FB0000D682A6804350D601546002A6BDBDFF8E2
:100FC00084C10A2610E023681D0640F19C800B684E
:100FD0001D1D0D601D68DFF86CC16F2A0CBF08264F
:100FE0000A26002384F843306268A260002A7FDB6F
:100FF000236823F004032360002D5BD1002A79D1FC
:101000008246082E65D0A0EB0A0020618AE70B68B3
:101010000122186804330B6004F1420A84F842008C
:101020002261BBE70B686268181D0860D3F800A056
:101030000021504600F0F4FC002800F08180A0EB75
:101040000A0060602061A9E7236843F02003236061
:101050007822DFF8F4C084F845200A68151D0D6079
:101060001D0643D4590641D51588DE0744BF43F019
:1010700020032360002D44D1236823F02003236044
:101080001026AEE7582384F84530DFF8B8C023684F
:10109000E3E72368DCE76268A2602D21002AC5F13E
:1010A000000584F8431002DB23F004032360DFF81B
:1010B00094C00A268246B5FBF6F306FB13512A4676
:1010C0001CF801100AF8011DB2421D46F3D2082E89
:1010D00099D12368D90796D5626823699A4292DC30
:1010E00030230AF8013C0AF1FF3A8CE71568BCE7A7
:1010F000002DDFD19CF8003084F8423004F1420A20
:101100007FE710266DE713F0400F0B6803F104052D
:101110000D600CBF1D681D885DE713F0400F0B6864
:10112000626903F104050D601B6814BF1A801A6020
:10113000F5E60A68B2F9005004320A602A463CE734
:1011400060687FE74C3D0208603D020810B50C4620
:10115000B1F90E1000F058FD002803DB636D034465
:10116000636510BDA38923F48053A38110BD00BF24
:10117000002070472DE9F0410C46B1F90C101F46D4
:10118000CB05054616460BD421F48051A1813B4680
:10119000B4F90E1032462846BDE8F04100F082B89E
:1011A000B4F90E100223002200F092FBB4F90C10E7
:1011B000EAE700BF10B50C46B1F90E1000F088FB4D
:1011C000A389421C0EBF23F4805343F4805360650F
:1011D000A38110BDB1F90E1000F0FCB8F8B50D46B2
:1011E0001446064608B1836943B3254B9C422AD076
:1011F000244B9C4229D0244B9C4208BFF468A3890D
:10120000A269A2601A0722D5236903B32268616923
:10121000D31AEDB299422F4629DD0133A168013975
:10122000A160511C2160157062699A4216D0A38991
:10123000DB0701D50A2D11D03846F8BDFFF79CFB1E
:101240000F4B9C42D4D17468D9E7B468D7E72146E4
:10125000304600F03DF838B92369D7E721463046DB
:1012600000F054F90028E7D04FF0FF37E4E72146BB
:10127000304600F04BF90028F6D122680123CDE773
:101280006C2F02084C2F02082C2F020810B4044CBB
:1012900003460A4620685DF8044B1946FFF79EBFD7
:1012A0000000002038B50C46084D84461146204603
:1012B0001A4600232B6064461AF0E4FD431C00D05C
:1012C00038BD2B68002BFBD0236038BD0005002003
:1012D0003C4B70B51D6806460C460DB1AB69E3B1D9
:1012E000394B9C421FD0394B9C424DD0384B9C42CD
:1012F00008BFEC68B4F90C3018079AB219D5216907
:1013000011B312F001002FD00020A06060694042AC
:10131000A06100292ED0002070BD2846FFF72CFBCD
:10132000294B9C42DFD16C68B4F90C3018079AB293
:10133000E5D4D1063ED5520728D4216943F00803ED
:10134000A3819AB20029DCD102F42070B0F5007FAD
:10135000D7D02146304600F0D1FAB4F90C302169DB
:101360009AB212F00100CFD1950758BF6069A06012
:101370000029D0D1120658BF0846CDD543F040030E
:10138000A3814FF0FF3070BDAC68B3E7616B51B122
:1013900004F14402914204D03046FFF78FF8B4F9CB
:1013A0000C300022626321690022C4E9001223F09C
:1013B0002403C3E7092243F0400332604FF0FF30BB
:1013C000A38170BD000000206C2F02084C2F020882
:1013D0002C2F020838B5074D0022044608462A6023
:1013E0001AF05EFD431C00D038BD2B68002BFBD0EB
:1013F000236038BD000500208B891A072DE9F041D4
:101400000C4680463FD44A68002A58DDE66A002E22
:1014100052D00022D8F80050C8F8002013F48052AF
:1014200051D10123216A4046B047431C5ED0A389B5
:10143000E66A5F0705D56368C01A636B0BB1236C5E
:10144000C01A216A024600234046B047411C3CD1E5
:10145000D8F80030002B38D01D2B01D0162B4DD1E1
:1014600023690022C4E90032616BC8F8005019B347
:1014700004F14403994202D04046FFF71FF80020D0
:101480006063BDE8F0810E69B6B10D680E609A0721
:101490000CBF4B690023AD1B8B600BE02B46324623
:1014A000216AA76A4046B847B0F1000CA5EB0C05CD
:1014B000664413DD002DF1DC0020BDE8F0810A6CEC
:1014C000002AA3DCF8E7606DB3E7002363602369BB
:1014D0002360A389DB04C7D56065C5E7A38943F012
:1014E00040034FF0FF30A381BDE8F081D8F8003011
:1014F000002B9CD01D2B06D0162B04D0A38943F0C3
:101500004003A381D9E7C8F80050D5E738B50B6987
:10151000BBB10D46044608B18369B3B10D4B9D4282
:1015200011D00D4B9D4213D00C4B9D4208BFE56876
:10153000B5F90C302BB129462046BDE83840FFF7FD
:101540005BBF002038BD6568F2E7FFF715FAE5E7F5
:10155000A568EDE76C2F02084C2F02082C2F02081B
:1015600038B540B303690446E3B1174B1D680DB1AC
:10157000AB69CBB1154B9C420FD0154B9C4221D08F
:10158000144B9C4208BFEC68B4F90C3053B12146AF
:101590002846BDE83840FFF72FBF6C68B4F90C301F
:1015A000002BF4D1002038BD2846FFF7E5F9074BA2
:1015B0009C42E2D1F1E7084B08491868BDE8384081
:1015C000FFF71ABAAC68DFE7000000206C2F0208B2
:1015D0004C2F02082C2F0208282F02080D15000896
:1015E0009368002B00F085802DE9F04FB1F90C30A5
:1015F0000C461907804683B0174698B225D5236953
:101600001BB310F002033D682DD04FF0000ADFF845
:10161000BCB25646B9465E453346524628BF5B4685
:101620004046002E52D0216AA76AB847002856DDEE
:10163000D9F808301B1A8244361AC9F80830002B32
:10164000E9D1002003B0BDE8F08F21464046FFF706
:101650003FFE002840F03681B4F90C303D6898B266
:1016600010F00203D1D110F0010944D14E46009789
:1016700046B38205D4F808B040F18380B3455A469A
:1016800000F2B28010F4906F40F0BF8020680192A9
:10169000494600F015FAA368019AA3EB0B012368F1
:1016A000A1601344B24623600026009B9868A0EB1B
:1016B0000A00D14498600028C3D0B4F90C0080B26D
:1016C000002ED6D1D5E900960835D1E7D5E900A698
:1016D0000835A0E721464046FFF718FF80B3B4F96C
:1016E0000C3043F040034FF0FF30A38103B0BDE85E
:1016F000F08F002070471E46AA46994618461D46A0
:10170000009756B388B34A46D4E904132068B2421E
:1017100028BF3246884205D9A16803EB010B5A4520
:1017200000F3A680934263DC216AA76A2A464046FA
:10173000B847B0F1000BD2DDB9EB0B09CAD00120DC
:10174000009A9368A3EB0B035D44A6EB0B06936032
:10175000002B3FF476AF002ED4D10AF1080353E9F1
:1017600002569A460833002EF9D032460A212846FE
:1017700000F056F9002800F09C800130A0EB05092C
:10178000C1E720682369984216D86369B34213D829
:101790006FF00042B24228BF3246216A92FBF3F258
:1017A000A76A02FB03F340464A46B847B0F1000A75
:1017B00095DDA6EB0A0678E7B345DA4628BFB246C0
:1017C0005246494600F07CF9A3682268A3EB0A035D
:1017D0005244A3602260002BEBD121464046FFF724
:1017E00095FE0028E5D07AE72068B34632464EE7FA
:1017F0002946019200F064F9019AA3689B1AA3603C
:10180000236813442360934696E723682169A3EB7A
:10181000010B636903EB430A0AEBDA7A0BF101036C
:101820004FEA6A0A33445345524684BF9A465246A9
:1018300043052CD511464046FEF7A2FE00283BD0BA
:101840005A4621690190FEF74DFDA289019B22F4C1
:10185000906242F08002A28103EB0B002361AAEBAD
:101860000B03C4F814A0A3602060B34632460EE711
:1018700029465A4600F024F923685B442360214638
:101880004046FFF743FE00283FF456AF27E74046A7
:1018900000F092F903460028DED121694046FEF7A8
:1018A0000DFEB4F90C300C2223F08003C8F80020A0
:1018B00017E7721C914627E70C22B4F90C30C8F8E0
:1018C00000200EE74FF0FF30BCE600BF00FCFF7FBA
:1018D00038B50C46084D8446114620461A4600236A
:1018E0002B6064461AF0E6FA431C00D038BD2B6822
:1018F000002BFBD0236038BD00050020F0B58B899C
:101900000C46990797B007D504F147030122C4E9B3
:101910000432236017B0F0BDB4F90E10002905465B
:101920002DDB6A4600F086F9002827DB019E06F4CD
:1019300070464FF48067A6F50056B6FA86F639462B
:1019400028467609FEF71CFE30B3A3891A4AAA621C
:1019500043F08003C4E90407A3812060002ED9D09E
:10196000B4F90E10284600F07BF90028D2D0A389E4
:1019700023F0030343F00103A381CBE7A38913F012
:10198000800F14BF40274FF4806739462846002651
:10199000FEF7F6FD0028D8D1B4F90C309A05B9D479
:1019A00023F0030304F1470243F002030121C4E9D9
:1019B0000421A3812260ADE78507000870B50C46BD
:1019C000B1F90E10002996B016461D4613DB6A4683
:1019D00000F030F900280EDB019901F47041A1F507
:1019E0000051B1FA81F14FF4806349090020296068
:1019F000336016B070BDB4F90C3000221B062A60AB
:101A000004D540230020336016B070BD4FF48063CE
:101A10000020336016B070BD000000000000000020
:101A200001F0FF01102A2BDB10F0070F08D010F88F
:101A3000013B013A8B422DD010F0070F42B3F6D193
:101A4000F0B441EA012141EA014122F007047FF0AC
:101A500000070023F0E80256083C85EA010586EA03
:101A6000010685FA47F5A3FA87F586FA47F6A5FA3F
:101A700087F68EB9EED1F0BC01F0FF0102F007024B
:101A800032B110F8013B013A83EA010313B1F8D1F6
:101A90000020704701387047002D06BF35460338D7
:101AA000073815F0010F07D1013015F4807F02BF10
:101AB000013015F4C03F0130F0BC0138704700BF61
:101AC00088420DD98B1883420AD900EB020CBAB1B7
:101AD000624613F801CD02F801CD9942F9D1704761
:101AE0000F2A0ED8034602F1FF3C4AB10CF1010C5B
:101AF000013B8C4411F8012B03F8012F6145F9D10A
:101B0000704740EA01039B0750D1A2F1100370B562
:101B100001F1200C23F00F0501F1100E00F110046B
:101B2000AC441B095EF8105C44F8105C5EF80C5C79
:101B300044F80C5C5EF8085C44F8085C5EF8045CF1
:101B400044F8045C0EF1100EE64504F11004E9D1EE
:101B5000013312F00C0F01EB031102F00F0400EB44
:101B6000031327D0043C24F003064FEA940C1E44D0
:101B70001C1F8E465EF8045B44F8045FB442F9D142
:101B80000CF1010402F0030203EB840301EB840176
:101B900002F1FF3C4AB10CF1010C013B8C4411F8FD
:101BA000012B03F8012F6145F9D170BD02F1FF3C13
:101BB00003469BE72246EBE7F8B51446F9B1CAB1F4
:101BC00006460D4600F05EF8A04202D32F46384686
:101BD000F8BD21463046FEF7D3FC07460028F6D074
:101BE00022462946FEF77EFB30462946FEF766FC74
:101BF0003846F8BD2746FEF761FC3846F8BDBDE81B
:101C0000F8401146FEF7BCBC38B50C46084D84467A
:101C1000114620461A4600232B6064461AF022F92A
:101C2000431C00D038BD2B68002BFBD0236038BD8F
:101C30000005002070B50C46084D034600262046DE
:101C400011461C462E601AF02EF9431C00D070BDC0
:101C50002B68002BFBD0236070BD00BF0005002067
:101C600038B5074D0022044608462A601AF020F9CC
:101C7000431C00D038BD2B68002BFBD0236038BD3F
:101C80000005002051F8040C0028A0F10400BCBF9E
:101C90000B58C018704700BF014B1868704700BF51
:101CA000902F02082DE9F04788B0109D002D69D0D3
:101CB00005F15009044648460E4690461F4602F07C
:101CC0006BF900285ED0002C5CD0D4F800A0BAF1EB
:101CD000000F04D06427384608B0BDE8F0873046CE
:101CE00005F00EF9002852D0B8F1000F4AD0002FAD
:101CF00048D0CDE903AA07AA059205F1580393E855
:101D000007008DE80700CDF81CA0394699E80C00C3
:101D1000304605F0C9F9074600284FD12B6D296ED2
:101D2000C8209847206000284ED0304605F02EF994
:101D300005F164030093079A27682B46414602F099
:101D4000CFFA2368C7F8C400D3F8C40070B303F116
:101D5000700102F0A7FB23680746D0B995F8482028
:101D600083F8B820294670221846FEF7BBFA32687D
:101D7000C0F8C02007986B6D296E9847384608B0A8
:101D8000BDE8F0870B27384608B0BDE8F087C827C4
:101D9000A1E78BB1D3F8C42042B1304605F0F6F884
:101DA0002368D3F8C41002F091FB23686A6D296E92
:101DB00018469047002323600127DBE76728D9D026
:101DC000692803D00A28F7D10A27D3E76727D1E784
:101DD00070B500B3044608460D4605F089F8F0B129
:101DE0002368ABB128465E6D1D6E05F0CFF8C8B113
:101DF0002368D3F8C41002F069FB03462946206823
:101E00001D1E18BF0125B04700232360284670BD62
:101E10001D46284670BD4FF49675284670BDC825EE
:101E2000284670BD0B25F1E770B5144D144988B0F4
:101E3000044650222846FEF755FA02A802F09EF802
:101E40000DF1080CBCE80F0005F1500EAEE80F00D4
:101E50006E46DCF80030CEF80030304602F09EF9D5
:101E600096E8030005F1640383E803007022294625
:101E70002046FEF737FA204608B070BD080500205E
:101E8000982F0208E0B1036870B50446ABB116465E
:101E9000D3F8C4208AB1D3F8C0000D4604F0A8FBE3
:101EA00058B12368D3F8C40038B13246294602F04D
:101EB00009FBBDE8704004F067BB4FF4967070BD3D
:101EC0004FF49670704700BFE8B138B50368044618
:101ED000A3B1D3F8C4208AB1D3F8C0000D4604F0F2
:101EE00087FB58B12368D3F8C40038B14DB12946F7
:101EF00002F0EAFABDE8384004F046BB4FF49670B1
:101F000038BD0B2038BD4FF496707047F8B10368A8
:101F100070B50446B3B11646D3F8C42092B1D3F8D5
:101F2000C0000D4604F064FB60B12368D3F8C40020
:101F300040B155B13246294602F064F9003818BF65
:101F4000012070BD4FF4967070BD0B2070BD4FF432
:101F50009670704700B3036870B50446BBB116466F
:101F6000D3F8C4209AB1D3F8C0000D4604F040FB6A
:101F700068B12368D3F8C40048B15DB13246294640
:101F800002F0A0F910B10A2818BF012070BD4FF46B
:101F9000967070BD0B2070BD4FF49670704700BFF7
:101FA000F8B1036870B50446B3B11646D3F8C4203F
:101FB00092B1D3F8C0000D4604F01AFB60B123685B
:101FC000D3F8C40040B155B13246294602F07CF93D
:101FD000003818BF012070BD4FF4967070BD0B2003
:101FE00070BD4FF496707047C0B1036810B50446D9
:101FF0008BB1D3F8C42072B1D3F8C00004F0F8FA62
:1020000048B12368D3F8C40028B102F049FA003877
:1020100018BF012010BD4FF4967010BD4FF496709C
:10202000704700BF002855D070B51D46036886B0C4
:102030000446B3B31646D3F8C42092B3D3F8C00015
:1020400004F0D6FA68B32368D3F8C4404CB3012E29
:1020500075F1000329DB22A3D3E90023304629468A
:1020600012F08CF902460B46CDE9022330461CA340
:10207000D3E90023294612F081F9CDE9042306AB08
:1020800013E9030002AB0CCB8DE80300204602F0FD
:102090001DF940B1022806D0032818BF012006B060
:1020A00070BD4FF4967006B070BD56EA05030AD0B5
:1020B0000DA1D1E900010EA3D3E90023CDE902016E
:1020C000CDE90423DBE700220023CDE90223CDE99B
:1020D0000423D4E74FF49670704700BFAFF300803D
:1020E00000CA9A3B00000000047DC12502000000E8
:1020F000FFD7F2320000000028B1006818B1D0F814
:10210000C40000B18068704730B1006820B1D0F8D9
:10211000C430002B08BF0020704700BF18B1006812
:1021200008B1D0F8C400704740B1006830B1D0F8B1
:10213000C43013B1D0F8C00070471846704700BFD4
:10214000A0B1036810B5044673B1D3F8C4205AB1E6
:10215000D3F8C00004F04CFA30B12368D3F8C400BF
:10216000003818BF012010BD002010BD00207047AE
:1021700030B1006820B1D0F8C400003818BF012089
:10218000704700BF38B5C8B103680446B3B1D3F88F
:10219000C4209AB1D3F8C0000D4604F029FA68B102
:1021A0002368D3F8C40048B165B1294602F076F936
:1021B000034628B1BDE8384004F0E6B94FF4967301
:1021C000184638BD0B23184638BD00BF38B100682B
:1021D00028B1D0F8C4300BB1703070471846704742
:1021E00020B310B5036882B00446E3B1D3F8C4202D
:1021F000CAB1D3F8C00004F0FBF9A0B12368D3F84A
:10220000C43083B100230DF107008DF8073004F0CE
:10221000E3FE10B99DF807302BB92368D3F8C4301A
:10222000187D02B010BD002002B010BD0020704724
:1022300038B568B30B4641B34568C26805EB8211F7
:102240008B42044621D29D421FD8F2B1013A05EBE0
:102250008215AB42C26009D2DA432A4422F03F021F
:10226000403203F140011846FFF72AFCA1682846D6
:1022700001F098FB14340546204606F0A9FD28B16C
:102280002046BDE8384006F0A9BD0125284638BDE6
:102290000B25284638BD00BF002846D010B502786F
:1022A00084B003460A2A42D8DFE802F0121218145A
:1022B000140606061A2E16000A6A596B52F82120D7
:1022C0000020121A18BF012283F8392004B010BD73
:1022D0000A68F2E78A69F0E78A68EEE70A69ECE7DC
:1022E0005C68084604F1440204F1430104F142032E
:1022F000CDE90121009304F1400204F1410304F10E
:10230000100108F0C9F9E1E75C6804F1230204F167
:102310002203CDE90032084604F1210304F1200232
:1023200004F1100109F02AFDD0E70B2070470120CD
:10233000CCE700BFF0B59BB0002800F088800378A0
:1023400004460A2B00F26781DFE803F02D2D1544C7
:10235000441919195A061500406890F82030002BCE
:1023600040F0B28090F82230002B40F0E48090F8EA
:102370002130002B6FD1002528461BB0F0BD426BE9
:102380000B6A53F82230002BF5D0D0E9010204F19A
:10239000100105F04FF805460028ECD040F2592313
:1023A000984213D029E0426B0B6853F82230002B7F
:1023B000E1D0D0E9010100230AAA05F0D5FB0546CA
:1023C0000028D9D040F29113984216D1002384F806
:1023D0003930D1E7426B8B6953F82230002BCAD0D9
:1023E000D0E9010204F1100104F05EF8054600286E
:1023F000C1D040F2F5139842BED001F047FEBBE7D2
:10240000406890F84230002B7DD1C3691BB190F831
:102410004030002B44D190F84430002B40F0AC8089
:1024200090F84330002BA6D0C26A0AA9103007F0FA
:1024300085FE05460028E0D1DDE90E2360680AF03C
:1024400021FA002898D0012380F8233094E70B2547
:1024500028461BB0F0BD04AE0AAA1030314608F081
:1024600059FF05460028C8D160680AA90AF0BEF9DC
:102470000746002800F0BB8090F90800012109F010
:1024800031FE0328844640F0A7800FCE07F15804A0
:102490000FC496E8030084E8030087F808C06BE7E0
:1024A000816A103007F002FF05460028A5D1606858
:1024B000816A0AF09BF90346002800F0A3800122FC
:1024C000606883F82220A6E70AF04AF906466068A9
:1024D000002E3FF447AF7060F26906F1280110301A
:1024E00008F080FD0546002840F08E80F7690FCF88
:1024F0003572C6F80900C6F80D106068C6F81120DC
:10250000C6F815302EE704AA0AA9103007F09EFD80
:10251000054600287FF471AFDDE90E2360680AF0FC
:102520009FF930B19DF8103080F82130012280F8F9
:102530002020606869E704AA10300AA908F036FE76
:10254000054600287FF459AF606804A90AF04EF9E7
:10255000074660B10AAD00F140060FCD0FC695E801
:1025600003004FF0020C86E8030087F808C060689B
:10257000002380F82230FAE600F130020AA9103078
:1025800007F054FE054600287FF437AFDDE90E233F
:1025900060680AF089F906466068002E3FF440AF93
:1025A000836B0127B784002B3FF43AAF436B05EBF5
:1025B000450103EBC1010AF019F938B16068836B7A
:1025C00086F825700135AB42F0D829E76068836B47
:1025D0000135AB42EAD823E706AB0FCB8DE80F00FD
:1025E000032196E80C0060680AF022FAC4E606AB04
:1025F0000FCB8DE80F00022196E80C0060680AF00E
:1026000017FAB9E6606806E7606831460AF0D8F85C
:1026100001F03CFDB0E60125AEE600BFF0B5037861
:1026200087B004460A2B00F23681DFE803F05E43F0
:102630004F66A10606061E6C5900062B00F022818B
:10264000072B036B40F01881D0E90A128068984785
:1026500004F11001A26A606804F02CFF002833D056
:10266000059001F013FD05982EE0406890F8423087
:10267000002B00F086800026012704E009F0CCFF43
:1026800098B92F7260680AF021F90546002877D0C2
:102690006368E26A9B6995F8211085F82060984785
:1026A00095F821302846002BE8D1606829460AF0C9
:1026B00087F8E7E790F83950D0E90B13002D00F0C8
:1026C000C98080689847002007B0F0BD406806F0D8
:1026D0008FF940F22133984204D00028F4D0BFE7AC
:1026E000036B9847002007B0F0BD90F83950036B9A
:1026F00025B9284698472846E6E7036BA06898471F
:10270000002007B0F0BD406890F824303BBB90F843
:102710002030002B7BD040F63406012707E0284606
:102720000AF03CF9606829460AF04AF8606800211E
:102730000AF074F80546002866D06368E16A9B6970
:102740009847B0424FF00001E9D1012128460AF034
:1027500025F92F72EAE748680AF032F860680AF053
:1027600073F801460028F6D1606880F82410CEE79F
:10277000036B806804F110019847002007B0F0BD9A
:10278000606890F840308BB1C5682DB3002695F88D
:10279000223043B1C36985F8226023B1816AE26ABD
:1027A0002846984760682D68002DF0D190F8443095
:1027B00093B1C56885B1002695F824304BB1436AC2
:1027C00085F824602BB1284695F82510E26A9847D1
:1027D00060682D68002DEFD190F84330002B81D038
:1027E00000270BE06368E26AD96A1E6A85F82370E5
:1027F000B0476068294609F0E3FF60680AF07EF898
:1028000005460028EED16DE7606880F8205090F80A
:102810002130002B3FF466AFC568B5B1022601E058
:102820002D6895B195F90830032BF9D1C369E16A98
:1028300028469847034605F16002284685F825306A
:1028400063B10AF0C9F86068EAE7002380F8213034
:10285000184639E728469847284635E70FCA8DE8D5
:102860000F0005F15807D7E90023606801210AF03D
:10287000DFF82E726068D3E7816A8068984704F1B8
:102880001001E7E600F11001036B826A8068059190
:1028900098470599DEE6012016E700BF00283FD0E3
:1028A00000293ED0034690F838000022002837D097
:1028B00030B493F800C0BCF1080F1ED15C68256CE1
:1028C00035F07F4505D194F8440010B994F84300E1
:1028D00028B130BC704793F839000028F9D1013293
:1028E000914203F1400318D093F838000028F0D04B
:1028F00093F800C0BCF1080FE0D0BCF1090FEAD199
:102900005C68256A002DE4D194F824000028E0D109
:102910000132914203F14003E6D1002030BC704700
:1029200070470846704700BF10B503490446882227
:10293000FDF7D8FC204610BDE82F020800285FD024
:102940002DE9F0410C46B0B0002951D0054618469B
:1029500016461F4601F020FB002849D0002E47D024
:102960002B4988220EA8FDF7BDFC0EA98822284617
:10297000FDF7B8FC2C606846AE606C4606F014FAB1
:102980000FCC05F1140CD7F80080ACE80F000FCC89
:10299000ACE80F000FCCACE80F009FED1B7B236869
:1029A000CCF8003039692F6185ED1A7BB001C04742
:1029B000686038B3002400E0686800EB841031469A
:1029C000013400F0EFFFA642F6D105F1480000F017
:1029D000DFFF104A6B680020C5E91E2063B12B6938
:1029E00053B1AB6843B185F8800030B0BDE8F081E9
:1029F0000B2030B0BDE8F081184630B0BDE8F08162
:102A00000B2070470A20F4E700CA9A3B0000000040
:102A1000E82F02089D28000858B1416839B10169C2
:102A200029B1816819B1C0E91A230020704701203B
:102A300070470B20704700BF58B143683BB1036932
:102A40002BB183681BB180F88010002070470120F3
:102A500070470B20704700BF08B338B50446406884
:102A6000D8B12369CBB1A268BAB119695B6898473C
:102A7000002300200021C4E90201636004F1480042
:102A800004F1140500F084FF284606F0A1F940B9CE
:102A900009A3D3E90023C4E91A23002038BD00208C
:102AA0007047284606F09AF90028F1D001F0EEFAB6
:102AB000EEE700BFAFF3008000CA9A3B00000000C1
:102AC000F8B59DF818E038B331B32AB323B3044600
:102AD000D0E90250A84201D30120F8BD6668870101
:102AE00006EB801C0025F5550130CCF83030CCF8D1
:102AF0002C50012304F11405CCE901128CF801E0FB
:102B0000ACF83830E060284606F062F930B9A36CC2
:102B100001330020A364F8BD0B20F8BD284606F061
:102B20005DF90028F3D0F8BDF8B59DF81CE038B386
:102B300031B32AB323B30446D0E90205854201D359
:102B40000120F8BD6668AF0106EB851C0120F05539
:102B50000135CCF8303004F11406069B8CF83800AF
:102B6000CCE901128CF801E0CCF82C303046E5605D
:102B700006F02EF930B9A36C01330020A364F8BD30
:102B80000B20F8BD304606F029F90028F3D0F8BD37
:102B900000B3F9B138B5D0E902239342044601D31A
:102BA000012038BD406800EB83129D015160022175
:102BB000415301330020012104F11405D062118733
:102BC0002846E36006F004F930B9E36C01330020D5
:102BD000E36438BD0B207047284606F0FFF8002854
:102BE000F3D038BD48B341B33AB333B338B5044634
:102BF000D0E90250A84201D3012038BD656805EB39
:102C0000801C4FEA801ECCF830300323CCE901123F
:102C1000013025F80E300122002304F114058CF850
:102C20003820CCF82C30E060284606F0D1F830B9D6
:102C3000236D01330020236538BD0B2070472846E3
:102C400006F0CCF80028F3D038BD00BF48B341B33C
:102C50003AB333B338B50446D0E90250A84201D3A1
:102C6000012038BD656805EB801C4FEA801ECCF85A
:102C700030300423CCE90112013025F80E30012256
:102C8000002304F114058CF83820CCF82C30E060D7
:102C9000284606F09DF830B9236D013300202365E6
:102CA00038BD0B207047284606F098F80028F3D06E
:102CB00038BD00BF70B369B362B35BB338B50446C7
:102CC000049878B3D4E90250A84201D3012038BD5A
:102CD000656805EB801C4FEA801ECCF82830049B09
:102CE000CCF830300523CCE90112013025F80E3044
:102CF0000122002304F114058CF83820CCF82C3084
:102D0000E060284606F064F830B9636D01330020B6
:102D1000636538BD0B207047284606F05FF8002831
:102D2000F3D0D4E70B2038BD70B369B362B35BB3A3
:102D300038B50446049878B3D4E90250A84201D3C8
:102D4000012038BD656805EB801CCCE901124FEA13
:102D5000801E049ACCF830200722CCF8283025F8C1
:102D60000E200122431C8CF8382004F11405059A2A
:102D7000CCF82C202846E36006F02AF830B9636DC1
:102D800001330020636538BD0B207047284606F0EC
:102D900025F80028F3D0D4E70B2038BD70B369B311
:102DA00062B35BB338B50446049878B3D4E90250F3
:102DB000A84201D3012038BD656805EB801C4FEAAD
:102DC000801ECCF82830049BCCF830300623CCE9A8
:102DD0000112013025F80E300122002304F1140500
:102DE0008CF83820CCF82C30E060284605F0F0FF55
:102DF00030B9636D01330020636538BD0B20704727
:102E0000284605F0EBFF0028F3D0D4E70B2038BDAF
:102E100018B311B30AB370B50446D0E90203834274
:102E200001D3012070BD60689D015E1C00EB83131F
:102E30001A630A22596042530121002204F1140549
:102E400083F83810DA622846E66005F0C1FF30B931
:102E5000236E01330020236670BD0B207047284687
:102E600005F0BCFF0028F3D070BD00BF48B370B5BB
:102E70000E4621B34468C36804EB83139C420546A5
:102E800007D314E0EA686B68403403EB82139C427A
:102E90000DD2204600F0ACFD8642F3D121462846F3
:102EA000FFF7C6F910B9AB6C013BAB6470BD0024F1
:102EB00021462846FFF7BCF90028F4D0F6E70B209E
:102EC00070BD0B20704700BF48B370B50E4621B3EC
:102ED0004468C36804EB83139C42054607D314E09F
:102EE000EA686B68403403EB82139C420DD22046A3
:102EF00000F07EFD8642F3D121462846FFF798F97F
:102F000010B9EB6C013BEB6470BD002421462846F0
:102F1000FFF78EF90028F4D0F6E70B2070BD0B20E8
:102F2000704700BF48B370B50E4621B34468C3680C
:102F300004EB83139C42054607D314E0EA686B68F0
:102F4000403403EB82139C420DD2204600F050FD2A
:102F50008642F3D121462846FFF76AF910B92B6D56
:102F6000013B2B6570BD002421462846FFF760F920
:102F70000028F4D0F6E70B2070BD0B20704700BF8F
:102F800048B370B50E4621B34468C36804EB83139D
:102F90009C42054607D314E0EA686B68403403EBB3
:102FA00082139C420DD2204600F022FD8642F3D1CE
:102FB00021462846FFF73CF910B96B6D013B6B6564
:102FC00070BD002421462846FFF732F90028F4D0CE
:102FD000F6E70B2070BD0B20704700BF48B370B5FB
:102FE0000E4621B34468C36804EB83139C42054634
:102FF00007D314E0EA686B68403403EB82139C4209
:103000000DD2204600F0F4FC8642F3D1214628463A
:10301000FFF70EF910B92B6E013B2B6670BD002433
:1030200021462846FFF704F90028F4D0F6E70B20E4
:1030300070BD0B20704700BF002800F09780F0B5EE
:103040000C4689B0002900F08E801F46002B00F04E
:103050008A800F9B002B00F08680119B002B00F0D4
:103060008280109B1646054613B10E9B002B7AD02A
:10307000D5E902329A4273D22B696361C6EBC6006E
:103080001A681969000190472060002868D020461E
:10309000666009F075FB2B690E9A196906EB46000C
:1030A000C4E90A27C0001A689047A368E6630022B3
:1030B000C4E90D021BB15C601B68002BFBD1EB68FF
:1030C00068689E0100EB8312082787550F985460AB
:1030D000A0611098E06111982062129860621398C4
:1030E000D06200210120013305F1140682F8380076
:1030F00051703046216484F84410EB6005F068FE9E
:1031000020B1304605F06AFE00282AD1002107AA26
:1031100006ABCDE90032CDE90311CDE9051105ABD0
:1031200004AA079104F1100003A907F075FAA96C2D
:10313000039C2A6EEB6C2144A964059C04992344EA
:103140000A44069C296D2A662144EB64D5E91532B0
:103150002965079901320B44AA656B6509B0F0BD7A
:10316000012009B0F0BD0B2009B0F0BD0B20704765
:103170002DE9F04188B0DDF8388000287DD00E467A
:1031800000297AD01C46002B77D00F9B002B74D0DF
:10319000109B002B71D0B8F1000F6AD01746D0E910
:1031A0000221036973619142054662D2C7EBC700F1
:1031B0001A681969000190473060002859D077607B
:1031C000304609F0DDFAB2682AB1D461566012685F
:1031D0004444002AF9D1EB6868689C0100EB831233
:1031E000092707550F985660B0611098F061119843
:1031F000D06200210120013305F1140482F8380067
:103200005170204686F824103162EB6005F0E0FD35
:1032100020B1204605F0E2FD00282BD1002107AAAD
:1032200006ABCDE90032CDE90311CDE9051105ABBF
:1032300004AA079106F1100003A908F061FDA96C2A
:10324000039C2A6EEB6C2144A964059C04992344D9
:103250000A44069C296D2A662144EA6DEB642965BF
:103260006B6D079901320B44EA656B6508B0BDE8E8
:10327000F081012008B0BDE8F0810B2008B0BDE866
:10328000F08100BF58B10378082B09D0092B02D078
:1032900090F83900704743681A6A6AB10120704794
:1032A00043681A6C32F07F42F8D193F8440000284A
:1032B000F5D193F84300704793F82400704700BF9E
:1032C000002844D0F0B500F114059BB00446284610
:1032D00005F07EFD10B100201BB0F0BD284605F0C2
:1032E0007DFD002830D10CA805F05EFD0DF1300CFD
:1032F000BCE80F00AE462769AEE80F00BCE80F003F
:10330000AEE80F00BCE80F00AEE80F00DCF80030BC
:10331000CEF800300FCF04AE0FC63B682268336092
:10332000636E616DCDE90232D4E91332CDE900213B
:103330002846226EA16C06F067F80028CCD00B90CE
:1033400000F0A4FE0B98C7E700F0A0FECBE70B202F
:10335000704700BF2DE9F04F00F1140683B091468D
:1033600098460546FFF7ACFF304605F01BFE0746C2
:10337000002840F0ED80AB68044603B3696801EBB8
:10338000841CA2019CF83830CBB18B5C0A2B00F274
:10339000D880DFE803F09C9CA78C8C060606C9BD8C
:1033A000B200DCF804100CF13402304606F042F9A9
:1033B000002840F08680AB6801349C42DED343464F
:1033C0004A46304606F092F995F88030002B00F01E
:1033D000C780012B40F0B580AB68002B00F059810D
:1033E0000024A04640F291190AE0FEF755FF04467A
:1033F00010B1484540F0B280AB68984580F0268116
:103400006A6802EB8810314690F838C008F101086C
:10341000BCF1000FE9D119461046D5E91E32984794
:10342000002800F09B80AB68002B00F097804FF0E5
:10343000000840F2911909E0FEF77CFF044610B144
:10344000484540F08B80AB68984509D2686800EB2E
:103450008810314690F8382008F10108002AEBD195
:1034600000267BB97AE012F80C20082A00F0FD80D3
:10347000092A00F0EF8090F839208AB901369E427F
:1034800062D200246A6802EB86104FEA861C90F82C
:103490003810002962D041780029E4D00129EDD10B
:1034A000FFF7BCF8002840F0B680AB68E6E7DCF830
:1034B00004100CF13402304606F090F800283FF476
:1034C0007AAF019000F0E2FD019807463CE0DCF89D
:1034D00004100CF13402304605F038FD00283FF4AA
:1034E0006AAFEEE7DCF804100CF13402304606F067
:1034F00045F800283FF45FAFE3E7DCF804100CF177
:103500003402304606F00EF800283FF454AFD8E7F6
:10351000DCF804100CF134021031304608F09CFB4A
:1035200000283FF448AFCCE7DCF804100CF134027B
:1035300010310023304607F00BF800283FF43BAF72
:10354000BFE700F0A3FD0127384603B0BDE8F08FC8
:1035500000F09CFD384603B0BDE8F08F2746F3E746
:10356000AB68002B00F092800024A04640F2911935
:1035700008E0FEF791FE044608B14845EED1AB687D
:10358000984565D26A6802EB8810314690F838C0D9
:1035900008F10108BCF1000FEBD119461046D5E93E
:1035A0001E3298470028D9D0AB68002BD6D04FF0F8
:1035B000000840F2911940F2592A0EE013F80B303E
:1035C000082B33D0092B28D090F83930FBB9AB68E1
:1035D00008F101089845B7D20024686800EB88100C
:1035E0004FEA881B90F83830002BB7D03146FEF7F1
:1035F000A1FE18B1484501D050450CD16B6813EBC2
:103600000B0021D04278002AD8D0012ADFD1FFF761
:1036100005F80028DBD0074696E743681A6A002AB7
:10362000F5D193F82430002BD1D0F0E743681A6C21
:1036300032F07F42EBD193F84420002AE7D193F88F
:103640004330002BC3D0E2E70B277DE76A68E2E650
:103650006A68A2E74268116A00297FF421AF92F8F4
:103660002420002A3FF40AAF1AE74268116C31F0B7
:103670007F417FF415AF92F8441000297FF410AF1A
:1036800092F84320002A3FF4F9AE09E76A681C4625
:1036900083E76A681C46BEE688B170B504460068D8
:1036A00016461D4602F0A4FF28B132462B4620469E
:1036B000BDE870404EE600F0E9FC012070BD0B2033
:1036C000704700BFD0B110B5044682B0D4E91A23C8
:1036D0002068CDE9002302F08BFF0146DDE90023DD
:1036E000204631B1FFF736FE30F00203EED002B0D3
:1036F00010BD00F0CBFC012002B010BD0B207047C4
:103700002DE9F04383B000284ED015461F46D0E97E
:103710001C231343044636D02068D4E91A8902F0EA
:1037200067FF002839D04B4642462046FFF712FE7D
:1037300030F00203064619D1684600F0B5FC009A45
:10374000D4F870C00199636FAA1A67EB01010646AD
:1037500012EB0C0043EB0101012871F1000209DAC0
:1037600015EB0C0543EB0703C4E91C53304603B0CB
:10377000BDE8F08300230F4A10F000FE00F0F8FAD5
:10378000D4E91CC3ECE7703000F08EFC2068D4E96B
:103790001A8902F02DFF0028C5D100F077FC012620
:1037A000304603B0BDE8F0830B26304603B0BDE8D9
:1037B000F08300BF40420F002DE9F04F87B0039225
:1037C00000285DD09A46D0E91C53DFF8B880044643
:1037D00000F1700B4FF000092B4336D0D4E91A23C7
:1037E0002068CDE9002302F003FF0146DDE9002354
:1037F0002046002940D0FFF7ADFD064636F0020313
:1038000004A81ED100F050FC0499039ED4E91C5C6E
:10381000B6EB010E059906466AEB01011EEB0500A9
:103820004CEB0101012871F1000742464B4610DACA
:10383000039B5D194CEB0A0336F00202C4E91C53EA
:10384000CAD0304607B0BDE8F08F584600F02CFCD7
:10385000C4E710F093FD00F08BFA256F039B5D1910
:10386000636F25674AEB030336F002026367B3D048
:10387000304607B0BDE8F08F00F008FC0126E0E715
:103880000B26DEE740420F0018B1C0E91E120020EF
:1038900070470B20704700BF002832D0002931D07C
:1038A00030B40346002293F838403CB31878082817
:1038B00015D0092804D093F8390040B930BC7047BE
:1038C0005868056A1DB990F824000028F6D0013226
:1038D000914203F14003E6D1204630BC704758685E
:1038E000056C35F07F45F2D190F84450002DEED1B3
:1038F00090F843000028EAD130BC7047012030BC6A
:1039000070477047012070472DE9F041002838D0FA
:103910000F46002935D090460446002507E094F86C
:1039200039309BB90135AF4204F1400429D094F8F5
:10393000386036B32378082B11D0092BEFD1636898
:103940001A6A1AB993F82430002BEBD0204600F005
:103950004FF8B0B14045E5D13046BDE8F08163682D
:103960001A6C32F07F42F1D193F84420002AEDD155
:1039700093F84330002BE9D10135AF4204F1400404
:10398000D5D100263046BDE8F08100BF0120704748
:1039900030B108B520220021FCF73EFD002008BD13
:1039A0000B20704768B19FED087B00230B2280ED50
:1039B0000A7BC0E90133C0E90C3102800387184655
:1039C00070470B20704700BF00000000000000009F
:1039D00028B10023416380F83830184670470B2027
:1039E000704700BF00280CBF0B200020704700BFAD
:1039F00068B103780A2B09D8DFE803F0060606064B
:103A00000606060608080600406870470020704752
:103A10002DE9F04186B0B8B31C46ABB30F469046D3
:103A2000064602F06FFF04F10C03059093E80300D3
:103A30008DE8030005A894E80E0002F065FF054636
:103A4000E0B902AD284602F0B3FD95E80300334625
:103A500086E8030005AA4146384602F047FE0546BF
:103A6000B8B9B460224606F10C01032004F0EAFA6A
:103A7000054670B905A802F0ADFF08B100F006FBDD
:103A8000284606B0BDE8F0810B25284606B0BDE803
:103A9000F08100F0FBFA05A802F09CFF0028EFD0AF
:103AA000ECE700BF2DE9F04383B00A9E40B31D460A
:103AB00033B32EB3E946044648460F46904602F01B
:103AC00077FD99E803002A4684E80300234641462F
:103AD000384602F00BFE054660B9A660324604F196
:103AE0000C01032004F0AEFA054618B9284603B0CD
:103AF000BDE8F08300F0CAFA284603B0BDE8F083C1
:103B00000B25284603B0BDE8F08300BF38B520B3CD
:103B100004460C3004F00EFB054648B9204602F07E
:103B2000D3FE68B9204602F0CFFD88B9284638BDDB
:103B300000F0ACFA2046012502F0C6FE0028F1D0C4
:103B400000F0A4FA2046012502F0BEFD0028EDD0C9
:103B5000012500F09BFA284638BD0B25284638BDC4
:103B6000B8B32DE9F0430D46A1B029B316461AB3F8
:103B70001F460BB30DF110080446404603F03EF813
:103B800098E803000DF1180984E80300484603F0A3
:103B900043FA404603F032F8CDF8009098E803006D
:103BA0003B4684E8030032462946204603F030F8BD
:103BB00030B921B0BDE8F0830B2021B0BDE8F0831F
:103BC000039000F063FA00F061FA039821B0BDE8B9
:103BD000F0830B20704700BF58B32DE9F0420D462B
:103BE00086B0D9B11746CAB11E46BBB10C9BABB16A
:103BF0000DF110090446484603F000F80C9B0093B1
:103C000099E80300334684E803003A4629462046F3
:103C100002F0FEFF30B906B0BDE8F0820B2006B01E
:103C2000BDE8F082039000F031FA039806B0BDE8D9
:103C3000F0820B20704700BF68B32DE9F0410D46BC
:103C4000A0B021B3164612B31F4603B30446FEF7D5
:103C500023F80DF1100820604046FEF7E5F80F4903
:103C600050224046FCF73EFBCDF800803B463246F2
:103C700029462046FEF716F810B920B0BDE8F081BD
:103C8000039000F003FA039820B0BDE8F0810B2008
:103C900020B0BDE8F0810B20704700BF70300208F3
:103CA00068B32DE9F0410D46A0B021B3164612B31A
:103CB0001F4603B30446FDF7EFFF0DF11008206027
:103CC0004046FEF7B1F80F4950224046FCF70AFB88
:103CD000CDF800803B46324629462046FDF7E2FFFC
:103CE00010B920B0BDE8F081039000F0CFF903983F
:103CF00020B0BDE8F0810B2020B0BDE8F0810B20A2
:103D0000704700BFC03002082DE9F043A1B0DDF8D4
:103D1000A08010B30D4601B31646F2B11F46E3B1C1
:103D2000B8F1000F19D00446FDF7B6FF0DF11009E8
:103D300020604846FEF778F8414650224846FCF796
:103D4000D1FACDF800903B46324629462046FDF791
:103D5000A9FF30B921B0BDE8F0830B2021B0BDE848
:103D6000F083039000F092F9039821B0BDE8F0834E
:103D70004FF47A7303FB00F012F02EBB68B32DE909
:103D8000F0410D46A0B021B3164612B31F4603B34F
:103D9000044603F0CFFB0DF110082060404603F00D
:103DA000CBFC0F4950224046FCF79CFACDF800802E
:103DB0003B4632462946204603F0C2FB10B920B0EC
:103DC000BDE8F081039000F061F9039820B0BDE8F0
:103DD000F0810B2020B0BDE8F0810B20704700BFC0
:103DE0001031020868B32DE9F0410D46A0B021B3AF
:103DF000164612B31F4603B3044603F09BFB0DF1B6
:103E000010082060404603F097FC0F4950224046BE
:103E1000FCF768FACDF800803B463246294620463A
:103E200003F08EFB10B920B0BDE8F081039000F0E4
:103E30002DF9039820B0BDE8F0810B2020B0BDE83B
:103E4000F0810B20704700BF603102082DE9F0437C
:103E5000A1B0DDF8A08010B30D4601B31646F2B153
:103E60001F46E3B1B8F1000F19D0044603F062FB1E
:103E70000DF110092060484603F05EFC41465022D7
:103E80004846FCF72FFACDF800903B4632462946CB
:103E9000204603F055FB30B921B0BDE8F0830B207C
:103EA00021B0BDE8F083039000F0F0F8039821B052
:103EB000BDE8F08360B32DE9F0410E468AB019B336
:103EC00090461F46054604F0ADFCB46828600FCC50
:103ED0000DF10C0CACE80F002368CCF80030109BFF
:103EE0000293CDE900872846324606F10C0104F022
:103EF0009FFC10B90AB0BDE8F081099000F0C6F847
:103F000009980AB0BDE8F0810B200AB0BDE8F08145
:103F10000B20704710F004BC10F0A0BDFCF7DAB91C
:103F2000FCF7D0B910B5054C864684460FCCACE8FA
:103F30000F002368CCF80030704610BDB031020885
:103F4000A8B10268A2B14168A1B110B4C46864B15B
:103F5000806838B1084B1A600022C3E90342C3E904
:103F6000011001205DF8044B70472046FAE77047C6
:103F700010467047084670476400002010B5054C95
:103F8000864684460FCCACE80F002368CCF800309E
:103F9000704610BD6400002058B1036843B1436807
:103FA00033B1C36823B18068003818BF012070475F
:103FB0001846704770B51546A2B1146854B15468DC
:103FC00044B1D46834B1946824B112690646A0475C
:103FD000044608B1204670BD30466B682969984791
:103FE000204670BD1446204670BD00BF84B038B571
:103FF000114D04AC84E80F002C7824B1BDE83840A2
:10400000002004B0704704A8FFF7C6FF70B1012379
:1040100000200021C5E904012B7020462C812C765C
:104020006C76AC76BDE8384004B07047BDE83840E7
:104030000B2004B0704700BF7805002048B141B1A3
:10404000044B0021C3E90421012019815976197616
:104050009876704778050020014B987E704700BF26
:10406000780500200048704780050020054B9A7EA7
:104070002AB15A7E0AB901225A76187E7047024B3D
:1040800018787047780500208C3C0208054B002208
:1040900000200021C3E904011A815A761A769A7623
:1040A000704700BF7805002008B370B584B004469F
:1040B0006946012018F0DCF8DDE90035002D13DB3E
:1040C000029900290DDB0B4EA3FB06325B1806FBA1
:1040D00005224FF0000042EBE172C4E9003204B067
:1040E00070BD53EA0502EED1022004B070BD0B2072
:1040F000704700BF00CA9A3B08B370B584B004464D
:104100006946002018F0B4F8DDE90035002D13DB16
:10411000029900290DDB0B4EA3FB06325B1806FB50
:1041200005224FF0000042EBE172C4E9003204B016
:1041300070BD53EA0502EED1022004B070BD0B2021
:10414000704700BF00CA9A3B18B370B584B00446EC
:104150006946002018F08CF8002817DBDDE90035EF
:10416000002D13DB029900290DDB0B4EA3FB063259
:104170005B1806FB05224FF0000042EBE172C4E938
:10418000003204B070BD53EA0502EED1022004B043
:1041900070BD0B20704700BF00CA9A3B002202602E
:1041A0000271704770B4DDE9035662B15BB155B17D
:1041B0004EB1064C2070C4E90112C4E903356661B2
:1041C000002070BC70470B2070BC70479405002025
:1041D00070B4059CDDE903566AB163B15DB156B1B7
:1041E0004CB1646B2074C4E90512C4E907356662FA
:1041F000002070BC70470B2070BC7047C96F1BF06B
:104200009DB800BF002853D070B50D468EB0002970
:104210004BD00446006801F0DFF8002845D06668FE
:10422000002E42D0B469284623699847F369059067
:1042300013B105A898470598D6F880301B690090FF
:104240007269B16F03F5287006AB1BF089FED8B117
:10425000A36806A928469847336A04460BB106A806
:10426000984796F87A30012BD6F8803022D018691A
:10427000F16F00F528701BF061F82040C4B284F0A3
:104280000100C0B20EB070BDD6F880301869059B31
:1042900000930B4B019302967269B16F00F5287081
:1042A00006AB1BF08DFE0028D2D101200EB070BDF0
:1042B00001207047186900F528701AF07FFCDEE7CE
:1042C000FD410008032070470320704782B08DE84D
:1042D0000C00032002B07047032070470320704792
:1042E0002DE9F04F87B0002800F0CC800E46002961
:1042F00000F0C880044600681546984601F06CF846
:10430000002800F0BF80002D00F0BC802B78002B2F
:1043100000F0B880B8F1000F00F0B4805C48D4F829
:10432000049009F083FF002800F0AC808468C4F892
:1043300088400AF0D9F804F19C0AC4F88400C4F853
:104340008CA0284610F05CFF01303C2804F1840763
:1043500000F291804F4A2B463C21504610F0CEFC93
:104360004FF47A73E3674146C4F88090502204F119
:104370002800FBF7B7FF98F808304749022BD9F817
:1043800010300CBFD3F87C33D3F87833A367002305
:10439000C4E90733304601F02DF800286BD042689D
:1043A000A261002A67D02946434648460AF090FB9E
:1043B0006062002863D0D9F8103003F580530321E0
:1043C000B3F89805421CA3F898251AF097FAD4F888
:1043D0008020D9F810302061D3F884331069062585
:1043E000009519682269D9F8143000F528701AF080
:1043F000C3F80246D9F81000D0F88C33D0F88413F3
:1044000000F0DAFBB8B3D9F8103003F5805305217A
:10441000B3F89A05421CA3F89A251AF06FFAD4F85B
:10442000803060611E69D9F81030D4F824B00DF1E5
:10443000100A41465046D3F8848300F0D9FB039517
:104440009AE803000190ADF80810DBF810300093F3
:1044500006F52876D4E90432D8F8001030461AF070
:10446000EBF80246D9F81000D0F88C33D0F884135A
:1044700000F0A2FB38B9606A08B100F087FA38464C
:1044800000F02CFA0027384607B0BDE8F08F00BFD7
:10449000D0050020A83D0208743D020803207047A3
:1044A0000320704750B108B50B4649B1416850220E
:1044B00028311846FBF716FF002008BD0B20704777
:1044C0000B2008BD0320704703207047F8B528B1C2
:1044D000044600680D4600F07FFF10B90124204615
:1044E000F8BD6368002BF9D0002DF7D0286800F0E4
:1044F00073FF0028F2D06C68002CEFD0606AD4F80B
:1045000080700AF035FBD4F8803062691869D0F801
:10451000883300F52870196819F07AFFD4F88030D4
:1045200022691B69D3F888130446096803F52870CB
:1045300019F06EFF3E692246D6F89033D6F88813FC
:104540000446304600F038FB3E692246D6F89033E8
:10455000D6F888130446304600F02EFB2CB120B16B
:104560000024284600F0BAF9B9E70224F9E700BFB1
:10457000034B186810B1836893F84003704700BF7D
:10458000B0050020054B1B6823B1986800F5287022
:104590001AF0F8BA00200021704700BFB0050020D3
:1045A000054B1B6823B1986800F528701AF0FCBA17
:1045B00000200021704700BFB005002008B5074B60
:1045C0001B684BB10146986800F528701AF030FF5F
:1045D00080F00100C0B208BD012008BDB005002078
:1045E000E2B12DE9F041057B0646ADB9C823C0E92B
:1045F0000055836040F20113174683810C46A8469C
:1046000021463046013509F021FEAF42A46084F80E
:104610000C8004F1C804F3D1BDE8F081704700BFFD
:10462000E2B12DE9F041057B0646ADB9C823C0E9EA
:104630000055836040F20113174683810C46A8465B
:1046400021463046013509F001FEAF42A46084F8EE
:104650000C8004F1C804F3D1BDE8F081704700BFBD
:10466000E2B12DE9F041057B0646ADB9D823C0E99A
:104670000055836040F20113174683810C46A8461B
:1046800021463046013509F0E1FDAF42A46084F8CF
:104690000C8004F1D804F3D1BDE8F081704700BF6D
:1046A000E2B12DE9F041057B0646ADB9D823C0E95A
:1046B0000055836040F20113174683810C46A846DB
:1046C00021463046013509F0C1FDAF42A46084F8AF
:1046D0000C8004F1D804F3D1BDE8F081704700BF2D
:1046E000E2B12DE9F041057B0646ADB9A423C0E94E
:1046F0000055836040F20113174683810C46A8469B
:1047000021463046013509F0A1FDAF42A46084F88E
:104710000C8004F1A404F3D1BDE8F081704700BF20
:10472000EAB12DE9F843057B0646B5B9C0E9005565
:1047300041F2A85840F201131746C0F808800C4611
:104740008381A94621463046013509F07FFDAF42FD
:10475000A46084F80C904444F4D1BDE8F883704719
:10476000E2B12DE9F041057B0646ADB91C23C0E955
:104770000055836040F20113174683810C46A8461A
:1047800021463046013509F061FDAF42A46084F84E
:104790000C8004F11C04F3D1BDE8F081704700BF28
:1047A000EAB12DE9F041057B0646B5B94FF4046343
:1047B000C0E90055836040F20113174683810C461F
:1047C000A84621463046013509F040FDAF42A460BD
:1047D00084F80C8004F50464F3D1BDE8F0817047DF
:1047E000E2B12DE9F041057B0646ADB92C23C0E9C5
:1047F0000055836040F20113174683810C46A8469A
:1048000021463046013509F021FDAF42A46084F80D
:104810000C8004F12C04F3D1BDE8F081704700BF97
:10482000E2B12DE9F041057B0646ADB91C23C0E994
:104830000055836040F20113174683810C46A84659
:1048400021463046013509F001FDAF42A46084F8ED
:104850000C8004F11C04F3D1BDE8F081704700BF67
:10486000E2B12DE9F041057B0646ADB92023C0E950
:104870000055836040F20113174683810C46A84619
:1048800021463046013509F0E1FCAF42A46084F8CE
:104890000C8004F12004F3D1BDE8F081704700BF23
:1048A0000146014809F0D2BCB005002038B50446E5
:1048B000006828B1074B196810F0D6FA40B920609B
:1048C000616829B1002504480D6109F0BFFC6560ED
:1048D00038BD00BF303A0208C005002010B50446BC
:1048E000006828B1064B196810F0BEFA38B920608C
:1048F000616821B1034809F0A9FC0023636010BD81
:10490000303A0208D005002010B50446006828B1EE
:10491000064B196810F0A8FA38B92060616821B117
:10492000034809F093FC0023636010BD303A02088D
:10493000E005002010B50446006828B1064B196850
:1049400010F092FA38B92060616821B1034809F08B
:104950007DFC0023636010BD303A0208F0050020A2
:1049600010B50446006828B1064B196810F07CFAAF
:1049700038B92060616821B1034809F067FC002361
:10498000636010BD303A02080006002010B50446EE
:104990002146034809F05AFC0023A36110BD00BF63
:1049A00010060020084B1B6F5BB100219A685B6802
:1049B000D2F81428904208BF0131002BF6D10846E6
:1049C0007047194608467047B005002082B030B5E0
:1049D00025490D6F03AC84E80C001C46002D41D026
:1049E0002B4600219A685B68D2F81428904208BFD1
:1049F0000131002BF6D19DF80C30022B29D007D9BC
:104A0000032B05D00021BDE83040084602B07047B6
:104A100014B38C4220D8002DF4D000214FF0FF3C7D
:104A20006FF0004402E06D68002DECD0AB68D3F865
:104A300014289042F7D1D3F8182803F50263624591
:104A400053F8043C73EB040EEDDA94461C462946F9
:104A5000E9E70CB18C42D5D9BDE83040034802B03B
:104A600009F0E4BB2946C6E7B00500202006002077
:104A7000114B1B6F30B5E3B14FF0FF3E6FF0004CB0
:104A8000002401E05B6893B19A68D2F81418884258
:104A9000F8D1D2F81818D2F81C28714572EB0C0521
:104AA000F0DA1C465B688E469446002BECD120461B
:104AB00030BD1C46204630BDB00500202DE9F04F2A
:104AC0003B4B2DED068B1F6F8DB0FFF769FD002F5F
:104AD0005DD0B8469FED308BD8F8085095F8203857
:104AE000042B9FED2FAB9FED309B81468A4604AC93
:104AF0003FD0052B44D0032B3BD08DED048B8DEDA7
:104B000006AB8DED088B8DED0A8B08AB0FCB8DE8D6
:104B10000F0094E80F0009F06BF818B18DED049BBD
:104B20008DED068B94E80F00D5F81868D5F81C7841
:104B3000D8F804B009F0B0F8301847EB0101484547
:104B400071EB0A0305F5026505DB55E90223914582
:104B50007AEB030303DA1748414609F077FBBBF110
:104B6000000F14D0D846D8F8085095F82038042BF8
:104B7000BFD1D5F8143840330FCB84E80F00C0E71D
:104B8000D5F8143848330FCB84E80F00B9E70DB0DF
:104B9000BDEC068BBDE8F08F0000000000000000B7
:104BA00001000000000000001E00000000000000E6
:104BB000B00500202006002010B58C7886B0012CAE
:104BC000ADF80E200CD01946012300930DF10E0212
:104BD0000DF1170300F528701AF0D6FB06B010BDD2
:104BE00000F5287019F0EAFF204606B010BD00BF9E
:104BF0004A7A91F808C0022A18BF002202700A7887
:104C000089888180ACF1020CA2F10202BCFA8CFC12
:104C1000B2FA82F24FEA5C1C520980F801C082703D
:104C2000704700BF10B51C4610460B46054A21468A
:104C300010F064F8002800DB10BD8442D8BF0020CB
:104C400010BD00BFC4310208F0B5144D83B01C463E
:104C5000CDE900052B1F064617460846104A214697
:104C600010F04CF805F1080301460C3501950C4A8B
:104C700000960D463846214610F040F8002D01DB25
:104C8000AC4202DC002003B0F0BD0028FADB844215
:104C9000D4BF0020012003B0F0BD00BF0C320208D9
:104CA000A43D02082DE9F047054686B080680C4611
:104CB00017461E468047EB6880469847D8F8042080
:104CC000D0F80490002323701368002B42D0DFF843
:104CD000988041462046224C05945268DFF890A007
:104CE00004920091CDE902481E4ACDF804A0314655
:104CF00010F004F800281FDB00233B70D9F80030C7
:104D0000B042ACBF00250125EBB1174A0594D9F894
:104D100004100092CDE90381CDE901A4114A38467F
:104D200031460FF0EBFF002810DBB042B4BF28463D
:104D3000002006B0BDE8F08700233B70D9F80030B2
:104D40000025002BE1D1094B1A46DFE7002006B011
:104D5000BDE8F087054BDFF810801946BAE700BFC1
:104D6000AC3D02089C3D0208983D0208603E0208E6
:104D7000B03D02082DE9F04F1C46AFB09B68DFF84C
:104D8000349190460D46074698470646E368984793
:104D90000023726889F800301368D0F804B0002B43
:104DA0007ED0414E3146414C05945268DFF828A12F
:104DB00004920091CDE902463D4A3E48CDF804A058
:104DC00064210FF09BFF002389F86430DBF800308A
:104DD000002B62D0344A0594DBF804103648009268
:104DE000CDE90361CDE901A4314A64210FF086FFCA
:104DF000389B93F8482000238DF86C308DF82430D0
:104E00001BAC002A36D12D4E2D4A00950196331F3A
:104E1000492120460FF072FF482803D900202FB007
:104E2000BDE8F08F06F10C030DF1240A0193244A2A
:104E3000009506F10803472150460FF05FFF462812
:104E4000ECD81D4B0393CDE9044A1E4B1E4C1F4A60
:104E50000097B8F1000F08BF2346CDE90159DDE9FD
:104E6000390106930FF04AFF0028D8DA3A9B8342B3
:104E7000D4DDD4E7164A2B46492120460FF03EFFE9
:104E80004828CBD80DF1240A114A2B464721504619
:104E90000FF034FF4828D4D9C0E70E4B1A469AE7E2
:104EA0000C4B014E19467EE7983D0208AC3D0208C6
:104EB0009C3D02086C4F0020D04F00200C320208AD
:104EC000A43D0208B43D0208C03D02082032020899
:104ED000A83D0208603E0208B03D020800230B70A6
:104EE0000120704700230B700120704710B5034666
:104EF00082B080781B88009014460846054A2146F7
:104F00000FF0FCFE002802DA8442D8BF002002B075
:104F100010BD00BFD032020830B500230B7003680B
:104F200087B01446D3B10F4A1546039200954268E4
:104F30000D48019008460D490492059102910C4AD2
:104F400021460FF0DBFE002805DB8442D4BF0020A1
:104F5000012007B030BD002007B030BD054B014A2D
:104F60001D46E2E7983D0208B03D0208AC3D02084C
:104F70009C3D0208603E020810B582B014460090C5
:104F8000084B094A084621460FF0B8FE002805DB09
:104F90008442D4BF0020012002B010BD002002B026
:104FA00010BD00BFD8320208C83D0208F0B597B066
:104FB00007460E4615461C4610F022F93C2802D939
:104FC000002017B0F0BD234B002283F8C8203368BF
:104FD000002B3AD0204A11460091039272681F4973
:104FE00004921F4A0192059102911E4A1E486421B3
:104FF0000FF084FE6328E3D895F84830C3B906ADB6
:105000001A4B1B4A0097402128460FF077FE0028D4
:1050100017DB154B0093174A1C992B4620460FF0BF
:105020006DFE0028CDDA1C9B8342D8BF0020C8E764
:1050300006AD114A3B46402128460FF05FFE00288E
:10504000E7DA1C9B8342E4DCBAE70C4B024A1946C0
:10505000C2E700BF6C4F0020983D0208AC3D02083B
:10506000B03D02089C3D020834500020D8320208AE
:10507000C83D0208DC320208A83D0208603E020872
:10508000F0B52B4F1C46002387F82C31136897B0DE
:1050900006460D46002B46D026490846039100904F
:1050A000526825490492254A019205910291244AA9
:1050B000244864210FF022FE632831D894F8483048
:1050C00000228DF81820FBB906AF1F4B1F4A009530
:1050D000402138460FF012FE00281EDB0097217A8F
:1050E0001B4A1C4B17480190022918BF1346DDE9E3
:1050F0001C0132460FF002FE002812DA1D9B984276
:10510000A8BF002017B0F0BD06AF134A2B464021C0
:1051100038460FF0F3FD0028E0DA1D9B9842DDDBF6
:10512000002017B0F0BD0D4B02491846B6E700BF8E
:105130006C4F0020983D0208AC3D0208B03D0208CB
:105140009C3D020898500020D8320208C83D020851
:10515000DC3D0208D03D0208A83D0208603E02087E
:10516000F0B52B4F1E46002387F82C310B6897B003
:1051700005461446002B46D0264A1046009003925E
:105180004A6804922449254A019205910291244AD1
:10519000244864210FF0B2FD632831D894F84830D8
:1051A00000228DF81820FBB906AF1F4B1F4A00954F
:1051B000402138460FF0A2FD00281EDB0097207A20
:1051C0001B491C4B174A0192022818BF0B461A4A6A
:1051D0001C9930460FF092FD002812DA1C9B984271
:1051E000A8BF002017B0F0BD06AF144A2B464021DF
:1051F00038460FF083FD0028E0DA1C9B9842DDDB87
:10520000002017B0F0BD0E4B024A1846B6E700BFAB
:105210006C4F0020983D0208AC3D0208B03D0208EA
:105220009C3D020898500020D8320208C83D020870
:10523000DC3D0208D03D020820330208A83D0208E8
:10524000603E0208F0B52B4F1E46002387F82C3134
:105250000B6897B005461446002B46D0264A1046E8
:10526000009003924A6804922449254A01920591CC
:105270000291244A244864210FF040FD632831D86C
:1052800094F8483000228DF81820FBB906AF1F4B68
:105290001F4A0095402138460FF030FD00281EDBE4
:1052A0000097207A1B491C4B174A0192022818BF0D
:1052B0000B461A4A1C9930460FF020FD002812DADE
:1052C0001C9B9842A8BF002017B0F0BD06AF144A3F
:1052D0002B46402138460FF011FD0028E0DA1C9BD8
:1052E0009842DDDB002017B0F0BD0E4B024A184695
:1052F000B6E700BF6C4F0020983D0208AC3D0208A5
:10530000B03D02089C3D020898500020D8320208A7
:10531000C83D0208DC3D0208D03D020838340208CE
:10532000A83D0208603E0208132910B511D90B4CA4
:1053300084460FCCCCF800002068CCF810004FF069
:10534000010ECCF80410CCF80820CCF80C307046D4
:1053500010BD4FF0000E704610BD00BFE83D0208C2
:1053600010B5034614460846064A013321460FF09D
:10537000C5FC002804DD8442D4BF0020012010BDFC
:10538000002010BDFC3D020810B503461446084637
:10539000064A013321460FF0B1FC002804DD8442A7
:1053A000D4BF0020012010BD002010BD043E020823
:1053B00010B5034614460846064A013321460FF04D
:1053C0009DFC002804DD8442D4BF0020012010BDD4
:1053D000002010BD0C3E020810B5044640B109F093
:1053E00083F8014620460FF03FFDB0FA80F04009F7
:1053F00010BD00BF8368184710B5044600680FF061
:1054000033FD00280CBF2046002010BD10B5044617
:1054100086B070B101A8FEF7B1FD019B059901208E
:105420009847206028B1002101220170C4E90112CF
:10543000104606B010BD00BF20B310B5036886B09B
:10544000044673B18368F3B101A8FEF797FD029B90
:105450000599206898470023C4E90033A36006B08B
:1054600010BD4368DBB98368002BF8D0124B13489A
:105470001B685122DB6801210FF0C0F94FF0FF30AB
:10548000FAF7E8FE70470C4B0D481B684C22DB68AE
:1054900001210FF0B3F94FF0FF30FAF7DBFE064BB6
:1054A00008481B684E22DB6801210FF0A7F94FF076
:1054B000FF30FAF7CFFE00BF00000020B43E020824
:1054C000143E0208643E020878B179B108B542681A
:1054D0004B689A4201D0002008BD096800680FF0AF
:1054E000FFF9B0FA80F0400908BD704708467047E0
:1054F0002DE9F041054686B0F0B10C46E1B1531CF0
:10550000164619D002F1010801A8FEF737FD039BEA
:10551000059A286841469847074668B121463246B1
:10552000FAF7E0FE00230120BB55C5E90076C5F877
:10553000088006B0BDE8F081002006B0BDE8F0812B
:105540002DE9F0410C4686B0F9B10546D0B10846C8
:105550000FF056FE064606F1010801A8FEF70EFD03
:10556000039B059A286841469847074650B1214653
:105570003246FAF7B7FE0023BB55C5E90076012095
:10558000C5F8088006B0BDE8F081084606B0BDE861
:10559000F08100BF38B32DE9F0410C4686B0F1B17F
:1055A0000768E7B145686B1C19D001A805F101082F
:1055B000FEF7E4FC039B059A20684146984706469F
:1055C00068B139462A46FAF78DFE0023012073554B
:1055D000C4E90065C4F8088006B0BDE8F081002089
:1055E00006B0BDE8F08170472DE9F04F80468BB0E2
:1055F00038B18A4641B90E46C8E9006AC8F808A021
:1056000001200BB0BDE8F08F6846FEF7B7FCDDE97E
:1056100003370C213A4650469847064640B30024CB
:1056200005464FF00109A34607E001340C35A245B9
:1056300080F800B045E902B9DED005A8FEF79EFC6F
:10564000059B09990120984728600028EDD15CB19D
:1056500004EB440406EB84040C3C2046FFF7ECFE0C
:10566000A642A4F10C04F8D1019B39463046984774
:1056700000200BB0BDE8F08F002844D0F0B50368DF
:1056800087B00646002B3CD0816800292ED000242C
:10569000274611E0AB68002B36D001A8FEF76EFC60
:1056A0000599029B28689847B168AF60C5E9007703
:1056B00001348C421AD2336804EB440213EB8205A6
:1056C000F6D053F82230002BE4D16B6843BBAB68B3
:1056D000002BEDD0184B19481B685122DB680121C3
:1056E0000FF08CF84FF0FF30FAF7B4FD01A8FEF789
:1056F00045FC029B0599306898470023C6E90033B2
:10570000B36007B0F0BD70470B4B0D481B684C22CF
:10571000DB6801210FF072F84FF0FF30FAF79AFDC5
:10572000054B08481B684E22DB6801210FF066F824
:105730004FF0FF30FAF78EFD00000020B43E020863
:10574000143E0208643E020850B351B3F8B54568F0
:105750004B689D4222D135B3006800B30C68ECB1B0
:105760006368426800269A4200F10C0706F10106C0
:1057700014D157F80C0C21680FF0B2F80C3704F173
:105780000C0358B9B5420ED00C3408D01C4657F85B
:10579000082C63689A4206F10106EAD00020F8BDA1
:1057A0007047084670470120F8BD00BF00284BD065
:1057B0002DE9F04F8B468BB0002941D045688B68AE
:1057C000AB42804642D3CBF80450002D73D0D8F8BA
:1057D0000030ABB3DBF8004094B30027D3E90056A8
:1057E000BA4625E0FEF7CAFB099A2068079B49469E
:1057F000984729463246054610B3FAF773FD05F877
:1058000006A0D8F80420C4F80890BA42C4E90056AB
:1058100007EB47034FD9D8F80020DBF8004012EB24
:10582000830104EB83040BD054B152F823504E682B
:1058300006F1010905A81DB1731C07F10107D1D1BB
:1058400000200BB0BDE8F08F00207047684605EBE4
:105850004505FEF793FB029B049ADBF80000A900C4
:1058600098470028ECD0D8F80450DBF80840CBF873
:105870000000AC423AD204EB440500EB850501265A
:10588000002705A8FEF77AFB059B09990120984798
:105890002860A0B10770C5E90176D8F80450631CF0
:1058A0009D4223D9DBF8005003EB430215EB820540
:1058B00007D01C46E5E701200BB0BDE8F08F23467A
:1058C000013CDBF808209342BAD904EB4405AD0053
:1058D000DBF800002844FFF7AFFDDBF80820A24208
:1058E000A5F10C0504F1FF34F2D3A9E7CBF8085079
:1058F00069E700BF70B586B0054601A8FEF73EFB1C
:10590000059E019B31460C209847044620B129464C
:10591000FFF76AFE054610B1204606B070BD20466E
:10592000029B314698472C46204606B070BD00BF0A
:10593000F0B5064687B0002835D00368002B32D07A
:10594000816800293AD00024274611E0AB68002B7B
:1059500041D001A8FEF712FB0599029B28689847E1
:10596000B168AF60C5E9007701348C4226D2336854
:1059700004EB440213EB8205F6D053F82230002BDF
:10598000E4D16B68002B2BD1AB68002BECD0174B0C
:1059900017481B685122DB6801210EF02FFF4FF0E2
:1059A000FF30FAF757FC01AC2046FEF7E7FA0599FD
:1059B000029B304607B0BDE8F040184701AC2046D6
:1059C000FEF7DCFA029B0599306898470023C6E988
:1059D0000033B360E8E7054B06481B684C22DAE762
:1059E000024B05481B684E22D5E700BF000000208F
:1059F000B43E0208143E0208643E0208044B1A68D2
:105A00000AB103487047034A014812681A60704798
:105A100078000020C803002040687047006801EB50
:105A2000410100EB81007047036801EB410103EB8A
:105A30008101134607C983E80700704703468C4677
:105A400007CA1B680CEB4C0C03EB8C0383E80700C4
:105A5000704700BF40687047006800EBC1007047A6
:105A6000036803EBC101D1E90001C2E900017047FD
:105A7000036892ED007B03EBC10181ED007B704771
:105A80000BF028B90BF0ECB910B582B004460191C7
:105A9000FFF7F2FD0199204602B0BDE81040FFF784
:105AA000A3BD00BF10B582B0044601910AF0F8F81A
:105AB0000199204602B0BDE810400AF0D9B800BFF5
:105AC0004068704740687047006800EBC10070474D
:105AD000006800EBC1007047006800EBC100704730
:105AE000006801EB410100EB81007047006800EBAA
:105AF000C1007047006800EBC1007047036892ED79
:105B0000007B03EBC10181ED007B7047036803EB71
:105B1000C101D1E90001C2E900017047036803EB4C
:105B2000C101D1E90001C2E900017047036892EDAB
:105B3000007B03EBC10181ED007B704710B582B0A3
:105B4000044601910AF0ACF80199204602B0BDE884
:105B500010400AF08DB800BF10B582B00446019124
:105B60000AF09EF80199204602B0BDE810400AF004
:105B70007FB800BF08B500F099F9064BD3F82C2187
:105B8000D8600AB1044808BD044A03481268C3F843
:105B90002C2108BD8C000020B8010020CC0300207F
:105BA00000B583B0012300210DF107008DF8073007
:105BB00000F028FA03B05DF804FB00BF2DE9F041C6
:105BC0008846064600F0A6F908EB000420460421AA
:105BD000B76918F02DFB043004448FB1002520462E
:105BE000042118F025FB736905EB450203EB8203E2
:105BF000204401355C68AF4200F105031C44EED13E
:105C000020460421756A18F013FB2044041D9DB939
:105C100020460421356B18F00BFB04440434F5B91D
:105C200020460421F56B18F003FB044404345DB9ED
:105C3000A4EB0800BDE8F0812046082118F0F8FA2E
:105C400004EBC5040444E3E72046082118F0F0FA09
:105C500004EBC5040444A4EB0800BDE8F081204631
:105C6000082118F0E5FA04EBC5040444D8E700BFA6
:105C700000B1A3E7704700BF08B100219EE770475D
:105C80002DE9F0430D4683B0002975D0064600F09B
:105C9000C3F943682946DB68304698476946304671
:105CA00017F0BCFC0099EB698B424FD3A9610DF151
:105CB000040830B300240DF1040804EB44028C42C4
:105CC000434630464FEA82071BD2696901EB820CDA
:105CD00051F82210DCF808904A46013418F026FBEF
:105CE000002838D0019A02B1013A6B6900993B440F
:105CF0008C425A6004EB4402434630464FEA820726
:105D0000E3D3AC6A296A43462246304618F066FB64
:105D1000019B002855D06B626C6BE96A43462246B2
:105D2000304618F05BFB019B00283AD02B632F6CA8
:105D3000A96B43463A46304618F050FB019B044697
:105D4000F8B12046EB6303B0BDE8F08300242046A1
:105D500003B0BDE8F083019B9945D2D20121717552
:105D60006B69B0753B445860304618F077FA01997A
:105D7000304618F0A9FAC4E70C46204603B0BDE847
:105D8000F0839F42E3D20123B07573753046EC6314
:105D9000082118F063FA01993046C90018F094FA06
:105DA000D5E79C42C3D20123B075737508212863DF
:105DB000304618F053FA01993046C90018F084FAB9
:105DC000B5E79C42A8D20123B075737508216862BB
:105DD000304618F043FA01993046C90018F074FAB9
:105DE0009AE700BF002840D02DE9F8430F46064649
:105DF00000F012F9436839469B6830469847D6F858
:105E000018803846414617F0D9FAE8B1B8F1000FCA
:105E10001AD000240CE00FF0F3F9421CC9F804007A
:105E20002946384618F070FA013468B1A0450BD005
:105E3000736904EB440203EB820953F822502846AD
:105E4000002DE8D12A46E9E7D6E90812384618F0CD
:105E5000B3FAD6E90B12384618F0AEFAD6E90E12AC
:105E60003846BDE8F84318F0A7BA704710B50123CB
:105E70000446037000F0C6F80023237010BD00BF75
:105E800000487047C4010020044B1A680AB1034857
:105E90007047034A014812681A607047EC010020FD
:105EA000C80300200BF07EBA0BF0A0BA08B500F0D2
:105EB00025F9054B9A6FD8600AB1044808BD044A19
:105EC000024812689A6708BD00020020780200208C
:105ED000CC0300200BF0A2BC0BF0B2BC044B1A6840
:105EE0000AB103487047034A014812681A607047B4
:105EF00084020020CC03002000B583B001230021E0
:105F00000DF107008DF8073000F056F903B05DF889
:105F100004FB00BF70B5054668B10C4600F0FCF804
:105F200026180421304618F083F9E968C4F1050405
:105F30000C440444A01970BDF0B50C4683B0E1B127
:105F4000064600F04DF943682146DB683046984725
:105F50002769A16801AB3A46304618F0E7F9019B82
:105F6000054620B99F420CD3284603B0F0BD03B1CB
:105F7000013B2846E36003B0F0BD0D46284603B060
:105F8000F0BD0121B07571753046E56018F066F915
:105F90003046019918F098F9284603B0F0BD00BFCB
:105FA000F8B170B504460D4600F01AF94368294669
:105FB0009B6820469847A66856B130460FF020F9F6
:105FC0003146E060421C2846BDE8704018F09CB99C
:105FD0003046E060324631462846BDE8704018F051
:105FE00093B9704738B5044650B1002100F094F8D9
:105FF0000421054618F01CF9E268053253191844CB
:1060000038BD00BF10B501230446037000F0D4F87A
:106010000023237010BD00BF00487047CC02002051
:1060200000207047C0B170B506680D46044656B1F1
:1060300030460FF0E5F831466060421C2846BDE866
:10604000704018F061B930466060324631462846EB
:10605000BDE8704018F058B9704700BF10B504464D
:1060600038B10B461846042118F0E2F8636805338E
:10607000184410BDF0B50C4683B0A1B18F68096813
:1060800001AB3A46064618F051F9019B054620B986
:106090009F420CD3284603B0F0BD03B1013B284614
:1060A000636003B0F0BD0D46284603B0F0BD01218A
:1060B000B07571753046656018F0D0F830460199BA
:1060C00018F002F9284603B0F0BD00BF10B5044631
:1060D00030B10421002018F0ABF863680533184490
:1060E00010BD00BF0023037018467047004870477A
:1060F000F40200200BF004BD0BF006BD044B1A683F
:106100000AB103487047034A014812681A60704791
:106110001C030020CC03002080B138B50D46284672
:10612000042118F085F82B1D1C180421204618F0B6
:106130007FF8C5F104052844204438BD704700BFEE
:1061400038B50C4641B1054617F0EAFD211D284639
:10615000BDE8384017F062BA084638BD60B138B5BE
:106160000D4604460168284617F042FD616828463E
:10617000BDE8384017F022B9704700BF60B110B5D4
:106180000421002018F054F8041D0421204618F0C2
:106190004FF80430204410BD704700BF10B50421F3
:1061A000002018F045F8041D0421204618F040F89E
:1061B0000430204410BD00BF38B50C4601230370E5
:1061C0000421204618F034F8251D054404212846F2
:1061D00018F02EF8C4F104042044284438BD00BF50
:1061E00000487047A0030020014B1868704700BFAB
:1061F000183602082DE9F04389B0109DC5B105F1AC
:10620000500904464846884617461E46FDF7C4FE18
:1062100070B16CB1404600F073FE00285ED03FB113
:1062200036B123684BB16426304609B0BDE8F0832F
:106230000B26304609B0BDE8F08307AA059201227B
:1062400004930392079305F1580393E807008DE840
:106250000700314699E80C00404600F025FF002871
:106260004BD12B6D296E4FF48C709847206000281D
:1062700049D0404600F08AFE2B46079A26683946E8
:1062800007F0F8FF2368C6F80801D3F8080160B3E7
:1062900003F1680108F000F928BB2168D1F8080172
:1062A000B83108F009F90646E8B9236895F848209E
:1062B00083F8B02083F80021294618466822FAF7AF
:1062C00011F8002103460020C3E9440107986B6DD3
:1062D000296E9847304609B0BDE8F083C82630469D
:1062E00009B0BDE8F08323682BB118466A6D296EAA
:1062F0009047002323600126E8E7A0F16803012B03
:1063000003D90A28F7D10A26E0E76826DEE700BFAE
:1063100070B500B3044608460D4600F0E9FDE8B14B
:106320002368ABB128465E6D1D6E00F02FFE90B164
:106330002368D3F8081108F06BF803462946206853
:106340001D1E18BF0125B04700232360284670BDDD
:106350001D46284670BD0B25284670BDC825284619
:1063600070BD00BF30B50F4D0F4987B004465022B5
:106370002846F9F7B7FF6846FDF700FEEC46BCE893
:106380000F0005F1500EAEE80F006822DCF8003077
:10639000CEF8003029462046F9F7A4FF204607B082
:1063A00030BD00BF005100202036020828B100682F
:1063B00018B1D0F8080100B18068704730B10068AA
:1063C00020B1D0F80831002B08BF0020704700BF73
:1063D00018B1006808B1D0F80801704770B582B0F4
:1063E000E8B104460068D0B1D0F80831BBB10E4620
:1063F000D1B11546C2B1052100F5887006F0E8FB61
:106400002368C5E900012A463146D3F8080108F09F
:1064100015FD064660B10126304602B070BD4FF44E
:10642000FA76304602B070BD0B26304602B070BD21
:1064300020680521D5E9002300F58870009106F059
:1064400033FC304602B070BDF8B10068E8B1D0F856
:106450000801D0B1E1B110B582B0F2B19FED107B6F
:10646000002481ED007B81ED027B0DF107038DF8A7
:10647000074008F0EBFD68B99DF8072040F2F513DE
:10648000A24208BF184602B010BD4FF4FA70704720
:106490000B207047012002B010BD0B20F3E700BFB6
:1064A000000000000000000070B58E460C46164645
:1064B0000546BEE80F008CB00DF1180CACE80F00DB
:1064C0009EE803008CE803005DB32B684BB3D3F860
:1064D000080130B346B39FED167B00238DF80730DB
:1064E00032460DF1070302A98DED027B8DED047B91
:1064F00008F0ACFD0546C8B99DF8072040F2F51339
:10650000002A08BF1D460DF1180EBEE80F00A44674
:10651000ACE80F009EE803008CE8030028460CB0AE
:1065200070BD4FF4FA75EEE70B25ECE70125EAE7BD
:10653000000000000000000030B1006820B1D0F879
:106540000801003818BF0120704700BF38B100684B
:1065500028B1D0F808310BB1683070471846704741
:1065600038B1006828B1D0F808310BB1B8307047A5
:106570001846704730B1036823B1D3F8080108B159
:1065800007F0AEBF0B2070470B280DDC002809DB9D
:106590000B2807D8DFE800F0070606070606060600
:1065A0000606070701207047CB2818BF0120704757
:1065B000034A034692E8030083E803001846704745
:1065C0007036020810B1006800B11430704700BF87
:1065D00000B140680021704738B143682BB121B148
:1065E00003681B6F0B60002070470B20704700BFD3
:1065F00018B14068003818BF0120704710B100681A
:1066000000B12830704700BF2DE9F8430646006806
:1066100000237360002849D04769D0F80480D0F87F
:10662000109037B1143000F0D5F90746002844D156
:106630003068036B43B1283008F018FA18B1002F06
:106640003ED0FDF723FD3068036ADBB1D0E9062CAC
:10665000012A7CF1000111DB0024254653F82400B7
:106660004946B8B1C0473368D3E9062C013445F137
:106670000005944275EB0C011B6AEFDB1846494696
:10668000C04730684946C0470023C6E90033384652
:10669000BDE8F883013445F10005944275EB0C0127
:1066A000DCDB18464946C0473068EBE70746002365
:1066B000C6E900333846BDE8F883FDF7E7FCB7E7E5
:1066C000FFF762FF0746BCE770B110B504460068EB
:1066D00048B1636833B9FDF75FFC18B12046BDE8E7
:1066E000104091E70B2010BD0B2070472DE9F047BB
:1066F000051E9CB00E4690461F4640F39980002927
:1067000000F09980A1F1040E4FF0000C5EF8044FE8
:106710000CF1010C002C00F08E806545F6D1B8F12B
:10672000000F00F08880D8F80040002C00F0838033
:106730000FCC0DF15C0CACE80F002368CCF80030F6
:1067400017A8FDF729FC002875D0002F73D03B68EF
:10675000002B75D1DDE91A327821012098470446D3
:106760003860002800F0A08002A807F0C9F802A94C
:1067700004F12800502217ACF9F7B4FD0FCCD7F87C
:1067800000E0F446ACE80F002368CCF800300EF1CE
:106790001401404600F048F90446002844D1D7F8D7
:1067A00000904FEAE578C9F82000C9F81850C9F8F8
:1067B0001C80002D4BD0002E49D0DDE91A32042177
:1067C00028469847C9F82000D7F80090D9F820301B
:1067D000CA4643B3012D78F1000338DB0024043EA0
:1067E000A1460BE03168F9F77DFD013449F100095C
:1067F000C84508BFA54228D0D7F800A056F8040F16
:106800000EF0FEFC421C179B1B99DAF820A00192A7
:10681000104698473B684AF824001B6A019A53F8CF
:1068200024000028DED10A243846FFF7EDFE03E0FD
:1068300000293FF474AF0B2420461CB0BDE8F0875C
:10684000642420461CB0BDE8F087D7F800901D49AD
:106850000B68013323D00B601A460024D9F81400CA
:106860007B60436A82610133C4611FD090F830308D
:106870004BB9303000F060F904460028D4D1D7F885
:106880000090D9F8140009F12801183007F054FFDE
:1068900004460028D0D0FFF777FE0446C4E7012263
:1068A0001C460A601346D9E70A24C5E724300BF0DA
:1068B00047FA04460028B7D1D7F80090D9F8140059
:1068C000D4E700BF68510020A8B1036810B50446A2
:1068D00073B1FFF78DFE40B12068283008F062F8F0
:1068E000034658B96060184610BD6A23184610BDAB
:1068F0000B23184610BD0B2318467047BDE8104007
:10690000FFF742BE0020704784B0F0B597B01DAECF
:1069100086E80E00002858D00368054633B1642489
:10692000204617B0BDE8F04004B070473046FDF790
:1069300033FB002849D0B446BCE80F0011AC0FC4AB
:10694000DCF80030236021991D9B502098470446B5
:10695000286000283BD00DF1440C8646BCE80F00AF
:10696000AEE80F00DCF80030CEF8003002A806F0E8
:10697000D7FF0DF1080EBEE80F0004F1180C2F68C8
:10698000ACE80F00BEE80F00ACE80F00BEE80F0057
:10699000ACE80F009EE8030020AC8CE8030094E80C
:1069A00003008DE8030096E80E0007F1180007F0D9
:1069B000A1FD04460028B3D021991E9B2868984762
:1069C0002046FFF7E1FD0446AAE70B24A8E70A24C6
:1069D000A6E700BF30B587B0F0B103680446DBB16D
:1069E0009C46BCE80F000DF1040EAEE80F00DCF889
:1069F0000030CEF8003001A8FDF7CEFA60B1206873
:106A0000183007F04DFE054650B92068029B0599E5
:106A10009847284607B030BD0B25284607B030BD43
:106A2000FFF7B2FD0546F8E72DE9F04194B00028E4
:106A300058D004460068002854D00E46FDF7ACFA42
:106A400000284FD0002E4DD0336823B16424204657
:106A500014B0BDE8F0812768BC46BCE80F000FAD5C
:106A60000FC5DCF80030D7F800802B6019465020A5
:106A7000C04705463060D0B30DF13C0C8646BCE8FB
:106A80000F00AEE80F00DCF80030CEF800306846AA
:106A900006F046FFEE46BEE80F0005F1180C24682C
:106AA0003568ACE80F00BEE80F00ACE80F00BEE8A8
:106AB0000F00ACE80F009EE803008CE8030004F12F
:106AC000180005F1180107F077FD04460028BED034
:106AD000FDF7CCFAFDF7DAFA3046FFF77BFF40B15D
:106AE0000446B4E70B24204614B0BDE8F0810A2424
:106AF000ADE7204614B0BDE8F041FFF745BD00BF4B
:106B000030B1036823B119B15B6A0B600020704794
:106B10000B20704720B1036813B159620020704701
:106B20000B20704710B1006800B11830704700BFEB
:106B300000B10068704700BF10B582B00023019318
:106B4000B8B1044601A90C4806F036F910B101208D
:106B500002B010BD019B13B11A78312A04D0022370
:106B60000020237002B010BD5B78002BF7D1012309
:106B7000F6E70B2002B010BDAC410208F0B50746A5
:106B800087B008460D4614460EF03AFB01281FD088
:106B9000174E1849681C2346324606F06BF9054625
:106BA00098B123690093CDE90306134A02924FF48A
:106BB00000630597019394E80F0006F021F96268DD
:106BC0002169034628461D469047284607B0F0BD78
:106BD00004F10C0393E803008DE80300384694E8C1
:106BE0000E0006F027FA0546284607B0F0BD00BFA4
:106BF000C0410208C4410208A43D0208034A0346FA
:106C000092E8030083E803001846704778360208CC
:106C10002DE9F04FA9B00446DDF8C88023A80E4640
:106C200015461F460CF0E2FAB8F1000F00F0E680BE
:106C30004046FDF7B1F9002800F0E080002E00F09A
:106C4000DD80002D00F0DA80002C00F0D780D4F831
:106C50000490B9F1000F40F0FD80002F00F0CE80CD
:106C60003846FFF7C5FC8246002800F0CD804A4632
:106C700022A93046CDF8889007F028FA81460028EE
:106C800040F0BE802298002840F0F08028460EF0A8
:106C9000B7FA002840F0BB807C4D22A9002228468C
:106CA00007F0F8F98146002840F0AA808246229831
:106CB000002840F0E080D8F80030D8F81010782094
:106CC000984781466060002800F0CA8000220023B7
:106CD000C9E91A23C9E91C2308A800F09DF908A9ED
:106CE00048466822F9F7FEFA61682760404600F0DE
:106CF000A1F9002858D128460EF082FA284410F84D
:106D0000013CCDE903562F2BD8F8103000930CBF6F
:106D10005F4B604B02934FF40063019398E80F00C0
:106D2000D4F8049006F06CF82368C9F87400186869
:106D3000314628302A46666807F0E4FF6368B0668B
:106D4000986E002832D008F073F8814660B3D8F806
:106D50000030D8F810106668082098476368F0661D
:106D6000D3F86CB0BBF1000F20D006A80CF010F9DE
:106D700006A803C86368C446D3F86CE08BE8030038
:106D8000BCE80F0023AE0FC6DCF80030336028AB40
:106D900013E90F008DE80F004946239B3A467046E1
:106DA0000CF09EF9814628B36368F3B1586F28B19F
:106DB000D8F80430D8F8101098476368986E10B16E
:106DC00007F0B8FF6368D86E48B10CF0E9F9636862
:106DD000D8F81010D86ED8F8043098476368D8F8FF
:106DE00010101846D8F8043098470023C4E900333F
:106DF0004FF00109BAF1000F25D101E04FF00B0966
:106E0000484629B0BDE8F08F4FF06509F8E72B78C8
:106E10002F2B3FF442AF0395D8F8103000931E4B50
:106E200002934FF40063019398E80F0005F0E8FF28
:106E3000054640B3002222A9229207F02BF9814691
:106E400000283FF434AFD8F80430D8F810102846A2
:106E50009847D5E74FF06409484629B0BDE8F08F60
:106E60004FF00A09BAF1000FEDD1C9E707F0CCF9EC
:106E70004FF0C909C4E707F01DF94FF0CA09BAF18C
:106E8000000FE0D1BCE74FF00A09B9E7C44102089E
:106E9000C83D0208CC410208C8410208F8B520B339
:106EA00045680446FDB1A86E6F682E6907F042FF81
:106EB00063680546D86E0CF073F955EA0003636801
:106EC0003146D86E14BF01250025B84763683146A6
:106ED000186FB84763683146586FB84760683146E5
:106EE000B847002363602846F8BDC8252846F8BD8A
:106EF00028B1406818B1806E003818BF0120704773
:106F000030B1436823B19B6E13B10068FFF770BBCB
:106F10000020704720B1406810B1806E00B18068D9
:106F2000704700BF20B1406810B1806E00B1C068EA
:106F3000704700BF30B1406820B1836E0BB1406F25
:106F400070471846704700BF28B1406818B1836E7B
:106F5000002B08BF00207047A8B138B5436804462D
:106F60006BB19B6E5BB100680D46FFF741FB30B122
:106F70003DB120682946BDE83840FFF72DBBC82049
:106F800038BD0B2038BDC820704700BF10B1406825
:106F900000B1806E704700BF30B1436823B19B6E73
:106FA00013B10068FFF714BB00200021704700BF39
:106FB00030B1406820B1836E0BB1C06E7047184687
:106FC000704700BF30B1406820B1836E0BB1006FD5
:106FD00070471846704700BF10B582B00023019378
:106FE000A0B1044601A90B4805F0E6FE10B101204E
:106FF00002B010BD019A1378313B08BF5378B3FA41
:1070000083F35B090020237002B010BD0B2002B097
:1070100010BD00BFD441020810B56822044600210B
:10702000F9F7FAF92046FCF7A9FF0123237520465A
:1070300010BD00BFD0B170B50C46A9B188428446DE
:1070400012D00546868A8E460FCDAEE80F002B681B
:10705000CEF800300CF118015022A68204F118007D
:10706000F9F740F9002070BD0B2070BD0B20704770
:10707000C0B100B58446BCE80F0087B00DF1040E26
:10708000AEE80F00DCF80030CEF8003001A8FCF7C5
:1070900083FF18B1002007B05DF804FB0B2007B098
:1070A0005DF804FB0B20704782B02DE9F04F91B0E2
:1070B0001AAC84E80C009DF87C8000283BD00C467C
:1070C0000546FFF741FF002837D02846FFF722FF8B
:1070D00006462846FFF726FF0DF1680E8146BEE8FA
:1070E0000F000BADAC46ACE80F00DEF80030CCF87A
:1070F0000030219BFBB18A46DDF878B005F0D8FF5F
:1071000010AB089013E907008DE80700002195E80F
:107110000C0008A806F05CF8074680B1FCF7A6FF53
:10712000FCF7B4FF0A2F18BF0127384611B0BDE89D
:10713000F04F02B070470B27F7E70127F5E70990FA
:10714000079008A80BF0D4F80746A8B10A28079CB6
:1071500000D0012708A806F07BF800283DD1099847
:107160005946D04759462046D047B8F1000FDCD0E9
:10717000672F08BF6827D8E709AB05930FCDEC460A
:10718000ACE80F002B68CCF800304A463146204668
:1071900008AB0AF04FFF0746B8B9099C09900246B0
:1071A0000AA9204606F02CFE88B90A9DD5B9219B74
:1071B00008A81C6006F04CF80746A8B1FCF756FF7B
:1071C0002C46FCF763FF0127C9E7079CC2E7FCF7E1
:1071D0004DFF0127FCF75AFFBCE7FCF747FFFCF720
:1071E00055FFBCE76727B5E709985946D047594688
:1071F0003846D04799E700BF014B1868704700BF79
:10720000883602082DE9F04389B0109DC5B105F11B
:10721000500904464846884617461E46FCF7BCFE01
:1072200070B16CB14046FFF76BFE002858D03FB1FB
:1072300036B123684BB16426304609B0BDE8F0830F
:107240000B26304609B0BDE8F08307AA059201225B
:1072500004930392079305F1580393E807008DE820
:107260000700314699E80C004046FFF71DFF002853
:1072700045D12B6D296E4FF4887098472060002807
:1072800043D04046FFF782FE2B46079A26683946D0
:1072900007F026FF2368C6F80801D3F8080130B3C9
:1072A00003F1680108F03EF8F8B92168D1F8080147
:1072B000B83108F027F80646B8B9206895F8483084
:1072C00080F8B03080F8003168222946F9F70AF8D2
:1072D00007986B6D296E9847304609B0BDE8F0837A
:1072E000C826304609B0BDE8F08323682BB11846A4
:1072F0006A6D296E9047002323600126E8E7A0F11C
:107300006803012B03D90A28F7D10A26E0E768268B
:10731000DEE700BF70B500B3044608460D46FFF730
:10732000E7FDF0B12368ABB128465E6D1D6EFFF737
:107330002DFEC8B12368D3F8081107F09FFF03465C
:10734000294620681D1E18BF0125B0470023236071
:10735000284670BD1D46284670BD4FF41675284658
:1073600070BDC825284670BD0B25F1E730B50F4D1F
:107370000F4987B0044650222846F8F7B3FF684605
:10738000FCF7FCFDEC46BCE80F0005F1500EAEE842
:107390000F006822DCF80030CEF800302946204685
:1073A000F8F7A0FF204607B030BD00BF70510020A5
:1073B0009036020828B1006818B1D0F8080100B171
:1073C0008068704730B1006820B1D0F80831002BD8
:1073D00008BF0020704700BF18B1006808B1D0F89E
:1073E00008017047C8B10068B8B1D0F80801A0B171
:1073F000D9B110B582B0D2B100240DF107038DF8D8
:10740000074007F069FD58B99DF8072040F259235D
:10741000002A08BF184602B010BD4FF4167070471E
:107420000A2818BF012002B010BD0B2070470B20A6
:10743000F1E700BF70B58E460C4616460546BEE81D
:107440000F008CB00DF1180CACE80F009EE80300A3
:107450008CE803000DB32B68FBB1D3F80801E0B151
:1074600036B300238DF8073032460DF1070302A929
:1074700007F032FD054698B10A2818BF01250DF125
:10748000180EBEE80F00A446ACE80F009EE803000B
:107490008CE8030028460CB070BD4FF41675EEE77B
:1074A0009DF8072040F25923002A08BF1D46E6E751
:1074B0000B25E4E770B1006860B1D0F8080148B16D
:1074C00059B110B55AB107F065FD10B1022818BFC7
:1074D000012010BD4FF4167070470B2070470B2031
:1074E00010BD00BF30B1006820B1D0F808010038ED
:1074F00018BF0120704700BF38B1006828B1D0F82C
:1075000008310BB1683070471846704738B10068D1
:1075100028B1D0F808310BB1B83070471846704721
:1075200030B1036823B1D3F8080108B106F0D6BF23
:107530000B207047014B1868704700BFE036020807
:107540002DE9F04389B0109ED6B106F150090446EA
:1075500048460D4690461F46FCF71EFD80B17CB1A3
:107560002846FFF7CDFC002854D0B8F1000F07D013
:1075700037B123684BB16427384609B0BDE8F083C2
:107580000B27384609B0BDE8F083CDE9033307AADD
:107590000592079306F1580393E807008DE807006A
:1075A000394699E80C002846FFF77EFD074600287B
:1075B0005FD1D6E91732C821012098472060002802
:1075C0005DD02846FFF7E2FC06F164030093079ABA
:1075D00027684146334607F0B9FEC7F8C000276860
:1075E000D7F8C00048B307F1700107F093FF0746D2
:1075F000A8B9206896F8483080F8B8307022314633
:10760000F8F770FE0798736D316E9847384609B0E9
:10761000BDE8F083C827384609B0BDE8F083276885
:107620002FB3D7F8C0304BB12846FFF7AFFC236823
:10763000D3F8C01007F07EFF276897B107F1500517
:107640002846FCF7A9FC58B1F86E48B1294606F067
:10765000AFFA0546B8B97B6D396EF86E9847FD668E
:107660002768736D316E38469847002323600127E1
:10767000C8E76728C6D0692803D00A28F7D10A27A7
:10768000C0E76727BEE7FEF77FFF2768E9E700BF8F
:107690002DE9F843002839D0044608460D46FFF787
:1076A00027FC002837D0236863B328465F6DD3F8E2
:1076B0006080FFF76BFC90B32368D3F8C01007F02D
:1076C00039FF2668051E18BF01257EB306F1500953
:1076D0004846FCF761FC58B3F06E50B1494606F0DD
:1076E00067FA8146E8B9736D316EF06E9847C6F857
:1076F0006C90266830464146B847002323602846F0
:10770000BDE8F8831D462846BDE8F8834FF4C875E8
:107710002846BDE8F883C8252846BDE8F8830B2530
:10772000F1E7FEF731FF26680028E3D00125E1E705
:1077300026680125DEE700BF70B5144D14498AB0F4
:10774000044650222846F8F7CDFD04A8FCF716FCA5
:107750000DF1100CBCE80F0005F1500EAEE80F0063
:107760006E46DCF80030CEF80030304606F03AFACB
:1077700096E8070005F1640383E8070070222946B4
:107780002046F8F7AFFD20460AB070BDD851002062
:10779000E836020838B5B8B100F15005044628466D
:1077A000FCF7FAFB80B1E06E58B1294606F000FA0A
:1077B000054660B9E06E636D216E9847E566284620
:1077C00038BD0546284638BD0B25284638BDBDE8DE
:1077D0003840FEF7D9BE00BF2DE9F04393B088B31F
:1077E00064290E462ED81C4663B303F150080546A3
:1077F00040461746FCF7D0FB20B3D4F86C900AA89B
:1078000006F00EF9B9F1000F21D048460AAA414608
:1078100006F09CF978B9E36E00933A463146284663
:10782000434606F06DF9002846D141460AA806F005
:10783000BFF9054638B1FEF7A7FE0546284613B046
:10784000BDE8F0830B25284613B0BDE8F083236D17
:10785000216E202098478146E06600283DD002A88E
:1078600006F0DEF80DF1080EBEE80F00CC46D4F8A5
:107870006C90ACE80F009EE80F008CE80F00CDF88C
:1078800000903A4631462846434606F039F900282A
:10789000CBD0FEF779FEE36E0546002BD3D04146F0
:1078A000184606F085F906460028C4D1636D216E9E
:1078B000E06E9847E666C6E7FEF766FEE26E0546AE
:1078C00041460AA806F042F90028B4D141460AA868
:1078D00006F06EF90028B6D0ADE70A25B3E700BF81
:1078E00010B5044606F09CF8204610BD2DE9F04185
:1078F00082B0DDF8208010B3046804B31D46D4F8CC
:10790000C030E3B1B8F1000F15D0503420460E4618
:107910001746FCF741FB70B1642F0CD8CDF80080FE
:1079200023462A463946304606F084F802B0BDE8C0
:10793000F041FEF729BE0B2002B0BDE8F0814FF404
:10794000C87002B0BDE8F0812DE9F04182B0DDF8E9
:10795000208010B3046804B31D46D4F8C030E3B1EE
:10796000642A174615D8B8F1000F12D050342046BB
:107970000E46FCF711FB60B1CDF8008023462A4685
:107980003946304606F0BCF802B0BDE8F041FEF7DB
:10799000FBBD0B2002B0BDE8F0814FF4C87002B00F
:1079A000BDE8F081C8B138B504689CB1D4F8C030E6
:1079B00083B10D4661B150342046FCF7EDFA38B181
:1079C0002146284606F0F4F8BDE83840FEF7DCBD55
:1079D0000B2038BD4FF4C87038BD4FF4C8707047E5
:1079E00028B1006818B1D0F8C00000B1407E7047DF
:1079F0002DE9F04393B0002841D003680446002BE2
:107A00003DD0D3F8C000002839D00D46002931D030
:107A100007F0F0FD002838D1D5E90089B8F1000F52
:107A200028D0B9F1640F25D826681EB306F1500797
:107A30003846AD68FCF7B0FAE0B1F46E0AA805F07C
:107A4000EFFF3CB320460AAA394606F07FF800282B
:107A500061D1F36E00932A46494640463B4606F004
:107A60004FF8002848D139460AA806F0A1F8044684
:107A700008B150E00B24204613B0BDE8F0834FF46A
:107A8000C874204613B0BDE8F08313B0BDE8F043DE
:107A9000FEF77ABD336D316E202098470446F066BC
:107AA00000283CD002A805F0BBFF0DF1080CBCE893
:107AB0000F00D6F86CE00FC49CE80F0084E80F00BC
:107AC000CDF800E02A46494640463B4606F018F805
:107AD0000028C8D0FEF758FDF36E0446002BCAD02C
:107AE0003946184606F064F80546A0B9736D316E44
:107AF000F06E9847F566BEE7FEF746FDF26E044667
:107B000039460AA806F022F828B939460AA806F02C
:107B10004FF80028AFD0FEF737FD0446ABE70A2444
:107B2000A9E700BFE8B170B505680446B5B1D5F85E
:107B3000C0309BB10E4679B150352846FCF72CFA7F
:107B400050B1236832462946D3F8C00007F054FDEF
:107B5000BDE87040FEF718BD0B2070BD4FF4C87033
:107B600070BD4FF4C870704700284AD02DE9F0412D
:107B700004460068A4B000283BD01F46D0F8C030AF
:107B8000002B36D00E46002939D01546002A3CD0AD
:107B900002A806F02DF90DF1080CBCE80F00AE4666
:107BA000AEE80F00BCE80F00AEE80F00BCE80F0025
:107BB000AEE80F009CE80F004FF000088EE80F00C1
:107BC0008DF84F8022682B46D2F8C00000970DF147
:107BD0004F02314607F066FD0346C0B99DF84F10CD
:107BE00040F29112002908BF1346184624B0BDE8A0
:107BF000F0814FF4C873184624B0BDE8F0810B2320
:107C0000F3E74FF4C8731846704714ADC0E7FEF7AA
:107C1000BBFC0346E9E700BF38B3006828B3D0F8DF
:107C2000C00010B370B584B0DAB1D3B196688E429B
:107C300017D39E688E4214D3089E019603AC00268B
:107C400056605E600094039607F080FD034680B99D
:107C5000039940F29112002908BF1346184604B058
:107C600070BD0B23184604B070BD4FF4C87318469E
:107C70007047FEF789FC0346F4E700BF00284AD0AE
:107C80002DE9F04104460068A4B000283BD01F460F
:107C9000D0F8C030002B36D00E46002939D015461A
:107CA000002A3CD002A806F0A3F80DF1080CBCE8AD
:107CB0000F00AE46AEE80F00BCE80F00AEE80F00C4
:107CC000BCE80F00AEE80F009CE80F004FF0000882
:107CD0008EE80F008DF84F8022682B46D2F8C00046
:107CE00000970DF14F02314607F096FD0346C0B9EB
:107CF0009DF84F1040F29112002908BF1346184614
:107D000024B0BDE8F0814FF4C873184624B0BDE834
:107D1000F0810B23F3E74FF4C8731846704714AD96
:107D2000C0E7FEF731FC0346E9E700BF00284ED06C
:107D30002DE9F04104460068A4B0002841D01F4658
:107D4000D0F8C030002B3CD00D46A9B30B689BBBCC
:107D50001646002A3FD002A806F04AF80DF1080C9A
:107D6000BCE80F00B646AEE80F00BCE80F00AEE876
:107D70000F00BCE80F00AEE80F009CE80F004FF0CA
:107D800000088EE80F008DF84F8022683346D2F845
:107D9000C00000970DF14F02294607F041FD034650
:107DA000D8B99DF84F1040F29112002908BF134630
:107DB000184624B0BDE8F0810B23184624B0BDE876
:107DC000F0814FF4C873184624B0BDE8F0814FF439
:107DD000C8731846704714AEBDE7FEF7D5FB0346DF
:107DE000E6E700BF60B1026852B1D2F8C00038B116
:107DF00008B541B107F016FDBDE80840FEF7C4BB69
:107E00004FF4C87070470B2008BD00BF28B1006850
:107E100018B1D0F8C00000B18068704730B1006878
:107E200020B1D0F8C030002B08BF0020704700BF41
:107E300018B1006808B1D0F8C000704730B10068D0
:107E400020B1D0F8C000003818BF0120704700BF33
:107E500008B558B102684AB1D2F8C00030B149B192
:107E600007F056FB034640B9184608BD4FF4C873E7
:107E7000184608BD0B23184608BDBDE80840FEF7AC
:107E800083BB00BF38B1006828B1D0F8C0300BB157
:107E9000703070471846704708B310B5036882B059
:107EA0000446CBB1D3F8C030B3B10E4A00231068FA
:107EB000019301A904F080FF10B1012002B010BDB0
:107EC000019B1A78302A07D15B782BB92368D3F845
:107ED000C030187E02B010BD002002B010BD0020DE
:107EE000704700BF8036020830B1036823B1D3F871
:107EF000C00008B106F0F0BA0B2070472DE9F84F2A
:107F0000D0F808C00B78BCF1000F5BD0023BDBB2AD
:107F1000012B0D46064693464FF0000418D840E06A
:107F2000D3E90491B9F1010F71F100070DDBAF68DE
:107F30004F45EF6877EB010107DB52F830801A6A92
:107F400059462846C047D6F808C00134A44539D957
:107F5000726804EB840002EBC003D3E906910029A8
:107F6000DEDAAF68B945EF68B941E6DAD8E7D3E9B8
:107F700006A2002A20DBD3E904A2BAF1010F72F1B4
:107F800000070CDBAF685745EF6877EB020206DBB2
:107F900050F838801A6A2846C047D6F808C06445A9
:107FA00010D2706804EB840800EBC80301341A7A1D
:107FB0005946002AECD1DAE7AF68BA45EF68BA4112
:107FC000E6DAD8E7BDE8F88F0846FCF76DB800BFE1
:107FD0000846FCF791B800BF037A10B50C4633B1E0
:107FE000052104F0F5FDC4E90001002010BDBDE845
:107FF00010400846FCF758B8A0B1037893B1C368A5
:1080000083B100B583B000696946984760B9DDE97E
:108010000023012A73F10003ACBF0120002003B04C
:108020005DF804FB00207047002003B05DF804FBFE
:1080300038B1037823B1C068003818BF01207047F9
:1080400018467047F8B50546104614460E46FBF72D
:10805000A3FF28B1032D03D8DFE805F01D2E53063A
:108060004FF00B0C6046F8BD002EF9D0002CF7D075
:108070000023C6E90133DFF8B4E0336106F11405EB
:108080009C4603270FCC0FC523682B603770C6F8BA
:108090000CE06046F8BD002EE2D000233370C6E944
:1080A0000133C6E903339C460FCC06F114050FC516
:1080B00023682B606046F8BD002ED1D0002CCFD0B5
:1080C00000273770A446BCE80F0006F11405C6E986
:1080D0000177C6E903770FC5DCF800302B60216912
:1080E0002368102098473061D0B100220023C0E9F6
:1080F0000023012307720C4A3370BC46F2606046CD
:10810000F8BD002EACD0002CAAD00023C6E9013364
:10811000DFF81CE0336106F114059C460227B1E745
:108120004FF00A0C9EE700BFD97F0008D17F0008FE
:10813000C97F000800282CD038B504461430FBF75E
:108140002BFF40B12378022B07D0032B05D0012B46
:108150000FD00B2038BD012038BDA0680028F9D011
:1081600000256068A369616AA56098476560284634
:1081700038BDA36833B10025A369616A6068A56052
:10818000984765602069A369616A9847002020616B
:1081900038BD0B20704700BF28B370B50E4621B321
:1081A000002505708E46C0E90155C0E90355044617
:1081B00000F1140CBEE80F00ACE80F00DEF8003050
:1081C000CCF800303169336810209847206170B1D5
:1081D00000220023C0E9002301230572054A237011
:1081E0002846E26070BD0B2070470B2070BD0A204E
:1081F00070BD00BFD97F0008B0B138B50378012B3E
:1082000004460FD1836833B100258369416A406811
:10821000A560984765602069A369616A9847002056
:10822000206138BD012038BD0B207047F0B5B0B1DA
:10823000A9B100258C46C0E901550561864600F1CB
:108240001404BCE80F000FC40326DCF800302360E0
:10825000044F8EF80060CEF80C702846F0BD0B2558
:108260002846F0BDD17F000888B138B50378032BCC
:1082700004460AD1806838B100256068A369616A44
:10828000A56098476560284638BD012038BD0B20A1
:10829000704700BFF0B5B0B1A9B100258C46C0E968
:1082A00001550561864600F11404BCE80F000FC4B7
:1082B0000226DCF800302360044F8EF80060CEF810
:1082C0000C702846F0BD0B252846F0BDC97F00087C
:1082D00088B138B50378022B04460AD1806838B1DA
:1082E00000256068A369616AA560984765602846B3
:1082F00038BD012038BD0B20704700BFB0B1A9B117
:10830000A2B190F808C00B7A9C4501D001207047BB
:10831000D1E9003110B404681B1B446861EB04010F
:108320000020C2E900315DF8044B70470B20704714
:1083300040B139B103781BB1C3680BB1006918476C
:10834000012070470B20704700285BD02DE9F043D7
:1083500004460078012885B007D1266916B1357A20
:108360003DB1002005B0BDE8F083012005B0BDE8B7
:10837000F08300230022D4F808E0CDE90223022391
:108380008DF80030E946BEF1000F09D128E052F81F
:1083900030801A6A4846C047D4F808E075451FD2B5
:1083A000626805EB850002EBC003013593F808C055
:1083B0000121BCF1000FEAD1D3E9068CBCF1000F1A
:1083C00019DBD3E9048CB8F1010F7CF10007E5DB80
:1083D000029F4745039F77EB0C07D8DA7545DFD33B
:1083E00001232046337200224946FFF787FD002013
:1083F00005B0BDE8F083029FB845039F7CEB0707FB
:10840000C5DADEE70B207047002855D02DE9F0478C
:1084100004460078012884B006D126690EB1307A6E
:1084200030B904B0BDE8F087012004B0BDE8F087A2
:1084300000230022A068CDE9022303238DF8003039
:1084400000283BD00025E94607E048465CF83E801E
:108450001A6AC047A06885421DD2D4F804C005EB53
:10846000850E0CEBCE0301351A7A0121002AECD1DE
:10847000D3E906A2002A19DBD3E904A2BAF1010F5D
:1084800072F10007E7DB029F5745039F77EB02027B
:10849000DBDA8542E1D30025204635722A4649467B
:1084A000FFF72CFD284604B0BDE8F087029FBA45CF
:1084B000039FBA41C9DADFE70B207047E946EAE7D4
:1084C00058B151B10378012B05D102691AB1137A61
:1084D0000B7000207047012070470B20704700BFD1
:1084E00000283ED02DE9F0430678012E87B00446DF
:1084F00003D0012007B0BDE8F083D0F81090B9F1A7
:10850000000F30D099F8085015B348460521904621
:108510001F468DF8086004F05BFBB8EB000067EBCA
:10852000010104900591324602A92046FFF7E6FCBE
:10853000052142463B464846009104F07FFB204619
:10854000002202A9FFF7DAFC002007B0BDE8F083A3
:1085500005214846009104F071FB284607B0BDE8AC
:10856000F0830B2070473046C4E700BF82B02DE98E
:10857000F04106A981E80C00DDE90C6520B3044652
:108580001430FBF709FDF8B1F6B1099B002B1BDB9A
:10859000DDE90A23012A73F1000315DAD4E90107A2
:1085A000002F42D00023024603E0BB4202F1280222
:1085B00011D01168B14203F10103F6D1116AA94249
:1085C000F3D14FF0010E01E04FF00B0E7046BDE805
:1085D000F04102B07047013303EB8303D900E36934
:1085E000626A9847F0B1A368606003EB83020DF103
:1085F000180C40F8326003F1010800EBC206BCE839
:108600000F0006F108070FC79CE803004FF0000EAB
:1086100087E8030035627046C4F80880BDE8F04181
:1086200002B070474FF00A0ED0E72821D7E700BF0D
:10863000002857D02DE9F047054614308846924669
:10864000FBF7AAFC00283BD0B8F1000F38D0AE6889
:1086500066B1D5F8049006EB860709EBC7074C46D0
:108660002368434505D02834A742F9D10120BDE84D
:10867000F087236A2834BC422DD05345F0D1A6465A
:10868000BEE80F00A4F1280CACE80F00BEE80F0014
:10869000ACE80F009EE803002834A7428CE80300F2
:1086A000EDD1013EAE6076B106EB8606EB696A6AF3
:1086B000F10048469847B8B168600020BDE8F087EF
:1086C0000B20BDE8F0874846AB69696A98476E6041
:1086D0003046BDE8F0875345C8D1013EAE60002E5C
:1086E000E2D1F0E70B2070470A20EAE70000000023
:1086F0002DE9F047054684B0144631B10378023BBA
:10870000012B3FD904B0BDE8F087136802A91868AF
:10871000FFF70EFE0028F5D120680521203004F077
:1087200057FA23688146884603F12800052104F0A2
:108730004FFA074620680E461830052104F048FA23
:108740002B78029A023B012B0D46039B824637D9B8
:10875000BA4273EB06015FDA4A4573EB0801D1DADE
:1087600020681AEB020243EB05030525283000952B
:1087700004F064FA20680095DDE90223203004F05B
:108780005DFABFE7136802A91868FFF7D1FD00285A
:10879000B8D1DDE902231343B4D020680521283085
:1087A00004F016FA029D039B02462068521B4FF00C
:1087B0000504009461EB0303303004F03FFAA1E7B5
:1087C00013439FD020684FF005080023CDF80080A8
:1087D0003030002204F068FA51EA000306460F46E2
:1087E00090D0029A039BCDF80080121A206863EBA8
:1087F000010312EB0A0243EB0503283004F01EFAD2
:10880000DDE90223CDF800802068921B63EB0703AB
:10881000203004F013FA75E7206808300AF002FDF2
:1088200070E700BF014B1868704700BF3837020877
:108830002DE9F047AAB0044635A8DDE932870D4698
:108840009246FBF7A9FB002864D0002C62D0002DD3
:1088500060D0002F5EDB236823B1642630462AB047
:10886000BDE8F08708A92846FFF762FD0646002804
:10887000F4D106AE3046CDE9165A0AF089FB96E8E7
:1088800003000DF160090BAE89E8030030460AF0E1
:10889000ADFC0DAB93E807008DE80700514696E864
:1088A0000C0048460AF0D0FB06460028D6D1169B9D
:1088B0001B78012B33D034991A9142463B46CDE9BF
:1088C0001C23DDE908239FED2C7B12EB080047EB0E
:1088D00003010DF1D40E8DED227BCDE91E23CDE9F0
:1088E0002001BEE80F000DF1940CACE80F00DEF89B
:1088F0000030CCF800304FF0000A19468DF890A0F7
:10890000359B50209847206058B3502216A9F7F79E
:10891000E9FCA3E70B2630462AB0BDE8F08701202A
:108920000021CDE912014FF0FF304FF0FF31CDE9CA
:108930001401134A8DF840300594049212AB0FCB0A
:108940008DE80F000DF1400C9CE80C002846FFF765
:108950000DFE82460028AED048460AF021FC56465D
:108960007CE748460AF01CFC054922462846FFF7EA
:108970005FFE0A2672E700BF000000000000000052
:10898000F186000810B3036870B50446B3B1BFF3B5
:108990005B8F012283F83820BFF35B8F0368186870
:1089A0001D6C0278DE6C012A0AD003F108000AF07F
:1089B000F7FB20683146A84700232360002070BDE4
:1089C00003492246FFF734FE2368EEE70020704794
:1089D000F186000830B129B103682BB11B680B6028
:1089E000002070470B2070474FF44870704700BF5D
:1089F0002DE9F04F87B000286DD003680446002BA6
:108A000063D0BFF35B8F93F83830BFF35B8F002BDD
:108A100050D1036804A91868FFF78AFC05460028AE
:108A20004AD1DDE90423002B4ADB20684FF0050A18
:108A3000CDF800A0203004F037F92368BFF35B8F36
:108A40008046D3F810B0BFF35B8F2068894628308A
:108A5000514604F0BDF8064620680F4618305146CE
:108A600004F0B6F8361802468246DDE9040C47EBFE
:108A7000010786420B4677EB0C0104DA53EA020148
:108A80002ED1064667462068052132463B462830EF
:108A9000009104F0D3F8BBF1000F0DD0049A059BB0
:108AA000B2EB0802204663EB0903D847284607B01B
:108AB000BDE8F08F40F22135284607B0BDE8F08FC1
:108AC0000125284607B0BDE8F08F4FF448752846C9
:108AD00007B0BDE8F08F0B25284607B0BDE8F08F42
:108AE000801B6CEB0701013861F10001CDE9023216
:108AF0000BF044FC029B013041F1000100FB03F349
:108B000001FB0A33A0FB0A0A8619534443EB07070B
:108B1000B9E700BF70B582B078B30368044683B389
:108B20000D4651B3BFF35B8F93F83830BFF35B8FC3
:108B300053B9036869461868FFF7FAFB064640B167
:108B400040F22133984201D100262E70304602B007
:108B500070BD20680521283004F03AF8009BC01A47
:108B6000019B61EB0301012871F10003B4BF0123F4
:108B7000002330462B7002B070BD0B26304602B089
:108B800070BD4FF44876E1E770B582B030B303684A
:108B900004463BB30D4609B3BFF35B8F93F83830FF
:108BA000BFF35B8FABB9036869461868FFF7C0FB7A
:108BB000064658B920680521283004F009F8009BC2
:108BC000C01A019B286061EB03016960304602B066
:108BD00070BD40F22136304602B070BD0B263046E3
:108BE00002B070BD4FF44876F0E700BFF0B583B037
:108BF000E0B103680446EBB10D46B9B118686946A7
:108C0000FFF796FB064610B1304603B0F0BD206872
:108C1000019F009C2030052103F0DAFF241A67EB46
:108C200001013046C5E9004103B0F0BD0B263046D6
:108C300003B0F0BD4FF44876E6E700BF70B10068BE
:108C400070B110B50C4639B10521183003F0C0FFE2
:108C5000C4E90001002010BD0B2010BD0B2070479F
:108C60004FF44870704700BF10B582B0049C60B1EB
:108C7000006868B14CB105210091183004F014F877
:108C8000C4E90001002002B010BD0B2002B010BDED
:108C90004FF44870F7E700BF30B1006820B1BFF370
:108CA0005B8F0069BFF35B8F704700BF68B10068DE
:108CB00058B1BFF35B8F00F1100353E8000F43E896
:108CC0000012002AF9D1BFF35B8F704768B10368C7
:108CD00043B1BFF35B8F012283F838200020BFF33C
:108CE0005B8F70474FF4487070470B20704700BF90
:108CF00070B1036873B159B1BFF35B8F93F838302B
:108D0000BFF35B8F00201B1A18BF01230B70704745
:108D10000B2070474FF44870704700BF30B585B0E6
:108D200070B30368044633B3186802A9FFF700FB69
:108D3000054610B1284605B030BD20680521183021
:108D400003F046FF029A039B1218206843EB0103CD
:108D500005210091283003F071FF2368BFF35B8F7A
:108D600083F83850BFF35B8F206808300AF05AFA56
:108D7000284605B030BD4FF44875284605B030BDD3
:108D80000B25284605B030BD10B1006800B13C305D
:108D9000704700BF30B1006820B1C3680BB1083024
:108DA00070471846704700BF10B5084C8646844689
:108DB0000FCCACE80F000FCCACE80F000FCCACE848
:108DC0000F002368CCF80030704610BD3C37020815
:108DD00018B1006B003818BF012070472DE9F04131
:108DE00082B0002800F09580066B0446002E00F04B
:108DF0008C80F06B06F0B4FE256B061E18BF4FF496
:108E00006176002D00F081802068D5F84C80A96D36
:108E1000002767602F6020B10191C047256B019941
:108E20002760A86820B1C047256B0023C5E901333E
:108E3000A068EF6CA96D4FF00008C4F80C80C5F86D
:108E40000C8028B1B847256BC4F80880EF6CA96D79
:108E500068694FF00008C5F8108028B1B847C5F818
:108E60001480256BEF6CA96D20694FF00008C4F8E1
:108E70001480C5F8408028B1B847256BC4F810802D
:108E8000EF6CA96DA0694FF00008C4F81C80C5F80C
:108E9000188028B10191B847256B0199C4F8188052
:108EA000286A20B1B847256B0023C5E90733206A3B
:108EB000D5F84C80A96D002767626F6220B10191DF
:108EC000C047256B01992762E86A20B1C047256B2E
:108ED0000023C5E90A33A06AD5F84C80A96D0027A4
:108EE000E7622F6320B10191C047256B0199A7620A
:108EF000A86B20B1C047256B0023C5E90D33EB6C8F
:108F0000A96D2846984700232363304602B0BDE888
:108F1000F0810B26304602B0BDE8F081A0B1036BB2
:108F20007BB189B100B503F1480E8C46BEE80F0055
:108F3000ACE80F00DEF80030CCF8003000205DF81F
:108F400004FB4FF4617070470B20704718B3036B3C
:108F500070B504460BB319B31D684068854217D23B
:108F600020686E1C1E6040F8251002B1156008468E
:108F7000FEF75EFF50B1236B42689B6843F82520E3
:108F8000226B536801330020536070BD012070BD17
:108F900040F2863070BD0B2070474FF4617070BD99
:108FA0000B2070BD002873D0036B10B50446002B56
:108FB00070D0006838B1626800219200F7F72CFA8F
:108FC000236B00221A60A06838B1E2680021920089
:108FD000F7F722FA236B0022DA60A06938B1E26960
:108FE00000219200F7F718FA236B00229A61206A99
:108FF00038B1626A00219200F7F70EFA236B002263
:109000005A62A06A38B1E26A00219200F7F704FAC6
:10901000236B00221A63206938B162690021920033
:10902000F7F7FAF9236B00221A64986838B15A6886
:1090300000219200F7F7F0F9236B00225A6058697B
:1090400038B11A6900219200F7F7E6F9236B002284
:109050001A61186A38B1DA6900219200F7F7DCF971
:10906000236B0022DA61D86A38B19A6A0021920033
:10907000F7F7D2F9236B00229A62986B38B15A6BDA
:1090800000219200F7F7C8F9236B0020586310BD48
:109090000B2070474FF4617010BD00BF002800F036
:1090A00085812DE9F04F046B83B00546002C00F05C
:1090B0007F814FF00009D4F858A01F468846D4E9B4
:1090C00013B31646C0F80490C4F80090002900F0CD
:1090D000BD808C0000680193524621469847019B51
:1090E0002860002800F0CB80224649460193F7F71C
:1090F00093F9C5F80480D5F83080019BD8F80800B2
:10910000C8F804905246214698472B6BC8F80800CF
:109110009B68002B00F0AC80224649461846F7F7C2
:109120007BF92C6BD4F858904FF00008D4E9132346
:10913000C5F80C80C4F80C80002E40F0A480A8680C
:1091400028B1494690472C6BAE60D4F858904FF048
:109150000008F619C4F8108040F0AC80606930B1A6
:10916000E36C4946984766612C6BD4F8589000260A
:10917000D4E913A86E612664002F40F0AD80286901
:1091800038B14946D0472C6B2F61D4E913A8D4F8E5
:1091900058900C9B0026EE61A661002B40F0AF803A
:1091A000A86920B14946D0470C9B2C6BAB61206A63
:1091B00028B14946D0472C6B0023C4E907330D9BE7
:1091C000A76D0026D4E913896E626662002B00F059
:1091D000B6804FEA830A286A3A465146C847286251
:1091E00000284CD052463146F7F716F92C6B0D9BF0
:1091F0006B62E06AA6623A465146C8472B6BE06252
:10920000DC6A002C00F0F080204652463146F7F729
:1092100003F92C6B0E9BA76D0026D4E91389EE622F
:109220002663002B40F09D80A86A20B13946C047D4
:109230000E9B2C6BAB62A06B10B33946C0472B6BF7
:109240000020C3E90D0003B0BDE8F08F006820B135
:109250005146D8472C6BC5F80080A06800283FF421
:1092600061AF5146D8472C6B0023C4E9013359E75D
:10927000286801935146D847019BC5E900330A206D
:1092800003B0BDE8F08FB400A8684A46214698476D
:10929000A8600028F3D022464146F7F7BDF82C6BB2
:1092A000EE604FF00008F619D4F85890C4F810801A
:1092B0003FF454AFB6004A46236D60693146984783
:1092C00081466061002876D032464146F7F7A4F81F
:1092D0002C6BD4F858904AE7BC0028694A462146CE
:1092E000C04728610028CAD022463146F7F794F8D3
:1092F0002C6B6F61D4E913A8D4F8589049E79C000F
:10930000A8694A462146C047A8610028B7D022462E
:109310003146F7F781F82F6B0C9BEB61386AFE61E1
:109320004A462146C0472B6B38621F6A002F54D033
:10933000224631463846F7F76FF82C6B3FE7286A2C
:1093400020B13946C0470D9B2C6B2B62E06A002888
:109350003FF460AF3946C0472C6B0023C4E90A33A1
:1093600058E79C00A86A3A462146C847A8620028E8
:1093700085D022463146F7F74FF8D5F830A00E9B3E
:10938000EB62DAF83800CAF834603A462146C8473A
:109390002B6BCAF838009B6B6BB3224631461846DC
:1093A000F7F73AF8304603B0BDE8F08F0B2070476E
:1093B0004FF4617064E72B6BA868996DDB6C98477C
:1093C0002B6B2869DA6C996DC5F80C90C5F808907C
:1093D0009047C5E904990A2052E7A8694946D04751
:1093E000C5E906770A204BE7286A3946C047C5E930
:1093F00008440A2044E7A86A01933946C047019B04
:109400000A20C5E90A333BE72DE9F04784B004465A
:1094100010A8DDF83CA00F4690469946FAF7BCFD2F
:1094200000286BD0002C69D0256B25B16425284617
:1094300004B0BDE8F087BAF1000F5FD05046FDF7E9
:10944000D7F8002867D0109B14995C2098472063B8
:10945000002862D029465C22F6F7DEFFDDE90D32F6
:1094600003EB020E0C9B266B0DF1400C9E44BCE8F6
:109470000F00C6E90155C6E90455C6E90755C6E916
:109480000A55C6E90D5506F14805C6F844A0DAF8B4
:1094900000A00FC5C644DCF800302B600EEB47017E
:1094A0000AF1280006F052FB236BF063D86B50B32F
:1094B0000E9B02930D9B01930C9B009342464B46DF
:1094C00039462046FFF7EAFD05460028AFD0236B5A
:1094D0002BBB0026CDE90166009633463246314665
:1094E0002046FFF7DBFD206B0028A0D0C36C816D08
:1094F00098472846266304B0BDE8F0870B25284628
:1095000004B0BDE8F087012506F02AFB002818BF4B
:109510004FF46175DDE7652589E70A2587E7D86B94
:10952000F2E700BF18B3036B70B504460BB319B371
:10953000DD68C068854217D2A0686E1CDE6040F806
:10954000251002B11560084609F082FE50B1236B68
:1095500042685B6943F82520226B136901330020C0
:10956000136170BD012070BD40F2863070BD0B20CC
:1095700070474FF4617070BD0B2070BD28B3036B52
:1095800070B504461BB329B3186C6569A84219D29B
:109590002569461C1E6445F8201002B1106008467B
:1095A000FFF7F8FB68B1226BE368156C013B1D44C3
:1095B00009F04EFE80B1236B42685B6943F82520B9
:1095C000002070BD40F2863070BD0B2070474FF414
:1095D000617070BD0B2070BD012070BD18B3036BAE
:1095E00070B504460BB319B39D69C069854217D2A3
:1095F000A0696E1C9E6140F8251002B115600846F6
:10960000FCF7E6FE50B1236B42681B6A43F8252045
:10961000226BD36901330020D36170BD012070BD7E
:1096200040F2863070BD0B2070474FF4617070BD02
:109630000B2070BD18B3036B70B504460BB319B3A0
:109640005D6A406A854217D2206A6E1C5E6240F8ED
:10965000251002B115600846FDF7BEFE50B1236B20
:109660004268DB6A43F82520226B936A01330020AD
:10967000936270BD012070BD40F2863070BD0B203A
:1096800070474FF4617070BD0B2070BD38B3036B31
:1096900070B504462BB339B31D6BC06A85421BD22B
:1096A000A06A6E1C1E6340F8251002B115600846C2
:1096B00008F088FC034668B1226B4168926B42F85F
:1096C0002510226B516B01315163926B002042F8DF
:1096D000253070BD012070BD40F2863070BD0B207A
:1096E00070474FF4617070BD0B2070BD2DE9F04FD5
:1096F0002DED028B8DB0CDE90423002800F04381CD
:10970000066B0546002E00F01281436883B9EB68B2
:1097100073B96B6963B9EB6953B96B6A43B9EB6AA7
:1097200033B940F285300DB0BDEC028BBDE8F08F4F
:10973000049B326C012B059B73F10003C0F2F08097
:10974000DDE904874346002A00F0338100241346F4
:109750009FED9D8BA246A34640F22139324614E08C
:109760000028E0D1DDE90823424573EB070103DA65
:1097700090461F464FF0010B2A6B136C01344AF1DF
:10978000000A9C427AF1000128D2286950F824008E
:1097900008A9A6000028F1D0EB68D2F814C0234431
:1097A0005CF823E0BEF1000F06D013694CF823E00B
:1097B000013313612B6998598DED088BFFF7E4F99C
:1097C0004845CDD12B692A6B00219951136C013486
:1097D0004AF1000A9C427AF10001D6D31646DDE92F
:1097E00004321343D94640F0A98000230022CDE97A
:1097F0000823CDE90A2308AB0293F26B06F1340388
:10980000CDE9003206F1100106F11C0306F1280231
:10981000301D06F023F82B6B1A6C8046CAB1002469
:1098200027462A6952F824000DF11F01A60060B1F5
:109830008DF81F70FFF76EF900287FF474AF9DF864
:109840001F300BB92A6993512B6B1A6C0134A24259
:10985000E7D838F0020040F090806E6802461EB9EA
:109860000DE00132B2420AD0996851F82210002965
:10987000F7D12C6844F822100132B242F4D1EE68DC
:1098800000221EB90DE00132B2420AD0596951F8E6
:1098900022100029F7D1AC6844F822100132B242FC
:1098A000F4D1EE6900221EB90DE00132B2420AD0B5
:1098B000196A51F822100029F7D1AC6944F8221036
:1098C0000132B242F4D16E6A00221EB90DE00132BB
:1098D00096420AD0D96A51F822100029F7D12C6A91
:1098E00044F8221001329642F4D1EE6A00221EB9E9
:1098F0000DE00132B2420AD0996B51F822100029D2
:10990000F7D1AC6A44F822100132B242F4D1B8F176
:10991000020F7FF408AF4B46002B08BF022002E77E
:10992000002A3AD04FF0FF386FF000470EE74FF4AF
:1099300061700DB0BDEC028BBDE8F08F049B012B74
:10994000059B73F1000324DB002FBCBF4FF0000820
:1099500047461FA3D3E90023404639460AF00EFDCF
:109960001BA3D3E90023CDE90801404639460AF09C
:1099700005FDCDE90A2308AB3EE701200DB0BDECA3
:10998000028BBDE8F08F0B200DB0BDEC028BBDE863
:10999000F08F5B46002BD7D12EE7DDE904310B4376
:1099A00008BF91463FF421AF049B4FF0FF386FF0A2
:1099B0000047012B059B73F100034FF0000399460C
:1099C000C2DA19E7AFF30080FFFFFFFFFFFFFF7F61
:1099D00000CA9A3B00000000014B1868704700BFA6
:1099E0007037020882B02DE9F041064606A880E8EB
:1099F0000C00306800283AD01F460D46DDF828805C
:109A0000FCF786FC0446306829460430FCF780FCED
:109A100054EA00033068294600F1080014BF01240D
:109A20000024FCF775FC00283068294600F10C0082
:109A300018BF0124FDF72CFE00283068294600F1EC
:109A4000100018BF0124FDF723FE336800284146AB
:109A5000D3F8C00118BF0124B84730684146B84761
:109A6000002320463360BDE8F04102B07047044651
:109A70002046BDE8F04102B0704700BF00283CD04E
:109A800030B50446006885B080B30D46FCF754FD40
:109A900030B320680430FCF74FFD08B3206808306D
:109AA000FCF74AFDE0B120680C30FEF7C7F9B8B109
:109AB00020681030FEF7C2F990B12846FDF718FA79
:109AC000C0B1236803F5D87207CA8DE8070003F513
:109AD000D4730CCB29462046FFF784FF05B030BD78
:109AE000FAF7D4FA40F6360005B030BD40F636003D
:109AF00005B030BDC82005B030BD40F63600704717
:109B000070B51C4C1C491D4E86B00546502220469F
:109B1000F6F7E8FB1849502204F1A000F6F7E2FB43
:109B20005022A0181449F6F7DDFB06F10801502277
:109B300004F1F000F6F7D6FB06F15801502204F5C7
:109B4000A070F6F7CFFB6846FAF718FAEC46BCE8C7
:109B50000F0004F5C87EAEE80F004FF4D472DCF8B5
:109B60000030CEF8003021462846F6F7BBFB2846E9
:109B700006B070BD485200207837020870370208DE
:109B800038B50446FCF730FB0546FDF7D3FC034629
:109B900004F11800C4E902532361C4E90055FFF73A
:109BA000AFFF0023C4E97033C4E97233C4E97433EE
:109BB000204638BD2DE9F04FADF22C5D002800F0B5
:109BC000BC80044608460D4617461E46FDF798F928
:109BD000002800F0BE80002F00F0AF80002E00F0C3
:109BE000AC80DDF85035002B00F0A78003F5C87E6F
:109BF000BEE80F000DF12C08C446ACE80F00DEF8FB
:109C00000030CCF800304046FAF7C6F9002800F0E2
:109C10009480D4F800A0BAF1000F40F09480D8F8F6
:109C20000030D8F810104FF4EC709847814620604F
:109C3000002800F03681FCF7D7FA8346FDF77AFC5E
:109C4000CDE960B0629064A8CDE95EBBFFF758FF34
:109C50004FF4EC725EA9D4A8CDE9CEAACDE9D0AA82
:109C6000CDE9D2AA0DF1380BF6F73CFB48464FF48C
:109C7000EC72D4A9F6F736FB9BE80300D4F8009009
:109C80008DE80300304698E80E0003F0D3F9C9F8D8
:109C9000C0012068D0F8C031002B65D00DF1180943
:109CA000DDF850154FF4D4721830F6F71BFBC9F8E5
:109CB00000A0CDF808909BE803008DE80300304633
:109CC00098E80E0002F026FA8246002847D10DF1EE
:109CD000400ADDF8501550225046F6F703FB236882
:109CE0000593C646BEE80F000DF1900CACE80F00DE
:109CF000DEF80030CCF80030FCF776FA059B1860EF
:109D0000CDF800A0D9F800303A6820682946FCF761
:109D100071FAD8F80430D8F810108246D9F800004B
:109D20009847BAF1000F33D0BAF10A0F1CD0BAF13C
:109D3000680F00F0B380012617E00B2630460DF2C5
:109D40002C5DBDE8F08F642630460DF22C5DBDE839
:109D5000F08FC82630460DF22C5DBDE8F08FFAF783
:109D600095F9BAF10A0FE6D10A260DAB93E8070080
:109D70008DE80700294698E80C002046FFF732FEE0
:109D8000002818BF012630460DF22C5DBDE8F08F8B
:109D90000DF11C09C9F800A0CDF808909BE803005C
:109DA0008DE80300304698E80E0002F0EBF9824699
:109DB0000028D4D1DDF850350DF1A80A03F1A00137
:109DC00050225046F6F78EFA23680593C646BEE841
:109DD0000F000DF1F80CACE80F00DEF80030CCF805
:109DE0000030FCF701FA059B5860CDF800A0206810
:109DF000D9F80030BA6829460430FCF7FBF9D8F8E6
:109E00000430D8F810108246D9F800009847BAF10B
:109E1000000F89D108AB02939BE803008DE8030093
:109E2000304698E80E00CDF820A002F0E3F9814614
:109E3000C8BBDDF850350DF5887950229918484691
:109E4000F6F750FAC646BEE80F000DF5B07CACE858
:109E50000F00DEF80030CCF80030D4F800A0FCF79A
:109E6000C3F9CAF80800CDF800902068089B7A680A
:109E700029460830FCF7BEF9D8F80430D8F810109D
:109E8000814608989847B9F1000F13D0B9F10A0F2D
:109E90003FF46AAFB9F1680F7FF44DAF4FF4FA6643
:109EA00063E70A264AE7FAF7F1F8B9F10A0F7FF4F7
:109EB00042AF59E70DF1240ACAF80090CDF808A086
:109EC0009BE803008DE80300304698E80E0002F09E
:109ED000C9F981460028E6D15EA8FDF72DFCDDF822
:109EE0005035502203F1F0015EA8F6F7FBF9C646A3
:109EF000BEE80F000DF5E47CACE80F00DEF80030A2
:109F0000CCF80030D4F80090FDF714FB5EABC9F834
:109F10000C0000932068FA68DAF8003029460C300B
:109F2000FDF70EFBD8F804300590D8F81010DAF8D9
:109F300000009847059A32B10A2A3FF415AF672A04
:109F40007FF4F9AEAAE79BE803000DF128098DE83C
:109F50000300C9F80020CDF80890304698E80E00BC
:109F600002F0B8F90646A0BBD4A8FDF7E5FBDDF882
:109F70005035502203F5A071D4A8F6F7B3F9C446C2
:109F8000BCE80F00E8AE0FC6DCF800303360D4F850
:109F900000A0FDF7CFFAD4ABCAF8100000932068F8
:109FA000D9F800303A6929461030FDF7C9FAD8F8D7
:109FB0000430D8F810100646D9F800009847002E53
:109FC0003FF4BCAE0A2E3FF4CFAE672E7FF4B3AEA3
:109FD00064E7FAF75BF80A2E7FF4ADAEC4E600BF83
:109FE00088B370B50446006840B30D461646FCF7CA
:109FF000A3FAF0B120680430FCF79EFAC8B12068DB
:10A000000830FCF799FAA0B120680C30FDF716FF74
:10A0100078B120681030FDF711FF50B18DB186B1D5
:10A02000206832462946FCF7D9F9003818BF0120CC
:10A0300070BDFAF72BF840F6360070BD40F63600DA
:10A0400070BD0B2070BD40F636007047002839D037
:10A0500070B50446006880B30D461646FCF76CFAEE
:10A0600030B320680430FCF767FA08B32068083082
:10A07000FCF762FAE0B120680C30FDF7DFFEB8B102
:10A0800020681030FDF7DAFE90B1CDB1C6B120687E
:10A0900032462946FCF708FA48B10A2807D040F2B0
:10A0A000F51240F6370390420CBF1846012070BDF0
:10A0B000F9F7ECFF40F6360070BD40F6360070BD93
:10A0C0000B2070BD40F63600704700BF90B370B5EE
:10A0D0000446006848B30D461646FCF72DFAF8B161
:10A0E00020680430FCF728FAD0B120680830FCF76B
:10A0F00023FAA8B120680C30FDF7A0FE80B12068DB
:10A100001030FDF79BFE58B195B18EB120683246F4
:10A1100029460830FCF762F9003818BF012070BDED
:10A12000F9F7B4FF40F6360070BD40F6360070BD5A
:10A130000B2070BD40F63600704700BF00283AD0B3
:10A1400070B50446006888B30D461646FCF7F4F96E
:10A1500038B320680430FCF7EFF910B320680830FA
:10A16000FCF7EAF9E8B120680C30FDF767FEC0B1F2
:10A1700020681030FDF762FE98B1D5B1CEB12068ED
:10A18000324629460830FCF78FF948B10A2807D033
:10A1900040F2F51240F6370390420CBF18460120FA
:10A1A00070BDF9F773FF40F6360070BD40F636001B
:10A1B00070BD0B2070BD40F63600704790B370B58F
:10A1C0000446006848B30D461646FCF7B5F9F8B1E9
:10A1D00020680430FCF7B0F9D0B120680830FCF7F3
:10A1E000ABF9A8B120680C30FDF728FE80B12068DB
:10A1F0001030FDF723FE58B195B18EB1206832467C
:10A2000029460430FCF7EAF8003818BF012070BD79
:10A21000F9F73CFF40F6360070BD40F6360070BDE1
:10A220000B2070BD40F63600704700BF00283AD0C2
:10A2300070B50446006888B30D461646FCF77CF9F5
:10A2400038B320680430FCF777F910B32068083081
:10A25000FCF772F9E8B120680C30FDF7EFFDC0B1F2
:10A2600020681030FDF7EAFD98B1D5B1CEB1206875
:10A27000324629460430FCF717F948B10A2807D0BE
:10A2800040F2F51240F6370390420CBF1846012009
:10A2900070BDF9F7FBFE40F6360070BD40F63600A3
:10A2A00070BD0B2070BD40F636007047002838D0D6
:10A2B00030B50446006891B078B30D46FCF73CF920
:10A2C00028B320680430FCF737F900B32068083061
:10A2D000FCF732F9D8B120680C30FDF7AFFDB0B112
:10A2E00020681030FDF7AAFD88B1EDB12068002389
:10A2F0006A4629460C30FDF737FC60B140F29113F5
:10A30000984214D00A2818BF012011B030BDF9F7C7
:10A31000BDFE40F6360011B030BD40F6360011B03B
:10A3200030BD40F6360070470B2011B030BD40F60E
:10A330003700F0E7002838D030B50446006891B007
:10A3400078B30D46FCF7F8F828B320680430FCF722
:10A35000F3F800B320680830FCF7EEF8D8B12068B5
:10A360000C30FDF76BFDB0B120681030FDF766FDD5
:10A3700088B1EDB1206800236A4629461030FDF708
:10A38000F3FB60B140F29113984214D00A2818BF31
:10A39000012011B030BDF9F779FE40F6360011B05A
:10A3A00030BD40F6360011B030BD40F63600704783
:10A3B0000B2011B030BD40F63700F0E710B5044671
:10A3C000D8B10068C8B1FCF7B7F8B8B1206804305C
:10A3D000FCF7B2F890B120680830FCF7ADF868B12E
:10A3E00020680C30FDF72AFD40B120681030FDF7E1
:10A3F00025FD18B12368D3F8C00110BDF9F746FE5A
:10A40000002010BD10B50446D0B10068C0B1FCF703
:10A4100093F8B0B120680430FCF78EF888B120685A
:10A420000830FCF789F860B120680C30FDF706FDB4
:10A4300038B120681030FDF701FD10B120681830E8
:10A4400010BDF9F723FE002010BD00BF10B5044673
:10A45000C0B10068B0B1FCF76FF8A0B1206804305B
:10A46000FCF76AF878B120680830FCF765F850B15D
:10A4700020680C30FDF7E2FC28B120681030FDF7B1
:10A48000DDFC00B110BDF9F701FE002010BD00BFDA
:10A4900070B582B006460D461446FCF731FD002823
:10A4A00047D02846FFF7D2FF002847D0002C43D0E2
:10A4B0000123296823700DF10302304608F046FDA0
:10A4C000002834D123780BB19DF80330296823701C
:10A4D00004310DF10302304608F038FD38BB237813
:10A4E0000BB19DF80330296823700DF10302083188
:10A4F000304608F02BFDD0B923780BB19DF803301E
:10A500002868237001A90C30FDF7A2FC78B92378E4
:10A51000C3B92868237001A91030FDF799FC30B940
:10A5200023781BB1019B003B18BF0123237002B0AD
:10A5300070BDC82002B070BD0B20F8E740F63600B1
:10A5400002B070BD019B003B18BF0123E1E700BFD3
:10A55000002848D0F8B50C4600293CD005460868CC
:10A56000002838D017461E46FBF7E6FFB0B3206838
:10A570000430FBF7E1FF88B320680830FBF7DCFF0D
:10A5800060B320680C30FDF759FC38B320681030F8
:10A59000FDF754FC10B32168284601F5E272FFF77D
:10A5A0001DF8B8B92168284601F5E4720431FFF7B7
:10A5B00015F878B92168284601F5E6720831FFF7E9
:10A5C0000DF838B92168284601F5E8720C31FEF71C
:10A5D000BDFC58B1F8BD40F63600F8BDF9F756FDA0
:10A5E00040F63600F8BD4FF4617070472168284688
:10A5F00001F5EA721031FEF7A9FC0028EAD11FB17B
:10A600002368D3F8C4313B60002EE3D02368D3F82D
:10A61000D0313360F8BD00BF00283AD0F8B5044609
:10A62000006888B30E4617461D46FBF785FF30B31A
:10A6300020680430FBF780FF08B320680830FBF780
:10A640007BFFE0B120680C30FDF7F8FBB8B1206863
:10A650001030FDF7F3FB90B1CEB1C7B1BDB1069B91
:10A66000ABB1079B9BB1069A022333600021032301
:10A67000396029601360079B08461960F8BDF9F737
:10A6800005FD40F63600F8BD40F63600F8BD0B205B
:10A69000F8BD40F636007047002800F08D802DE9A7
:10A6A000F0410C46002977D005460868002873D091
:10A6B00016461F46FBF740FF002871D02068043083
:10A6C000FBF73AFF00286BD020680830FBF734FF17
:10A6D000002865D020680C30FDF7B0FB00285FD063
:10A6E00020681030FDF7AAFB002859D0002E60D05A
:10A6F000002F5ED0069B002B5BD0079B002B58D011
:10A70000089B002B55D023686A68D3F8D0118A4281
:10A710004CD9D3F8D401824248D9D3F8C441EA696C
:10A72000A24243D9D3F8C8C162453FD9D3F8CCE19E
:10A7300072453BD9AA692D6852F8248055F820400B
:10A7400055F8215052F82C1052F82E2003F10C0C21
:10A75000A5EB0C05B5FA85F56D09357003F110050B
:10A76000641BB4FA84F464093C70A3EB08001C1D5C
:10A770000833D31AB0FA80F0069A4009091B10700A
:10A78000B1FA81F1079A49091170B3FA83F3089A73
:10A790005B090020137001E040F63600BDE8F0814F
:10A7A000F9F774FC40F63600BDE8F0810120BDE801
:10A7B000F0810B20BDE8F0814FF46170704700BF5D
:10A7C00040B370B50446006808B30E461546FBF763
:10A7D000B3FED0B120680430FBF7AEFEA8B120680C
:10A7E0000830FBF7A9FE80B120680C30FDF726FB8E
:10A7F00058B120681030FDF721FB30B120682A469F
:10A800003146BDE87040FBF7B5BEF9F73FFC40F6B6
:10A81000360070BD40F63600704700BF48B370B5D3
:10A820000446006810B30E461546FBF785FED8B106
:10A8300020680430FBF780FEB0B120680830FBF7D9
:10A840007BFE88B120680C30FDF7F8FA60B1206813
:10A850001030FDF7F3FA38B120682A46314604304B
:10A86000BDE87040FBF786BEF9F710FC40F63600F5
:10A8700070BD40F63600704748B370B504460068B6
:10A8800010B30E461546FBF757FED8B120680430CA
:10A89000FBF752FEB0B120680830FBF74DFE88B1DF
:10A8A00020680C30FDF7CAFA60B120681030FDF75F
:10A8B000C5FA38B120682A4631460830BDE87040F4
:10A8C000FBF758BEF9F7E2FB40F6360070BD40F6E4
:10A8D0003600704748B370B50446006810B30E46A2
:10A8E0001546FBF729FED8B120680430FBF724FE9B
:10A8F000B0B120680830FBF71FFE88B120680C302B
:10A90000FDF79CFA60B120681030FDF797FA38B176
:10A9100020682A4631460C30BDE87040FDF7E4BAA5
:10A92000F9F7B4FB40F6360070BD40F636007047CC
:10A9300048B370B50446006810B30E461546FBF7E1
:10A94000FBFDD8B120680430FBF7F6FDB0B12068FC
:10A950000830FBF7F1FD88B120680C30FDF76EFA86
:10A9600060B120681030FDF769FA38B120682A46D6
:10A9700031461030BDE87040FDF7B6BAF9F786FBF6
:10A9800040F6360070BD40F636007047000000000B
:10A990002DE9F04F8DB0044604A9DDE9175003946A
:10A9A000934602929846FDF7C3FC002841D1002D42
:10A9B00043D0169B81461C1FC246074601E04D4509
:10A9C00026D054F8046F304609F1010901F05EFB0E
:10A9D0000028F4D106A9304601F030FB013740BB16
:10A9E000DDE90A12184BC1FB03209446049A029B2E
:10A9F0000599B2EB0C0261EB00009A1A68EB0000BB
:10AA00005A4570EB0A03BCBF934682464D45D8D1E8
:10AA10009FB10398FEF782F960B9BAF100035A4674
:10AA200006A9BCBF0246134603980091FEF71CF925
:10AA300000E001200DB0BDE8F08F0398FEF746F965
:10AA40000DB0BDE8F08F00BF00CA9A3B014B1868FB
:10AA5000704700BF183802082DE9F04100286BD07C
:10AA6000054608460C46FCF743FA002869D02868DA
:10AA700000285DD02146FCF74DFC0646286821469B
:10AA80000430FCF747FC2B6856EA0002214603F12C
:10AA9000080014BF01260026FCF73CFC2B680028A8
:10AAA000214603F10C0018BF0126F7F791F92B6836
:10AAB0000028214603F1100018BF0126F7F788F996
:10AAC0002B68002803F1140018BF0126FDF75AFF78
:10AAD0002B6800289869D3F8B471D3F8C0814FF07F
:10AAE000000418BF0126C3F8D84118B14146B84741
:10AAF0002B689C61D3F8D42100245AB1D3F8D0310B
:10AB0000414653F82400B8472B68D3F8D4210134C8
:10AB10009442F3D3D3F8D0014146B84728680024C3
:10AB2000C0F8D0414146B8472C603046BDE8F081BE
:10AB300006463046BDE8F08140F698063046BDE84E
:10AB4000F081C8263046BDE8F08100BF2DE9F04F06
:10AB5000ADF51B7D002800F08C80044608460D46AC
:10AB600016461F46FCF7CCF9002800F088803046D6
:10AB7000FDF75EFA00287CD0002F7AD0A49B002B32
:10AB800077D0A59B002B74D003F5C87EBEE80F00DC
:10AB90000DF13C08C446ACE80F00DEF80030CCF8FC
:10ABA00000304046F9F7F8F9002862D0D4F800A048
:10ABB000BAF1000F69D1D8F80030D8F810104FF46E
:10ABC000F870984781462060002800F0AF81FCF7BC
:10ABD00013FBC9F80000D4F80090FCF70DFBC9F88E
:10ABE0000400D4F80090FCF707FBC9F80800D4F87B
:10ABF0000090FDF717FEC9F81400D4F80090F7F79D
:10AC00004BF8C9F80C00D4F80090F7F745F8C9F8EC
:10AC10001000D4F80090A599C9F818A00DF1280BE0
:10AC20004FF4D87209F12000F5F75CFBC9E974AA6A
:10AC3000C9F8D8A1CBF800A00DF14809CDF808B0AB
:10AC400099E803008DE80300A49898E80E0001F04D
:10AC500061FA002800F03D810A2800F03881B0F543
:10AC6000FA6F00F06081012629462046FFF7F4FEC6
:10AC700000E00B2630460DF51B7DBDE8F08FC826A1
:10AC800030460DF51B7DBDE8F08F6426F2E70DF12F
:10AC90002C0ACAF80030CDF808A099E803008DE826
:10ACA0000300A49898E80E0001F06CFA0028D3D1B4
:10ACB000A5992EAB502211441846F5F713FBC64652
:10ACC0000090BEE80F000DF5847CACE80F00DEF8C4
:10ACD0000030CCF800302368BA68181D2946DAF82D
:10ACE0000030FCF78FFAD8F80430D8F810108346FB
:10ACF000DAF800009847BBF1000F40F019810DF120
:10AD0000300ACAF800B0CDF808A099E803008DE831
:10AD10000300A49898E80E0001F06CFA00289BD17B
:10AD2000A59948AB5022A0311846F5F7DBFAC64684
:10AD30000090BEE80F000DF5B87CACE80F00DEF81F
:10AD40000030CCF8003023687A6803F10800294607
:10AD5000DAF80030FCF756FAD8F80430D8F81010BA
:10AD60008346DAF800009847BBF1000F40F0E0801E
:10AD70000DF1340ACAF800B0CDF808A099E8030034
:10AD80008DE80300A49898E80E0001F06BFA002803
:10AD90007FF462AFA5997D9062ABCDE97B00502234
:10ADA000F0311846F5F79EFAC6460090BEE80F004F
:10ADB0000DF5EC7CACE80F00DEF80030CCF800308C
:10ADC0002368FA6803F10C002946DAF80030F6F738
:10ADD00069FFD8F80430D8F810108346DAF800007C
:10ADE0009847BBF1000F40F0AB800DF1380ACAF86C
:10ADF00000B0CDF808A099E803008DE80300A498FE
:10AE000098E80E0001F066FA00287FF425AFA599B6
:10AE100099907EABCDE99700502201F5A0711846BC
:10AE2000F5F760FAC6460090BEE80F000DF5127CFB
:10AE3000ACE80F00DEF80030CCF8003023683A6947
:10AE400003F110002946DAF80030F6F72BFFD8F8A6
:10AE50000430D8F810108346DAF800009847BBF1A8
:10AE6000000F6DD1A59BD4F800E0C44693ED6A7B3A
:10AE7000BCE80F0003AFCEF8D8610FC7DCF8003094
:10AE80003B608DED007BCDF808B031462A680EF1AD
:10AE90001400FDF7CDFC064600287FF4E5AE2068DF
:10AEA0001430FDF713FF064600287FF4DDAE99E865
:10AEB00003008DE80300A498276898E80E0002F0CC
:10AEC000B9F82368B8619B69002B7FF4D3AE0A26DA
:10AED000CAE614ABA59950221846F5F703FAC64600
:10AEE0000090BEE80F000DF1A00CACE80F00DEF8FA
:10AEF0000030CCF800303A68DBF800302068294692
:10AF0000FCF780F9D8F804200990D8F81010DBF885
:10AF100000009047099B002B3FF4B9AE0A2BD6D016
:10AF2000682B7FF4A0AE4FF4FA669DE60A26A1E6F0
:10AF3000BBF10A0FCBD0BBF1680F7FF494AEF2E700
:10AF4000BBF10A0FC3D0BBF1670F7FF48CAEEAE709
:10AF500070B5214C2149224E86B00546502220462C
:10AF6000F5F7C0F95022A0181C49F5F7BBF91B49A9
:10AF7000502204F1A000F5F7B5F906F108015022BE
:10AF800004F1F000F5F7AEF906F15801502204F58E
:10AF9000A070F5F7A7F96846F8F7F0FF0CA3D3E91E
:10AFA0000023EC46C4E96A23BCE80F0004F5C87E20
:10AFB000AEE80F004FF4D872DCF80030CEF8003065
:10AFC00021462846F5F78EF9284606B070BD00BF29
:10AFD00000282E8CD1000000F053002020380208F9
:10AFE00018380208002839D070B50446006880B3CC
:10AFF0000D461646FCF776FA30B320680430FCF7AD
:10B0000071FA08B320680830FCF76CFAE0B12068E8
:10B010000C30F7F795F8B8B120681030F7F790F8D2
:10B0200090B1CDB1C6B1206832462946FCF702FA8C
:10B0300048B10A2807D040F2592240F699039042BD
:10B040000CBF1846012070BDF9F720F840F69800B3
:10B0500070BD40F6980070BD0B2070BD40F69800A2
:10B06000704700BF90B370B50446006848B30D4602
:10B070001646FCF737FAF8B120680430FCF732FACC
:10B08000D0B120680830FCF72DFAA8B120680C3048
:10B09000F7F756F880B120681030F7F751F858B13B
:10B0A00095B18EB1206832462946FCF703FA10B1FB
:10B0B000022818BF012070BDF8F7E8FF40F698009D
:10B0C00070BD40F6980070BD0B2070BD40F6980032
:10B0D000704700BF70B338B50446006838B30D46FA
:10B0E000FCF700FAF0B120680430FCF7FBF9C8B1B6
:10B0F00020680830FCF7F6F9A0B120680C30F7F7AB
:10B100001FF878B120681030F7F71AF850B1A5B1E0
:10B110002068002229460C30F6F7F8FE003818BFE8
:10B12000012038BDF8F7B2FF40F6980038BD40F670
:10B13000980038BD40F6980070470B2038BD00BF1E
:10B1400070B338B50446006838B30D46FCF7CAF949
:10B15000F0B120680430FCF7C5F9C8B120680830A8
:10B16000FCF7C0F9A0B120680C30F6F7E9FF78B120
:10B1700020681030F6F7E4FF50B1A5B12068002236
:10B1800029461030F6F7C2FE003818BF012038BD3E
:10B19000F8F77CFF40F6980038BD40F6980038BDBF
:10B1A00040F6980070470B2038BD00BF00283AD009
:10B1B00070B50446006888B30D461646FCF792F950
:10B1C00038B320680430FCF78DF910B320680830DC
:10B1D000FCF788F9E8B120680C30F6F7B1FFC0B190
:10B1E00020681030F6F7ACFF98B1D5B1CEB1206829
:10B1F000324629460830FCF71DF948B10A2807D025
:10B2000040F2592240F6990390420CBF18460120A3
:10B2100070BDF8F73BFF40F6980070BD40F698000F
:10B2200070BD0B2070BD40F69800704798B370B5A4
:10B230000446006850B30D461646FCF753F900B3B8
:10B2400020680430FCF74EF9D8B120680830FCF7CC
:10B2500049F9B0B120680C30F6F772FF88B1206868
:10B260001030F6F76DFF60B19DB196B1206832469F
:10B2700029460830FCF71EF910B1022818BF01203A
:10B2800070BDF8F703FF40F6980070BD40F69800D7
:10B2900070BD0B2070BD40F698007047002836D076
:10B2A00010B50446006884B068B3FCF71BF920B3FE
:10B2B00020680430FCF716F9F8B120680830FCF774
:10B2C00011F9D0B120680C30F6F73AFFA8B1206828
:10B2D0001030F6F735FF80B12068D0F8D811D0E9EA
:10B2E00072230291D0F8D4110191D0F8D0110091BD
:10B2F0001430FFF74DFB04B010BDF8F7C7FE40F661
:10B30000980004B010BD40F6980004B010BD40F69F
:10B310009800704700283AD070B50446006888B39A
:10B320000D461646FCF7DEF838B320680430FCF70B
:10B33000D9F810B320680830FCF7D4F8E8B12068D9
:10B340000C30F6F7FDFEC0B120681030F6F7F8FEBD
:10B3500098B1D5B1CEB12068324629460430FCF709
:10B3600069F848B10A2807D040F2592240F69903FB
:10B3700090420CBF1846012070BDF8F787FE40F6DA
:10B38000980070BD40F6980070BD0B2070BD40F66F
:10B390009800704798B370B50446006850B30D46E6
:10B3A0001646FCF79FF800B320680430FCF79AF8C3
:10B3B000D8B120680830FCF795F8B0B120680C309F
:10B3C000F6F7BEFE88B120681030F6F7B9FE60B11E
:10B3D0009DB196B12068324629460430FCF76AF8E0
:10B3E00010B1022818BF012070BDF8F74FFE40F6DB
:10B3F000980070BD40F6980070BD0B2070BD40F6FF
:10B400009800704710B50446D0B10068C0B1FCF791
:10B4100069F8B0B120680430FCF764F888B120689E
:10B420000830FCF75FF860B120680C30F6F788FE52
:10B4300038B120681030F6F783FE10B123689869A0
:10B4400010BDF8F723FE002010BD00BF10B5044664
:10B45000D0B10068C0B1FCF745F8B0B12068043045
:10B46000FCF740F888B120680830FCF73BF860B181
:10B4700020680C30F6F764FE38B120681030F6F71B
:10B480005FFE10B12068203010BDF8F7FFFD0020EE
:10B4900010BD00BF68B370B50446006830B30D46F8
:10B4A0001646FCF71FF8E0B120680430FCF71AF8E4
:10B4B000B8B120680830FCF715F890B120680C305E
:10B4C000F6F73EFE68B120681030F6F739FE40B15D
:10B4D00095B18EB12368D3E9742300202A603360CC
:10B4E00070BDF8F7D3FD40F6980070BD40F69800A7
:10B4F00070BD40F6980070470B2070BD10B5044633
:10B50000C0B10068B0B1FBF7EDFFA0B12068043016
:10B51000FBF7E8FF78B120680830FBF7E3FF50B194
:10B5200020680C30F6F70CFE28B120681030F6F7D2
:10B5300007FE00B110BDF8F7A9FD002010BD00BF47
:10B540002DE9F0418AB005460C46FFF7D7FF0028E9
:10B5500048D0002C51D02F68D7F8D46126B9666046
:10B5600030460AB0BDE8F08107F5D8770FCF0DF16E
:10B57000140CE646ACE80F003B68CCF800300AAB90
:10B5800013E907008DE8070031469EE80C002046CD
:10B5900000F01AFF58BB80460EE02B682168D3F8F4
:10B5A000D031394453F82800183108F1010800F06F
:10B5B0005FFD80B94645D4D02B682168D3F8D021EF
:10B5C000C8EBC80352F8280001EB83019F0000F08C
:10B5D00035FD0028E1D0204600F02CFF01200AB004
:10B5E000BDE8F08140F698000AB0BDE8F0810A2875
:10B5F00018BF01200AB0BDE8F0810B20B1E700BF01
:10B600002DE9F04F2DED028B97B006460C460891C0
:10B61000174693461D460993FFF770FF002800F078
:10B62000B5805CB115B1002F40F0B8804FF00B0928
:10B63000484617B0BDEC028BBDE8F08F099B002B8C
:10B64000F4D13B46002FF1D1059333680EA9D3F80E
:10B65000D801FCF76DFE8146002840F0C3803468B5
:10B66000D4F8B4310B93D4F8B8310D93D4F8C03179
:10B67000D4F8D471D4F8D05108EE103AD4F8C831C7
:10B680000693D4F8CC310793002F00F0DA8080467F
:10B69000824623460A90D9462BE0D14546D955F833
:10B6A000284020464FEA880B00F0F0FCD0B9089BF8
:10B6B0000AEB4A0503EBC5052046294600F0BEFC0F
:10B6C000044650BBD5E904135F4A0546C1FB023569
:10B6D0000E990F98069ACB1A60EB05009A42079BC9
:10B6E00083415DDB3368D3F8D05108F10108474549
:10B6F0001CD9059A002AD0D155F82840204600F0E0
:10B70000C5FC4FEA880B10AD0028EBD12046294636
:10B7100000F094FC04460028D4D0336808F10108F6
:10B7200001224745D3F8D0510A92E2D8DDF828909B
:10B730001C46BAF1000F5DD02846002F63D10B9B49
:10B7400018EE101A98473468D4F8C8310693C4E943
:10B750007477D4F8CC3107933D46D4F8D811069AC3
:10B760000095CDE9017104F11400FFF711F9099B6F
:10B77000002818BF8146002B3FF45AAF4846C3F853
:10B7800000A017B0BDEC028BBDE8F08F40F6980921
:10B79000484617B0BDEC028BBDE8F08F012353E79C
:10B7A0003368D3F8D03118EE101A53F80B000B9B06
:10B7B0009847336808F10101D3F8D0518F4245F81A
:10B7C0000B4005EB0B003AD9013F0BF10401A7EB4D
:10B7D0000802294492000C93F6F772F90C9B0AF1C7
:10B7E000010A84E74FF00109484617B0BDEC028B0F
:10B7F000BDE8F08FD3F8C8310693D4F8CC31D4F833
:10B80000D4710793A9E718EE102A0D9BB900984749
:10B810003468054640B1D4F8C8310693D4F8CC3129
:10B820000793C4E9740798E7D4F8C8310693D4F8AD
:10B83000CC310793D4E974574FF001098DE7013FEC
:10B84000CDE7BA4689E700BF00CA9A3B2DE9F04F21
:10B850009FB007468A469146FFF750FE002800F049
:10B86000CC80BAF1000F00F0F780B9F1000F00F0C2
:10B87000F3803B68D3F8C021D3F8D401089203F5D4
:10B88000D876D3E96C4305900B930FCE13AD0FC55B
:10B890000598336808992B608000A047079000281E
:10B8A00000F0E780DAE9041300257C4A1E462C46A6
:10B8B000C1FB026450460FA91022CDE90964CDE90D
:10B8C0000F55CDE9115509F00BF800287AD056EA4A
:10B8D000040300F0988089F800500DF1600B584681
:10B8E00000F030FD059B002B00F0B1800025CDF865
:10B8F00030A0CDF83490BA46CDE905551F46D9465B
:10B900001CE0DDE91C8B00F0CDFB644A5B46C8FB04
:10B91000023480B1099A9A420A9BA34105DA0C9835
:10B920001022494608F0DCFF28B9059B079A42F827
:10B930002360013305930135AF4212D0DAF80030AD
:10B94000D3F8D03153F825604946304600F076FBF5
:10B9500004463046002CD4D001350123AF42069373
:10B96000ECD1059BDDF81880DDF83490002B6FD00A
:10B9700015AB93E807008DE8070013AB0CCB0599D6
:10B98000484600F065FD00286CD1079B059E0446E3
:10B990001D1FD9F8043055F8040F04EB440103EBE4
:10B9A000C10100F04BFB0134002818BF4FF0010823
:10B9B000A642EED1DDE907010B9B984740461FB038
:10B9C000BDE8F08F0DF1600BCDE91800CDE91A004C
:10B9D00089F8000010225946504608F081FF0028DF
:10B9E0007FF47DAF334623437FF479AF4FF0FF32CE
:10B9F0006FF00043CDE9092371E740F6980840460F
:10BA00001FB0BDE8F08F0DF1600B584600F09AFCB6
:10BA1000059E022389F80030002E3DD0A84607E09D
:10BA200010225946504608F05BFF28B3AE420FD0B3
:10BA30003B68D3F8D03153F82540594620460135AC
:10BA400000F0FCFA0028EBD04FF00108EEE7984632
:10BA50000023C9E90133ADE74FF00B0840461FB0A2
:10BA6000BDE8F08F0A280CBF4FF00A084FF001081C
:10BA7000A0E74FF00A08A1E70646204600F012FBB7
:10BA800030B1079B1C60012389F8006005936FE7C4
:10BA9000032389F80030DBE7B046D9E700CA9A3BB8
:10BAA000F0B587B006460D46FFF728FD074600B300
:10BAB00015B3684600F046FC3368D3F8D421BAB118
:10BAC000002407E008F00CFF98B13368D3F8D421C4
:10BAD00094420DD2D3F8D031694653F8240000F0D7
:10BAE000ADFA03460134102229466846002BE9D0FE
:10BAF0000027384607B0F0BD2F46384607B0F0BDE6
:10BB00002DE9F04F95B004468846FFF7F7FC002872
:10BB100073D0B8F1000F70D041462046FFF7C0FF48
:10BB200000286AD1D4F800E0DEF8B03105930EF5B4
:10BB3000D87CBCE80F000DF1240A55460FC5DEF88D
:10BB4000D471DEF8C061DCF80030DEF8B8B1DEF8A0
:10BB5000D0012B6001374FEA870932464946D84762
:10BB60000546002849D0059B314604209847002807
:10BB700043D0A9F10406A8510EA800F0E3FBB8E8F1
:10BB80000F000DF1380CACE80F0098E803002368B3
:10BB90008CE80300D3F8D80106A9FCF7C9FB60BB09
:10BBA000DDE9068918A3D3E900234046494608F099
:10BBB000E5FB15A3D3E9002312904946404608F05F
:10BBC000DDFB55F80680139200F0CAF90BABC8F8FC
:10BBD000000093E8070055F806C08DE807000EA99D
:10BBE0009AE80C00604600F0C1F930B9A859236802
:10BBF000C3E9745715B0BDE8F08F002015B0BDE85B
:10BC0000F08F00BFAFF3008000CA9A3B0000000035
:10BC100000B310B50446006810B1FBF763FC08B927
:10BC2000002010BD20680430FBF75CFC0028F7D032
:10BC300020680830FBF756FC0028F1D020680C3053
:10BC4000F6F796FA0028EBD02068BDE810401030D7
:10BC5000F6F78EBA0020704700284DD070B50C461C
:10BC600059B10546086840B11646FBF73BFC20B1C8
:10BC700020680430FBF736FC10B940F6980070BD20
:10BC800020680830FBF72EFC0028F6D020680C3026
:10BC9000F6F76EFA0028F0D020681030F6F768FA50
:10BCA0000028EAD02168284601F5EE72FDF7C2FCB3
:10BCB0000028E4D12168284601F5F0720431FDF72F
:10BCC000B9FC0028DBD12168284601F5F272083161
:10BCD000FDF7B0FC0028D2D12168284601F5F472A6
:10BCE0001431FDF74BFC0028C9D1002EC7D02368C2
:10BCF000D3F8DC31336070BD4FF46170704700BF22
:10BD0000002836D0F8B50446006828B10E4617461C
:10BD10001D46FBF7E7FB10B940F69800F8BD206818
:10BD20000430FBF7DFFB0028F6D020680830FBF773
:10BD3000D9FB0028F0D020680C30F6F719FA00285B
:10BD4000EAD020681030F6F713FA0028E4D09EB14C
:10BD500097B18DB1069B7BB1079B6BB1069A002012
:10BD60000123306038602B601060079A0323136052
:10BD7000F8BD40F6980070470B20F8BD00285AD057
:10BD8000F8B50C4661B10546086848B116461F462D
:10BD9000FBF7A8FB20B120680430FBF7A3FB10B928
:10BDA00040F69800F8BD20680830FBF79BFB0028A0
:10BDB000F6D020680C30F6F7DBF90028F0D02068C8
:10BDC0001030F6F7D5F90028EAD0BEB3B7B3069B1A
:10BDD000A3B3079B93B321682A692C6AD1F8E85171
:10BDE000D1F8E03152F82520D1F8E401D1F8DC5146
:10BDF00054F8200054F8233054F82540641AB4FA5B
:10BE000084F4640934700C1D1B1BB3FA83F35B09C3
:10BE100001F108043B7001F11403011BD31AB1FABC
:10BE200081F1069A49091170B3FA83F3079A5B0905
:10BE300000201370F8BD4FF4617070470B20F8BDFF
:10BE400050B370B50446006820B10E461546FBF7A6
:10BE500049FB10B940F6980070BD20680430FBF72C
:10BE600041FB0028F6D020680830FBF73BFB002898
:10BE7000F0D020680C30F6F77BF90028EAD0206873
:10BE80001030F6F775F90028E4D020682A463146CC
:10BE9000BDE87040FBF744BB40F69800704700BF18
:10BEA00058B370B50446006820B10E461546FBF73E
:10BEB00019FB10B940F6980070BD20680430FBF7FC
:10BEC00011FB0028F6D020680830FBF70BFB002898
:10BED000F0D020680C30F6F74BF90028EAD0206843
:10BEE0001030F6F745F90028E4D020682A4631469C
:10BEF0000830BDE87040FBF713BB40F69800704770
:10BF000058B370B50446006820B10E461546FBF7DD
:10BF1000E9FA10B940F6980070BD20680430FBF7CC
:10BF2000E1FA0028F6D020680830FBF7DBFA002899
:10BF3000F0D020680C30F6F71BF90028EAD0206812
:10BF40001030F6F715F90028E4D020682A4631466B
:10BF50000430BDE87040FBF7E3BA40F69800704744
:10BF6000014B1868704700BFC038020882B02DE945
:10BF7000F04106AC84E80C0090B30C4681B3054652
:10BF800006A8F8F709F858B32E681EBB069B0A9955
:10BF9000302098470746286040B3A44605463446FB
:10BFA00000F11C06BCE80F000FC59CE803004FF031
:10BFB000010885E803000DF1180E87F81880BEE827
:10BFC0000F000FC6DEF8003033602046BDE8F041B8
:10BFD00002B0704764242046BDE8F04102B07047CB
:10BFE0000B242046BDE8F04102B070470A24ECE77C
:10BFF00040B1006828B108B5C16A036A98470020BB
:10C0000008BD704740F6FC00704700BF68B1036888
:10C0100010B5044663B193F9180000F063F80346C5
:10C0200048B122681376002010BD40F6FC0070472E
:10C0300040F6FC0010BD40F6FD0010BD88B103685D
:10C040007BB191B100B59E468C46BEE80F00ACE8CE
:10C050000F009EE8030000238CE8030018465DF8FB
:10C0600004FB40F6FC03184670470B23FBE700BFB8
:10C0700038B103682BB139B193F918300B70002037
:10C08000704740F6FC0070470B20704740B10068D5
:10C0900030B190F91800013802288CBF002001202F
:10C0A000704700BF68B1006858B108B5012190F928
:10C0B000180000F017F8A0F10300B0FA80F0400972
:10C0C00008BD704718B10068003818BF01207047DC
:10C0D00002207047032070470420704706207047F5
:10C0E00005207047C2B2062A0CD804290AD800EBF2
:10C0F000800210B45318064C54F8233023B15DF875
:10C10000044B18470020704700205DF8044B70472F
:10C11000C438020884B070B584B009AC0546204626
:10C1200084E80E000E9EF7F737FFD8B1D5B12B7813
:10C13000F3B1BEB13368ABB911490D9B03954FF410
:10C140000062CDE90121009394E80F0000F058FE51
:10C150000028306014BF00200A2004B0BDE8704001
:10C1600004B070470B2004B0BDE8704004B07047C5
:10C170004FF4FA6004B0BDE8704004B0704700BFEF
:10C18000F041020884B070B584B009AC0546204681
:10C1900084E80E000E9EF7F7FFFED8B1D5B12B78DC
:10C1A000F3B1BEB13368ABB911490D9B03954FF4A0
:10C1B0000062CDE90121009394E80F0000F020FE19
:10C1C0000028306014BF00200A2004B0BDE8704091
:10C1D00004B070470B2004B0BDE8704004B0704755
:10C1E0004FF4FA6004B0BDE8704004B0704700BF7F
:10C1F0000842020884B070B584B009AC05462046F8
:10C2000084E80E000E9EF7F7C7FED8B1D5B12B78A3
:10C21000F3B1BEB13368ABB911490D9B03954FF42F
:10C220000062CDE90121009394E80F0000F0E8FDE1
:10C230000028306014BF00200A2004B0BDE8704020
:10C2400004B070470B2004B0BDE8704004B07047E4
:10C250004FF4FA6004B0BDE8704004B0704700BF0E
:10C260002042020884B070B584B009AC054620466F
:10C2700084E80E000E9EF7F78FFED8B1D5B12B786B
:10C28000F3B1BEB13368ABB911490D9B03954FF4BF
:10C290000062CDE90121009394E80F0000F0B0FDA9
:10C2A0000028306014BF00200A2004B0BDE87040B0
:10C2B00004B070470B2004B0BDE8704004B0704774
:10C2C0004FF4FA6004B0BDE8704004B0704700BF9E
:10C2D0003842020884B070B584B009AC05462046E7
:10C2E00084E80E000E9EF7F757FED8B1D5B12B7833
:10C2F000F3B1BEB13368ABB911490D9B03954FF44F
:10C300000062CDE90121009394E80F0000F078FD70
:10C310000028306014BF00200A2004B0BDE870403F
:10C3200004B070470B2004B0BDE8704004B0704703
:10C330004FF4FA6004B0BDE8704004B0704700BF2D
:10C340004C42020810B5064C864684460FCCACE839
:10C350000F0094E803008CE80300704610BD00BF96
:10C360005039020810B5064C864684460FCCACE81E
:10C370000F0094E80F008CE80F00704610BD00BF5E
:10C380006839020810B5064C864684460FCCACE8E6
:10C390000F0094E803008CE80300704610BD00BF56
:10C3A0008839020810B5074C864684460FCCACE8A5
:10C3B0000F000FCCACE80F002368CCF800307046BB
:10C3C00010BD00BFA039020882B070B5044604A8B1
:10C3D000C0E900230D46F7F7DFFDE0B1DCB1D5B1D0
:10C3E0006668F6B9DDE907321C21284698472060C7
:10C3F000E8B10DF1100EBEE80F0004F10C0C656001
:10C40000ACE80F00DEF80030CCF800303046BDE874
:10C41000704002B070470B263046BDE8704002B055
:10C42000704764263046BDE8704002B070470A2667
:10C43000ECE700BF50B110B50446006828B123698D
:10C44000E16998470020C4E9000010BD0B20704747
:10C4500082B070B5044604A8C0E900230D46F7F782
:10C460009BFD28B324B31DB394F90030D3B9A6685B
:10C47000C6B9DDE907321821284698476060E8B15F
:10C480000DF1100EBEE80F0004F1100CA560ACE831
:10C490000F00DEF80030CCF800303046BDE87040C8
:10C4A00002B0704764263046BDE8704002B0704765
:10C4B0000B263046BDE8704002B070470A26ECE714
:10C4C00050B110B50446406828B16369216A9847A5
:10C4D0000020C4E9010010BD0B20704768B32DE9AE
:10C4E000F0410D46EEB0E9B11646DAB11F46CBB1C8
:10C4F000482200210446F3F78FFFFDF76DFA0DF196
:10C50000100844F8100F4046FDF7FAFACDF8008005
:10C510003B46324629462046FDF74CFB30B96EB00B
:10C52000BDE8F0810B206EB0BDE8F0810390F7F715
:10C53000ADFD03986EB0BDE8F0810B20704700BFE1
:10C54000002865D02DE9F0410D4600295DD09046C8
:10C55000074600F005F90446002840D02D4E3078FB
:10C56000002841D0D6E9020133697269013342F1F2
:10C57000000253EA020C3361726104D1013041F1CF
:10C580000001C6E90201C4F81130C4F81520C4F84E
:10C590000900C4F80D10D4F80900D4F80D10D4F82F
:10C5A0001120D4F815302E460FC604F12802294672
:10C5B00007F11000FDF714FD68B92072E56184F8F9
:10C5C0002000608484F82400B8F1000F01D0C8F87E
:10C5D0000040BDE8F0812146384600F0F1F8F7F759
:10C5E00055FD0120BDE8F0810123337009F07CF98D
:10C5F00008F0B6F908F0E6F93061C017706108F08C
:10C60000E1F9C117C6E90201AEE70B20BDE8F081F0
:10C610000B207047A0550020D0B100B5844687B0EC
:10C62000D0F80900DCF80D10DCF81120DCF815302A
:10C630000DF1080EAEE80F00DCF804000CF140022A
:10C6400002A91030FDF742FD20B907B05DF804FBE8
:10C650000B2070470190F7F719FD019807B05DF8BE
:10C6600004FB00BFD0B100B5844689B0D0F8090002
:10C67000DCF80D10DCF81120DCF815300DF1080E97
:10C68000AEE80F00DCF804000CF1580202A91030EB
:10C69000FDF794FD20B909B05DF804FB0B2070474D
:10C6A0000190F7F7F3FC019809B05DF804FB00BFB7
:10C6B000E0B138B50D46B9B10446006828B16369E8
:10C6C0005A681969904700232360606B28B1636939
:10C6D0005A681969904700236363294604F11000E2
:10C6E000BDE83840FDF7CAB90B2038BD0B207047B4
:10C6F00018B111B103680B600160704740B149B1D6
:10C70000006810B904E0006818B18142FBD1012033
:10C71000704770470846704738B103681BB11A6804
:10C720000260184670471A46FAE70346F9E700BF69
:10C7300068B159B1036899420ED02BB11A68914281
:10C7400006D01346002BF9D11846704708467047AB
:10C750000A681A60012070470B6803600120704767
:10C7600060B1836843B11968816000221A72C168A0
:10C7700019601A629A84C360184670470346FBE743
:10C78000E0B110B4D0E90014012C816008BF08208A
:10C790000BD0C4EBC40201F17003E00001EB021204
:10C7A00043F8703C70339342FAD1041B01EB04113F
:10C7B00000235DF8044B41F8703C7047704700BFA0
:10C7C00080B179B1C36899420DD02BB11A689142FA
:10C7D00003D01346002BF9D170470A681A608368AA
:10C7E0000B60816070470B68C360F8E738B580B1B3
:10C7F0000D4681B1C46814B909E024683CB104F164
:10C8000009001022294608F06BF80028F5D12046CF
:10C8100038BD0446FBE70C46F9E700BF40B1C068ED
:10C8200010B905E0006818B190F908308B42F9D1D1
:10C83000704700BF30B190F908308B4202D00068D9
:10C840000028F8D1704700BF40B1C06810B905E0BA
:10C85000006818B190F90830032BF9DD704700BF6C
:10C8600070B1C06860B110B401E0006828B1D0E9CF
:10C870000A41994208BF9442F7D15DF8044B7047D2
:10C88000704700BF70B1C06860B110B401E00068CB
:10C8900028B1D0E91041994208BF9442F7D15DF820
:10C8A000044B7047704700BF70B1C06860B110B4EE
:10C8B00001E0006828B1D0E91641994208BF9442CE
:10C8C000F7D15DF8044B7047704700BF40B1C068B6
:10C8D00010B905E0006818B190F82030002BF9D0AD
:10C8E000704700BF40B1C06810B905E0006818B1DA
:10C8F00090F82230002BF9D0704700BF40B1C068DB
:10C9000010B905E0006818B190F82330002BF9D079
:10C91000704700BF40B1C06810B905E0006818B1A9
:10C9200090F82430002BF9D0704700BF00000000C1
:10C9300090B32DE9F0420E46F0B011B3174602B3A2
:10C940001D46F3B1769BE3B1282200210446F3F79C
:10C9500063FDFEF77BF80DF1100944F8100F48460F
:10C96000FEF7F6FA769B0093CDF804902B4607F17C
:10C970000C0231462046FEF7E9F830B970B0BDE848
:10C98000F0820B2070B0BDE8F0820390F7F77EFBD9
:10C99000039870B0BDE8F0820B20704798B110B5D5
:10C9A000446886B00022CDE903220B46059200F1CF
:10C9B000280103AA04F110008DF80C30FEF752FB99
:10C9C00018B906B010BD0B2070470190F7F75EFB59
:10C9D000019806B010BD00BF10B310B590B004466A
:10C9E00006A8FFF7DFFC0023D4F80900D4F80D10E7
:10C9F000D4F811208DF81830D4F81530CDF81CD0AB
:10CA0000EC46ACE80F009FED087B606806AA04F1D5
:10CA1000580110308DED087BFEF7BCFC10B010BD46
:10CA20000B207047AFF30080010000000100000000
:10CA300082B030B58BB00EAC84E80C0088B10446EF
:10CA400001A80D46FFF7AEFC01AA0EA904F11000E3
:10CA50008DF80450FEF79EFC0BB0BDE8304002B0EC
:10CA600070470B200BB0BDE8304002B0704700BFEC
:10CA7000F0B138B50D46C9B10446406821460C30C6
:10CA8000FFF73CFE90B1D4F80910D4F81500D4F8A3
:10CA90000D20D4F81130AB602960E8606A606068EE
:10CAA00029461030BDE83840FEF714BB0B2038BDD6
:10CAB0000B20704718B370B51546DAB104464068CC
:10CAC0000E460C302146FFF719FE98B1032E11DDFA
:10CAD000237A023B012B0FD82E7060682A4604F19E
:10CAE00040011030FEF7A2FB63682672012283F832
:10CAF000242070BD0B2070BD40F6380070BD0B20A7
:10CB0000704700BFA0B138B50D4679B10446006842
:10CB100028B163695A681969904700232360294640
:10CB200004F11000BDE83840FDF796BF0B2038BD7A
:10CB30000B20704780EA104383F03D03104A1149EF
:10CB400003EBC30383EA131302FB03F383EAD33338
:10CB5000A1FB0321090901EB4100C1EBC0010A4A15
:10CB60005B1A1A444FF00101D2E84F3FC2E8401F60
:10CB70000028F9D1BFF35B8FDBB2002BF4D17047F3
:10CB80002DEBD427C94216B2B855002080EA1043D5
:10CB900083F03D030B490C4ABFF35B8F03EBC303E8
:10CBA00083EA131301FB03F383EAD333A2FB0312DB
:10CBB000120902EB4201C2EBC1029B1A0349002297
:10CBC000CA5470472DEBD427C94216B2B85500207D
:10CBD00080EA104181F03D01154A164B01EBC1017D
:10CBE00081EA111102FB01F181EAD131A3FB01239A
:10CBF0001B0903EB4302C3EBC203D0B40E4CC91AAA
:10CC000062184FF0010CD2E84F3FC2E846CF002E29
:10CC1000F9D1BFF35B8FDBB2002BF4D1D0E9006711
:10CC2000BFF35B8F635430463946D0BC704700BFBA
:10CC30002DEBD427C94216B2B855002080EA104126
:10CC400081F03D0170B501EBC101144C144D81EA36
:10CC5000111104FB01F1134C81EAD131A4FB014E07
:10CC60004FEA1E1E0EEB4E04CEEBC40EA1EB0E0ED1
:10CC700005EB0E0C4FF00104DCE84F1FCCE8464FEB
:10CC8000002EF9D1BFF35B8FC9B20029F4D1C0E9FE
:10CC90000023BFF35B8F05F80E1070BD2DEBD4277A
:10CCA000B8550020C94216B280EA104C8CF03D0CF9
:10CCB00016490CEBCC0C8CEA1C1C01FB0CFC144937
:10CCC0008CEADC3C70B50546A1FB0C01090901EBBF
:10CCD0004100C1EBC0010F4EACEB010C06EB0C01A7
:10CCE0004FF0010ED1E84F4FC1E840EF0028F9D1D5
:10CCF000BFF35B8FE4B2002CF4D1D5E90001C5E9A4
:10CD00000023BFF35B8F06F80C4070BD2DEBD427DA
:10CD1000C94216B2B855002080EA104C8CF03D0C88
:10CD20001A490CEBCC0C8CEA1C1C01FB0CFC1849BE
:10CD30008CEADC3C70B58646A1FB0C01090901EBCD
:10CD40004100C1EBC001134DACEB010C05EB0C0134
:10CD50004FF00100D1E84F4FC1E8460F002EF9D146
:10CD6000BFF35B8FE4B2002CF4D1DEF80000DEF8F4
:10CD70000410821841EB0303CEF80020CEF80430F3
:10CD8000BFF35B8F05F80C4070BD00BF2DEBD427BF
:10CD9000C94216B2B855002008B530B131B10122F0
:10CDA00007F068FEB0FA80F0400908BD07F070FE99
:10CDB000B0FA80F0400908BD68B110B50C4629B141
:10CDC00007F038FD20B12060002010BD034810BDE1
:10CDD000034B236010BD0348704700BF7C4202082C
:10CDE000603E02086042020808B5044807F022FDD0
:10CDF00018B10378002B08BF002008BD9842020834
:10CE00000FB4F0B583B008AC0E9E84E80F004EB3AB
:10CE100008A8F7F7C1F828B300210FAB324608463F
:10CE2000CDE9003300F0F4F8431C05461AD00D9B01
:10CE30000C99471C9F4284BF1F4603F1FF353846BB
:10CE4000089B9847044668B1019B3246394600F07A
:10CE5000DFF8002802DB0023635504E0099B0C99EE
:10CE6000204698470024204603B0BDE8F04004B0B7
:10CE7000704700BF2DE9F04F2DED028B87B0804643
:10CE80000846CDF8048008EE102A8A46994608F034
:10CE9000B7F9002647460290B3461025B0461DE07C
:10CEA0000BF1010B5E4511D22E44D9F80830D9F8A8
:10CEB0001020B1009847002800F0888005EB450558
:10CEC000B5F5801F804628BF4FF48015019A08EB06
:10CED0008B03A21A43F8042C029BE71851463846EC
:10CEE00008F096FB04464046002CD9D1B8460746C8
:10CEF000404608F085F9019BA8EB03031C18049435
:10CF0000BBF1000F4AD018EE100A08F079F9029B25
:10CF1000D9F81010C31A0BFB03431A4605930646B3
:10CF2000D9F80030501C9847039000284FD0DDF806
:10CF300004803A684146F3F7D5F93D68039B0197B1
:10CF4000BA461D44029FCDF808900124D14618EE40
:10CF500010AA0AE0D9F80050AA1A8518F3F7C2F906
:10CF6000A34504F1010235D91446324651462846FC
:10CF7000F3F7B8F959F8042BA3453A4405EB06003A
:10CF800008EB0201E6D1049B9A1ADDE90179F3F777
:10CF9000A9F9039A0599002353540BE02046D9F8C8
:10CFA0000030D9F8101001309847039010B1019962
:10CFB00008F0C4F83846D9F80430D9F8101098476A
:10CFC000039807B0BDEC028BBDE8F08F4746002305
:10CFD0000393EFE7DDE90179DBE700BF0CB430B57F
:10CFE00083B006AB53F8042B019352B138B141B171
:10CFF00008F092FC03B0BDE8304002B07047002951
:10D00000F6D0F3F721F9162303604FF0FF30F1E774
:10D0100070B53AB120B129B1BDE8704008F07CBCD0
:10D020000029F9D0F3F710F9162303604FF0FF3011
:10D0300070BD00BF84B070B582B007AC84E80E004C
:10D040000546B0B108F0DCF8421C079B0B99019231
:10D05000064610469847044628B1019A2946F3F738
:10D0600041F90023A355204602B0BDE8704004B04A
:10D0700070470446F7E700BF82B0F8B506AC84E815
:10D080000C00054688B14F1C0E4638460A99904759
:10D09000044628B13A462946F3F724F90023A3555C
:10D0A0002046BDE8F84002B070470446F8E700BFEC
:10D0B000014B002018607047D055002030B1036844
:10D0C00033B119B19B680B60002070470B2070478B
:10D0D0001F20704730B1036833B119B1DB680B60B2
:10D0E000002070470B2070471F20704700285FD03A
:10D0F0002DE9F0410C46016882B0054629B1CB68A4
:10D10000A34206D91C460029F9D11F2002B0BDE870
:10D11000F0818B68A34247D00E6A002C34D0B4F162
:10D12000804F43D2A700D1F81880086832463946AC
:10D13000C04700283AD02B683246186039465868F4
:10D14000C047002832D02D68AB686860A34226D261
:10D150002A6800EB070C02EB830EE6454FEA8301D9
:10D1600000EB830603D202EB070C664522D3E31AD9
:10D170009A00704600210192F3F74EF9019A0021BE
:10D180003046F3F749F90AE04F6908683146B84775
:10D190002B68314658681C60B8472D686C600020C9
:10D1A000AC6002B0BDE8F0810020AFE70A20ADE737
:10D1B0000B2070470B1F18441344043A17440022F5
:10D1C00043F8042FBB4240F8042FF9D1E7E700BF32
:10D1D00082B070B504AC84E80C0080B306680446E5
:10D1E0002EB11E252846BDE8704002B0704704A845
:10D1F0000D46F6F7D1FE10B3049B089924209847FA
:10D20000206010B30DF1100EC0E90066C0E902669F
:10D2100000F1100CBEE80F00ACE80F00DEF80030A3
:10D22000CCF8003029462046FFF760FF054600286D
:10D23000D8D0059B0899206898472660D2E70B252F
:10D240002846BDE8704002B070470A25CAE700BF13
:10D250002DE9F04182B000283AD004680646002C3F
:10D2600032D0A3682BB3002522682F4652F8250040
:10D27000E0B1216AD4F814800191C047D4E90023B9
:10D2800042F82570019953F82500C047E3686268A9
:10D29000013B42F82570E3603468A36801359D4284
:10D2A00007D2226852F825000028E2D101359D42BC
:10D2B000DCD300213046FFF719FF044620B930685F
:10D2C0004369016A98473460204602B0BDE8F081A6
:10D2D0000B24204602B0BDE8F08100BF002831D009
:10D2E0002DE9F041056882B006466DB3AB682BB3FB
:10D2F00000242A68274652F82400E0B1296AD5F8AC
:10D3000014800191C047D5E9002342F824700199A7
:10D3100053F82400C047EB686A68013B42F8247068
:10D32000EB603568AB6801349C4207D22A6852F83A
:10D3300024000028E2D101349C42DCD3002002B05A
:10D34000BDE8F0810B2070471F20F8E72DE9F04F72
:10D350008FB0CDE9030200287DD0D0F800B0BBF13A
:10D36000000F00F0A1800F46002974D0002A72D06F
:10D37000DBF8143006930BF11005DBF8203007932F
:10D380000FCD09AC0FC42B682360384607F038FF77
:10D39000DBF808A0DBF8003005938046BAF1000FF7
:10D3A00000F086801E1F002456F8045F4FEA8409AF
:10D3B000284601345DB107F023FF40450246294667
:10D3C00038BF4246384607F089FF002848D0A245BA
:10D3D000EAD1DBF80C2052457CD00599002201E00F
:10D3E00052455CD00D4651F8043B94000132002BAD
:10D3F000F6D10CAE96E803008DE8030009AB0ECB26
:10D400003846FFF717FE039B28601B681A681259FD
:10D41000002A4BD096E803005B681D598DE8030095
:10D4200009AB0ECB0498FFF705FE0646002845D051
:10D43000039B1B685A6810512DB1069B079928461B
:10D440009847039B1B68DA6801320025DA6028469A
:10D450000FB0BDE8F08F0B2528460FB0BDE8F08F68
:10D46000DBF8043053F809400EAB054613E903001E
:10D470008DE8030009AB0ECB0498FFF7DBFDA8B1E4
:10D48000039B1B685B6843F80900002CDFD0204633
:10D490000799069B984728460FB0BDE8F08F059B7B
:10D4A000940003EB8205A4E71F25D0E70A25CEE709
:10D4B000DBF80C2072B11D4654469AE7039D07998C
:10D4C0002B681B681859069B98472B681B680A2510
:10D4D0001E51BCE70C25BAE700B3036870B50446DB
:10D4E000F3B10E4631B1154622B1FFF72FFF0C28DC
:10D4F00002D070BD0B2070BDF6F7C8FD2368996897
:10D5000081B149002046FFF7F1FD0028F1D12A46FC
:10D5100031462046BDE87040FFF718BF0B2070472A
:10D520001F2070BD0121EDE72DE9F04F83B00028E9
:10D530004DD0D0F800B0BBF1000F4DD00F46002900
:10D5400045D0084607F05CFEDBF80890DBF80030B9
:10D550000190B9F1000F17D0A3F1040A00245AF882
:10D56000045F4FEA8408284601345DB107F048FEA5
:10D57000019A824238BF02462946384607F0AEFE7D
:10D58000064630B1A145EAD12026304603B0BDE8B9
:10D59000F08FDBF82010DBF8144001912846A047FB
:10D5A000DBF80030019943F80860DBF8043053F8E9
:10D5B0000800A047DBF80C30DBF80420013B3046C4
:10D5C00042F80860CBF80C3003B0BDE8F08F0B26B2
:10D5D000304603B0BDE8F08F1F26D6E72DE9F843AB
:10D5E0000E4601B300B30068F0B1D0F808800768B8
:10D5F000B8F1000F17D0084607F002FE043F81463D
:10D60000002557F8044F0135204654B107F0F8FDC6
:10D6100048450246214638BF4A46304607F05EFE7E
:10D6200020B1A845EDD10020BDE8F8830120BDE878
:10D63000F88300BF30B3006820B32DE9F8430F46EC
:10D64000D1B1D0F808900668B9F1000F14D0904617
:10D65000043E002556F8044F0135204654B107F02A
:10D66000CFFD40450246214638BF4246384607F0C6
:10D6700035FE20B1A945EDD10020BDE8F883012099
:10D68000BDE8F883704700BF2DE9F84F884611B315
:10D6900008B3076807B3D7F808903E68B9F1000FE0
:10D6A00019D0084607F0ACFD043E8246002456F827
:10D6B000045F4FEA840B2846013455B107F0A0FD02
:10D6C00050450246294638BF5246404607F006FEFE
:10D6D00028B1A145EBD100273846BDE8F88F7B681B
:10D6E00053F80B703846BDE8F88F00BF2DE9F84FAE
:10D6F00000B30768FFB18846E1B1D7F808A03E68DB
:10D70000BAF1000F16D09146043E002456F8045F8B
:10D710004FEA840B2846013455B107F071FD4845A6
:10D720000246294638BF4A46404607F0D7FD28B191
:10D73000A245EBD100273846BDE8F88F7B6853F847
:10D740000B703846BDE8F88F68B3006858B3C368FB
:10D7500053B370B5846821B344B303680025A3F1C3
:10D76000040C01222B4600E072465CF8046F8E42E6
:10D7700004BF13460125A24202F1010EF4D3ADB15C
:10D78000A34213D2026803F18041013902EB810206
:10D7900001E0A34204D052F8040F01330028F8D06E
:10D7A00070BD0B46ECE7704718467047002070BD0F
:10D7B0002DE9F04F83B00190002800F09E808A464A
:10D7C000002900F09A80D0F80090B9F1000F39D00C
:10D7D0000B68BBB3D9F80C3083B3D9F808606EB3CB
:10D7E000D9F80040043C2246002301E0B34225D092
:10D7F00052F8045F0133002DF8D0284607F000FDF1
:10D8000027468046CDF80090B946002759F8044FC6
:10D810004FEA870B2046013754B107F0F1FC404531
:10D820000246214638BF4246284607F057FD58B108
:10D83000B742EBD1022003B0BDE8F08F002003B067
:10D84000BDE8F08F1F20FAE7009B5B6853F80B40A0
:10D85000002CEFD0DAF80030002BF3D02246294616
:10D860005046FFF773FD0C2833D00028E7D1019B09
:10D870001A680092002AE1D0D368002BDED09668A7
:10D88000002EDBD011680F1FBC460122034600E0CA
:10D8900072465CF8044FAC4204BF13460120B2420A
:10D8A00002F1010EF4D30028C8D0B342C6D203F16E
:10D8B0008042013A01EB820201E0B342BED052F84D
:10D8C000045F0133002DF8D0284607F099FC80460C
:10D8D0009AE7F6F7DBFBDAF80030996859B14900AE
:10D8E0005046FFF703FC0028A9D12246294650469E
:10D8F000FFF72CFDB9E70121F2E70B209FE700BFFE
:10D9000010B50446103000F00BF800230020002171
:10D91000C4E90001C4E91233A360204610BD00BF72
:10D9200010B5382204460021F2F776FD04F110000C
:10D9300000F00AF84FF0FF33E360204610BD00BF4F
:10D9400000220270426070470022027042607047FD
:10D9500028B3F0B5054683B008460C461746F6F7DF
:10D960001BFBC8B1C7B104F10C0393E803008DE8B9
:10D97000030094E80E006868FFF75CFB6B680646DE
:10D9800003B170B163687868216998477E602B782D
:10D990003B70002003B0F0BD0B2003B0F0BD0B20A6
:10D9A00070470A20F6E700BF18B370B5064682B08C
:10D9B00008460C461546F6F7EFFAA8B1A5B104F1F2
:10D9C0000C0393E803008DE80300304694E80E0052
:10D9D000FFF730FB064650B16868636821699847D5
:10D9E0006E60002002B070BD0B2002B070BD0A2036
:10D9F000F8E70B20704700BF80B138B504460846F1
:10DA00000D46F6F7C9FA38B160686B68296998471E
:10DA100000202070606038BD0B2038BD0B2070479F
:10DA200010B50446043005F0C7FD002323602046EE
:10DA300010BD00BF2DE9F04F2DED028B83B0DDF856
:10DA4000389010B30F4616461C46054601B1E2B1A8
:10DA50002046F6F7A1FAC0B1B9F1000F15D004F1D4
:10DA60000C0898E803008DE80300284694E80E00AF
:10DA7000FFF7E0FA8346C8B36FB90020C9F800B0D9
:10DA800003B0BDEC028BBDE8F08F0B2003B0BDEC02
:10DA9000028BBDE8F08F09F104032246394618468F
:10DAA00008EE103A05F0A6FD00BBD9F808A0043E28
:10DAB0003346054656469A4602E00135AF42DCD071
:10DAC00098E803008DE8030094E80E005AF8040F6C
:10DAD000FFF7B0FA46F82500D9F8086056F8253067
:10DAE000002BEAD118EE100A05F0A6FD584663682F
:10DAF000216998470A2003B0BDEC028BBDE8F08F86
:10DB00002DE9F041069DEDB1804618460F461646B8
:10DB10001C46F6F741FAA8B1286820B1636821696C
:10DB2000984700232B60281D05F086FD38B906951F
:10DB30002346324639464046BDE8F0417AE70120A7
:10DB4000BDE8F0810B20BDE8F08100BF50B32DE9A6
:10DB5000F041044682B008460D461646F6F71CFA18
:10DB6000E0B1DEB12846D4E90078A468F6F714FAEB
:10DB7000A0B1306820B16B682969984700233360F1
:10DB8000301D05F059FD78B900962B4622464146D6
:10DB90003846FFF74FFF02B0BDE8F0810B2002B01E
:10DBA000BDE8F0810B207047012002B0BDE8F08194
:10DBB000B0B138B5044608460D46F6F7EDF968B140
:10DBC000206820B16B682969984700232360201DD5
:10DBD00005F032FD003818BF012038BD0B2038BDDC
:10DBE0000B2070470022C0E900228260704700BF0E
:10DBF000F0B484B004AC04E90F0003462449039E4A
:10DC0000DDE9015002229942AA4130D3214CA3FB05
:10DC1000043204FB05226FF00041DD438C1A85427B
:10DC2000B44132D310EB030C42EB0601DDE90836B8
:10DC300017480A9D0B9F02229842B2411CD3154CF3
:10DC4000A3FB043204FB06226FF00040DE43841A7B
:10DC5000AE42BC4115D35B1942EB07028A4208BFB2
:10DC600063450CBF0120002004B0F0BC70474FF0AA
:10DC7000FF3C6FF00041D9E74FF0FF336FF00042F7
:10DC8000ECE74FF0FF330246E8E74FF0FF3CCDE70B
:10DC9000047DC12500CA9A3B70B485B004AC04E988
:10DCA0000F0003461249039EDDE90150022299420A
:10DCB000AA4111D30F4CA3FB043204FB05226FF0E1
:10DCC0000041DD438C1A8542B4410CD3181842EB55
:10DCD000060105B070BC70474FF0FF306FF0004197
:10DCE00005B070BC70474FF0FF3005B070BC704796
:10DCF000047DC12500CA9A3B70B51D1E044614DB85
:10DD0000164630460DA3D3E90023294606F036FB1C
:10DD10000AA3D3E90023C4E900013046294606F0EE
:10DD20002DFB2046C4E9022370BD034B0FCB84E8D2
:10DD30000F00204670BD00BFC839020800CA9A3BD8
:10DD40000000000082B0F8B506A981E80C00244963
:10DD50001F4691424FF00203BB4105462DD3214897
:10DD6000DDE90846A2FB002300FB07336FF000410A
:10DD7000D043C91AA042B1411FD3141943EB060680
:10DD8000002E1FDB14A3D3E900232046314606F002
:10DD9000F5FA02460B46204631461C4616460EA3AF
:10DDA000D3E9002306F0EAFA2846C5E90064C5E98C
:10DDB0000223BDE8F84002B070470B4A084E00232A
:10DDC0000224F1E7094B0FCB85E80F002846BDE898
:10DDD000F84002B0704700BF00CA9A3B0000000044
:10DDE000047DC12500CA9A3BFFD7F232C839020828
:10DDF00010B5402204460021F2F70EFB204610BD6C
:10DE0000002857D02DE9F0410D46002954D0164680
:10DE1000044607F0F5F948B123782F2B0DD00223E3
:10DE20002B603EB100203060BDE8F08101232B6003
:10DE3000002EF7D10020BDE8F081431EE25C2F2ABE
:10DE40003CD0631E03EB0008C4F1010E0EEB030788
:10DE500013F8011F21F02002413A192AA1F12F0CD9
:10DE60000BD95F2909D0BCF10A0F06D904232B6016
:10DE7000002EDFD037600020D6E74345E6D11A4FA9
:10DE8000012304E0984204F101041CD9134698428E
:10DE900003F10102F6D021782F29F3D161782F29DF
:10DEA0001CD0C95D4907EDD506222A60002EC1D0DD
:10DEB0003360BFE70B2070470B20B5E703222A60D1
:10DEC000002EF5D1B6E7F72802D800202860ABE78E
:10DED00007232B60002EADD0F623E9E705222A6048
:10DEE000002EE5D1A6E700BFB53A0208002857D0BA
:10DEF000002A55D000294DD02DE9F04104782F2C6F
:10DF000022D14D1E445D2F2C4ED0864675440138DB
:10DF1000CEF1010707EB000810F8014F24F0200CA8
:10DF2000ACF1410CBCF1190FA4F12F0613D95F2CF1
:10DF300011D00A2E0FD904211160002B37D0C3F85D
:10DF400000800020BDE8F081022111607BB3002039
:10DF50001860BDE8F081A842DCD1204E012004E029
:10DF600081420EF1010E28D92046814200F10104C0
:10DF7000F6D09EF800502F2DF2D19EF801502F2D93
:10DF800027D0AD5D6D07EBD5062111607BB1186020
:10DF90000020DEE70121116023B1002018607047E6
:10DFA0000B207047002070470321116013B9002037
:10DFB000BDE8F0811D600020CBE7F72902D80020E2
:10DFC0001060C6E707211160002BF0D0F6221A601E
:10DFD000EDE705211160002BD9D1E8E7B53A020839
:10DFE00007289ABF024B53F820000248704700BF31
:10DFF000D8390208A042020840B370B51446C2B036
:10E0000032B301290D461E4602D103782F2B12D0C0
:10E0100001AA6946FFF7F4FE78B9009B4BB1072BC4
:10E0200007D05A1E052A2BD8DFE802F02724211E2C
:10E030001B14F52D03D80020206042B070BD0723CB
:10E040002360002EF9D0F4233360F6E70B207047ED
:10E050000B20F2E706232360002EEED0019B3360F5
:10E06000EBE705232360F7E704232360F4E70323AA
:10E070002360F1E702232360EEE701232360EBE74F
:10E08000034A4FF4807102A8FEF7A8FF0120D4E7ED
:10E090003444020860B170B50D461646044607F0D8
:10E0A000AFF8334601462A462046BDE87040A3E754
:10E0B0000B20704707289ABF024B53F820000248F4
:10E0C000704700BFF83902088444020800283BD09A
:10E0D0002DE9F0410D46002938D01646044607F0D8
:10E0E0008FF8E0B1631E03EB0008C4F10101CF1803
:10E0F00013F801EFAEF130022EF0200C092AACF13A
:10E10000410C14D9BCF1190F11D9BEF15F0F0ED01B
:10E1100002232B6006B137600020BDE8F0810123A7
:10E120002B60002EF8D000203060BDE8F081434520
:10E13000DDD122780D4BD35C13F0040310D1FF28FE
:10E1400006D82B601846E8E70B2070470B20E4E761
:10E1500004222A60002EDFD0FE2232601846DCE75F
:10E1600003232B60002EDED1D6E700BFB53A0208AC
:10E17000A0B39AB361B32DE9F0414E1E00F1FF3C0C
:10E180000644C0F1010707EB0C081CF8014FA4F18D
:10E19000300524F0200E092DAEF1410E0CD9BEF150
:10E1A000190F09D95F2C07D0022111600BB1C3F8F8
:10E1B00000800020BDE8F0816645E4D10478114874
:10E1C000205C10F004000DD1FF2913D81060F1E796
:10E1D0000121116023B10020186070470B207047A7
:10E1E0000020704703211160002BE2D0002018604E
:10E1F000BDE8F08104211160002BDAD0FE221A6004
:10E20000D8E700BFB53A020804289ABF024B53F87A
:10E2100020000248704700BF183A02082C46020846
:10E220004068003818BF0120704700BF03464068AF
:10E2300058B142685A600AB1002111601A68426000
:10E2400002B1106000220260186070470B680BB1C9
:10E250004A685A604A6802B1136003688B42436897
:10E2600008BF02604B6003B1196000230B6041607E
:10E27000704700BF2DE9F04F91B0002800F0BC803E
:10E280008946002900F0B8800646006814461D46FD
:10E29000F7F7A2F8002800F0AF80002C00F0AC8067
:10E2A0002378002B00F0A880002D00F0A5805548B1
:10E2B000D6F80480FFF7BAFF0646002800F09D80DC
:10E2C0008768C7F8807000F00FF907F1880AF867CF
:10E2D000C7F884A0204606F093FF421C3C2A07F1B1
:10E2E0007C0600F2868021465046F1F7FBFF4FF492
:10E2F0007A732946C7F878807B67502207F120009F
:10E30000F1F7F0FF4049484602F0AAFC002870D01F
:10E3100043687B61002B6CD0D8F81030DFF8EC90AC
:10E3200003F580530721B3F8A005421CA3F8A025EC
:10E3300010F0E4FA09F1640A3861642378694A4606
:10E340005146F6F7AFFC002853D009F5827B09F15E
:10E35000C8023C2359462046F6F776FC002848D0F0
:10E36000D8F81030D3F884230CA82946CDE9082327
:10E37000F6F73EFC09F1C802CDE903B2CDE901A9E7
:10E3800000940CA803C8099B0590089AADF81810D2
:10E3900003F52870062307931168D8F814303A69FA
:10E3A00010F038FA0246D8F81000D0F88C33D0F8C4
:10E3B0008413F6F701FCE0B12B7AD8F810000022A4
:10E3C000022B4FF6FF71CDE90E120CBFD0E9DF230F
:10E3D000D0E9DD323A670B93D0F884230EAB00937B
:10E3E00011680B9B3A6900F5287013F0AFFF388372
:10E3F00003E03046F6F7B4FA0026304611B0BDE827
:10E40000F08F00BF00060020743D0208D4550020A4
:10E4100070B528B1044600680D46F6F7DDFF10B967
:10E420000124204670BD6368002BF9D0002DF7D081
:10E430002868F6F7D1FF0028F2D06E68002EEFD0E2
:10E44000646832692069D0F8883300F5287019684B
:10E4500013F0B6FF02462069D0F89033D0F8881345
:10E46000F6F7AAFB20693269D0F8883300F52870E6
:10E4700019680FF0CDFF02462069D0F89033D0F82C
:10E480008813F6F799FB0028284614BF00240224BD
:10E49000F6F766FAC5E700BF50B108B50B4649B1BB
:10E4A0004168502220311846F1F71CFF002008BDBA
:10E4B0000B2070470B2008BD50B108B50B4649B181
:10E4C0004168502220311846F1F70CFF002008BDAA
:10E4D0000B2070470B2008BD0320704703207047B6
:10E4E0000320704703207047014B1868704700BF36
:10E4F000303A020884B0F0B583B009AD85E80E006B
:10E5000030B104462846F5F747FD08B1A6682EB19C
:10E510000B2003B0BDE8F04004B070470022002398
:10E52000C4E90023204B1B68A3600FCD04F1200C2D
:10E53000ACE80F006F462B68CCF800303846E66137
:10E54000E660FFF701FA97E8030004F1100383E89F
:10E5500003000322154816492676F6F741F91348B9
:10E56000FFF764FEF0B1134A836851681078636363
:10E5700018745961D168D961116919625169926839
:10E580009A6159620EF0ACFC06F0EAF906F01AFA4C
:10E59000636B98620028F9D0002003B0BDE8F0401A
:10E5A00004B070470120B4E7303A0208C4070020E5
:10E5B000400700209405002070B588B060B10D467A
:10E5C00051B10446806828B1334B196806F04CFC01
:10E5D000002854D1AB681BB10B24204608B070BD95
:10E5E00023462A4604F13006D3F800C058689968DB
:10E5F000D3F80CE0C2F80CE01033B342C2F800C00C
:10E600005060916002F11002EED119685B685360AE
:10E61000116004F1200EBEE80F000DF10C0C6646EF
:10E62000ACE80F00DEF80030CCF800303046F5F7EB
:10E63000B3FC0028D0D008AB13E903008DE8030039
:10E6400096E80E00E069FEF7F5FCE861E36903B1C6
:10E65000F8B11248FFF7EAFDA8B183686B63626BFB
:10E6600002F1100C03F11005BCE80F000FC59CE887
:10E670000700002485E80700204608B070BD0C2480
:10E68000204608B070BD049B0799E86998470124AB
:10E69000A3E70A24A1E700BF303A0208C40700201C
:10E6A000002841D010B504468EB02030F5F774FC38
:10E6B00080B3A06820B11E4B196806F0D5FB88BB5B
:10E6C0001C4B196851B3626B01E0496831B38B6828
:10E6D0009A42FAD11748FFF7B9FD216B636AE069E6
:10E6E00098476846FFF71CF9EE46BEE80F00A446BF
:10E6F000ACE80F00BEE80F00ACE80F00BEE80F006A
:10E70000ACE80F009EE803008CE8030000231846E5
:10E710000EB010BD0B2318460EB010BD01231846D5
:10E720000EB010BD0C23F2E70B231846704700BF54
:10E73000303A0208C40700202DE9F04383B00028D6
:10E7400000F0D3800E46002900F0CF80436B0546D1
:10E75000002B00F0CA80784B80681F6828B13946CA
:10E7600006F082FB002840F0CA80D5E90023734CF4
:10E7700073497448B760C6E90023EB68B3640122AB
:10E78000F5F7CEFF204670490422F6F709F84FF05E
:10E7900000086C4884F80D80FFF748FD002800F061
:10E7A000A9808468686B416A90F810C0D0E906239C
:10E7B0000191006A009004F110096146484613F087
:10E7C00037F804F580534FF47A72C4E9E32204F574
:10E7D0005E72C4E9E1225D49C3F89485C3F8988567
:10E7E000C3F89C85C3F8A0855948C4E9DA780122AA
:10E7F000F464F5F775FF574957480522F5F750FFC0
:10E80000564957480A22F5F72BFF56495648012228
:10E81000F5F7E6FE554956480122F5F701FF55493F
:10E8200055480F22F5F79CFF544955480322F5F748
:10E83000D7FF544954480422F5F7F2FF534954488E
:10E840000422F6F70DF8696BF06C424600F0EEFF1B
:10E850000746002858D16B6B04F528759A6A04F5B1
:10E860002271284610F008F94A492246284610F03D
:10E8700027F949493A46284610F01EF947493A46D1
:10E88000284610F021F946493A46284610F020F96A
:10E89000B4F898220423920004F56571284610F01C
:10E8A00055F9B4F89822C4F874039200042304F6CE
:10E8B0009431284610F022F9C4F87803284610F065
:10E8C0003FF904F59C51C4F88003B4F89822143140
:10E8D000284610F001F9C4F87C03284610F0F4FE35
:10E8E000F8B1384603B0BDE8F0830B27384603B0D3
:10E8F000BDE8F0830127384603B0BDE8F0830C275C
:10E90000384603B0BDE8F083484612F0D3FF0D4807
:10E910002146FFF79BFC3846C6F84C8003B0BDE8A3
:10E92000F083484612F0C6FF06482146FFF78EFCEA
:10E93000F7640127D5E700BF303A0208200600201F
:10E9400060390020B0050020D8070020B83800202A
:10E95000C0050020102C0020E005002048300020D9
:10E96000D0050020482B0020F0050020802A002040
:10E9700000060020D82800201006002040070020B4
:10E98000C4070020C0060020300700203006002009
:10E99000B0060020793A0108713A0108113B0108DC
:10E9A000AD3B010870B594B0002850D00546806892
:10E9B00028B12B4B196806F057FA002843D1294B90
:10E9C000E96C1C68002C46D00026D4E9014002699D
:10E9D0008A4224D0002CF8D189B1D1F888339B78B1
:10E9E000012B01F5287014BF0A21002110F044FE0C
:10E9F000E86CF5F755FFE86C103012F05BFF002370
:10EA0000EB64B6B1184D2C6834B1214664682846D1
:10EA1000FFF71CFC002CF8D1304614B070BD183044
:10EA200000F088F9E96C0646002CCED10029D4D13B
:10EA3000E5E76846FEF764FF502269462846F1F78D
:10EA400051FC0026DEE70C26304614B070BD0B26C4
:10EA5000304614B070BD0029EBD02646BDE700BF9C
:10EA6000303A0208C005002020060020174BC16C78
:10EA700070B51C68054634B30026D4E9014002692C
:10EA80008A4218D0002CF8D189B1D1F888339B780C
:10EA9000012B01F5287014BF0A21002110F0ECFDB4
:10EAA000E86CF5F7FDFEE86C103012F003FF002370
:10EAB000EB64304670BD183000F03CF9E96C064656
:10EAC000002CDAD1E0E72646DEE700BFC0050020D3
:10EAD0002DE9F041054684B023480F461646FFF75E
:10EAE000A5FB044600283AD02B698468DFF87C80B7
:10EAF00003F58053C4E90565B3F89605421C02216D
:10EB0000A3F896250FF0FAFE3C22206141463846D4
:10EB1000F6F732FAF8B108F13C073046642239467C
:10EB2000F6F7FAF9B8B128690623D0F88423CDF8AE
:10EB30000080CDE9017300F5287011686B692269C6
:10EB40000FF0E4FC02462869D0F88C33D0F8841327
:10EB5000F6F732F818B92046F5F718FF00242046DA
:10EB600004B0BDE8F08100BF10060020145700205B
:10EB700038B58569D5B1044628692269D0F888334B
:10EB800000F5287019680FF043FC02462869D0F898
:10EB90009033D0F88813F6F70FF80028204614BFFA
:10EBA00000240224F5F7F2FE204638BD0124204659
:10EBB00038BD00BF144B1B6813B34FF0000CD3E9F2
:10EBC0000132D2F88010884212D0002BF7D10F4BBF
:10EBD0001B685BB1D3E90132116A8842F9D1D2696D
:10EBE000002AF6D00CF1010C002BF3D160467047DF
:10EBF000526A002AE9D00CF1010C002BDFD1E6E7C4
:10EC00009C46024B1B68E4E7D0050020E00500208D
:10EC10002DE9F04383B0002B5FD0064635480F4600
:10EC200090461D46FFF702FB002856D08468EB6C27
:10EC30002361FFF759FC04F12C09C4E90604C4F868
:10EC40002090304606F0DCFA421C3C2A04F11805FC
:10EC500040D84846314604F16809F1F743FBC4F84F
:10EC60002490384606F0CCFA421C3C2A32D8394669
:10EC70004846F1F737FB236903F580530121B3F8C8
:10EC800094054218A3F894250FF038FE60613B7894
:10EC90002F2B27D17B782BBB174A184833463C21B2
:10ECA00006F02CF820691549D0F88423009106213C
:10ECB0000191116862691FFA88F300F528700FF05E
:10ECC000F3FB02462069D0F88C33D0F88413F5F7B3
:10ECD00073FF18B92846F5F7E9FD0025284603B06B
:10ECE000BDE8F083064A00963B463C21034806F007
:10ECF00005F8D7E7C0050020A83D0208B45700205A
:10ED0000CC41020899B10B788C4683B110B41446FB
:10ED10004AB113783BB1826C0346214660465DF8E8
:10ED2000044BFFF775BF00205DF8044B70470020CF
:10ED3000704700BFF8B528B30746006820B1364BCE
:10ED4000196806F091F8E8B97D68DDB1334B1C68AD
:10ED5000002C5FD00026D4E90141D1F880309D42DB
:10ED600013D0002CF7D12E4B1C68C4B1D4E901415B
:10ED70000B6A9D42F9D17C31384600F0DBFB01285B
:10ED80000646F2D101263046F8BD84313846F5F703
:10ED90009DFB01280646F5D0002CDCD1E3E7214B92
:10EDA0001C686CB1D4E901418B6F9D42F9D17C3173
:10EDB000384600F063FA01280646E3D0002CF1D172
:10EDC000194B1C686CB1D4E901418B6F9D42F9D19C
:10EDD0007C313846FFF71CFB01280646D2D0002CB8
:10EDE000F1D128696A69D0F8883300F5287019686C
:10EDF0000FF00EFB02462869D0F89033D0F8881344
:10EE0000F5F7DAFE002808BF02263846F5F74EFD72
:10EE10003046F8BD2646A6E7303A0208D005002065
:10EE2000E0050020F00500200006002003207047C8
:10EE30004368186900F55A70704700BF2DE9F04328
:10EE4000044600688BB00E46154628B1214B196860
:10EE500006F00AF8002839D164686369D4F878802C
:10EE60009B689847D0F804903046D9F810309847FE
:10EE7000D8F8103000902269216F03F5287002AB9A
:10EE800011F06EF8002728606F6098B1D9F808304B
:10EE900002A93046984794F87230D8F81000012B38
:10EEA0000CD0616F00F5287010F048FA38460BB0AE
:10EEB000BDE8F08301200BB0BDE8F08300F52870B9
:10EEC0000FF07CFE38460BB0BDE8F0830C200BB091
:10EED000BDE8F083303A02082DE9F04305460068AA
:10EEE00089B00C4690461E4628B1284B196805F09B
:10EEF000BBFF002846D10EB100233370D5F8049033
:10EF0000F5F7DCFD4846F5F7B3FD0746B0B3856875
:10EF1000D5F83838D5F83C28C4E9082395F83738AF
:10EF20002374B5F8343895F83628E274A4F8113013
:10EF3000D5F82828D5F82C38D5F83018E161626169
:10EF4000A361D9F814309B6898474468D5F8102815
:10EF500005F1100168460FF067F9E368414668461D
:10EF60009847394604460A48FFF770F906B13470ED
:10EF700084F00100C0B209B0BDE8F083012009B0FF
:10EF8000BDE8F0830C2009B0BDE8F083303A0208F8
:10EF900020060020F0B50546006891B00C461646E4
:10EFA00028B1294B196805F05FFF002841D1D4E949
:10EFB000042306932346079213F8012B6D689B7870
:10EFC000A1688DF817208DF81630E268B4F801308A
:10EFD0006068ADF8143002AB07C36B69AF6FDB68D4
:10EFE0009847446830462369984700F11803386908
:10EFF00000932A69296F00F5287008AB10F0B0FF64
:10F0000010B9012011B0F0BD02A908A812F056F9FC
:10F01000A36808A93046984795F872303869012BE3
:10F020000AD0696F00F5287010F088F9002011B03F
:10F03000F0BD0C2011B0F0BD00F528700FF0BEFD42
:10F04000002011B0F0BD00BF303A02082DE9F041B8
:10F050000446006888B0884617461D4620B11E4BFE
:10F06000196805F001FF78BB0DB100232B706468AF
:10F07000F5F724FD2046F5F7FBFC064640B363692F
:10F080008468DB6804F5036252E90201C8E90801FB
:10F090009847D0F80480D4F8102804F1100168468D
:10F0A0000FF0C2F83946D8F80C3068469847314618
:10F0B00004460A48FFF7CAF805B12C7084F0010035
:10F0C000C0B208B0BDE8F0810C2008B0BDE8F08106
:10F0D000012008B0BDE8F081303A02082006002087
:10F0E0002DE9F04F91B0002800F0BC80894600293E
:10F0F00000F0B8800646006814461D46F6F76CF925
:10F10000002800F0AF80002C00F0AC802378002BAA
:10F1100000F0A880002D00F0A5805548D6F80480A6
:10F12000FFF784F80646002800F09D808768C7F83E
:10F130008070FFF7D9F907F1880AF867C7F884A04B
:10F14000204606F05DF8421C3C2A07F17C0600F2DE
:10F15000868021465046F1F7C5F84FF47A73294668
:10F16000C7F878807B67502207F12000F1F7BAF8E2
:10F170004049484601F074FD002870D043687B6127
:10F18000002B6CD0D8F81030DFF8EC9003F58053EA
:10F190000821B3F8A205421CA3F8A2250FF0AEFB8C
:10F1A00009F1640A3861642378694A465146F5F7E3
:10F1B00079FD002853D009F5827B09F1C8023C2370
:10F1C00059462046F5F740FD002848D0D8F81030C1
:10F1D000D3F884230CA82946CDE90823F5F708FDC8
:10F1E00009F1C802CDE903B2CDE901A900940CA848
:10F1F00003C8099B0590089AADF8181003F528700C
:10F20000062307931168D8F814303A690FF03CFBD5
:10F210000246D8F81000D0F88C33D0F88413F5F7F4
:10F22000CBFCE0B12B7AD8F810000022022B4FF66D
:10F23000FF71CDE90E120CBFD0E9DF23D0E9DD323A
:10F240003A670B93D0F884230EAB009311680B9BA5
:10F250003A6900F5287013F079F8388303E03046F6
:10F26000F5F768FB0026304611B0BDE8F08F00BF0F
:10F27000F0050020743D0208F057002070B528B159
:10F28000044600680D46F6F7A7F810B90124204699
:10F2900070BD6368002BF9D0002DF7D02868F6F711
:10F2A0009BF80028F2D06E68002EEFD064683269B7
:10F2B0002069D0F8883300F52870196813F080F8B9
:10F2C00002462069D0F89033D0F88813F5F774FC23
:10F2D00020693269D0F8883300F5287019680FF07A
:10F2E00097F802462069D0F89033D0F88813F5F7E4
:10F2F00063FC0028284614BF00240224F5F71AFBFB
:10F30000C5E700BF50B108B50B4649B1416850226E
:10F3100020311846F0F7E6FF002008BD0B207047AB
:10F320000B2008BD50B108B50B4649B141685022C9
:10F3300020311846F0F7D6FF002008BD0B2070479B
:10F340000B2008BD03207047032070472DE9F04FC4
:10F350008DB0002800F0D1800E46002900F0CD804D
:10F360000446006815469846F6F736F8002800F07F
:10F37000C480002D00F0C1802B78002B00F0BD80F0
:10F38000B8F1000F00F0B9805E48D4F80490FEF7A1
:10F390004DFF0446002800F0B1808768C7F88070F0
:10F3A000FFF7A2F807F1980AF867C7F884A0284683
:10F3B00005F026FF01303C2807F17C0400F296801E
:10F3C000514A2B463C21504605F098FC4146C7F86F
:10F3D0002090502207F12800F0F784FF4B49304677
:10F3E000F6F708F8002800F081804268BA61002A28
:10F3F0007CD0294643464846FFF76AFBF86100285F
:10F4000078D0D9F8103003F580530421B3F89C0567
:10F41000421CA3F89C250FF071FA3861D9F810004E
:10F420000625D0F88433009519683A69D9F8143064
:10F4300000F528700FF0D0F80246D9F81000D0F887
:10F440008C33D0F88413F5F7B7FB00284ED0D9F8E9
:10F45000103003F580532946B3F89E05421CA3F8EB
:10F460009E250FF04BFA08AED9F810A0FB69786121
:10F4700041463046DAF884B30593F5F7B9FB0395B6
:10F4800096E80300059B0190ADF808101B690093F6
:10F49000D7E90432DBF800100AF528700FF042F9C2
:10F4A0000246D9F81000D0F88C33D0F88413F5F761
:10F4B00083FBD8B198F80830D9F81000022B0CBFA4
:10F4C000D0F88033D0F8743307934FF6FF710022E1
:10F4D000CDE90A120AABD0F8841300937A69079B2E
:10F4E000096800F5287012F031FF07E0F86908B1EB
:10F4F000F5F74CFA2046F5F707FA002420460DB040
:10F50000BDE8F08FE0050020A83D0208743D020828
:10F510000320704750B108B50B4649B141685022ED
:10F5200028311846F0F7DEFE002008BD0B2070479A
:10F530000B2008BDF8B528B1044600680D46F5F764
:10F540004BFF10B901242046F8BD6368002BF9D0A9
:10F55000002DF7D02868F5F73FFF0028F2D06C683F
:10F56000002CEFD0266A62693069D0F8883300F544
:10F570002870196812F024FF02463069D0F89033E1
:10F58000D0F88813F5F718FBE069FFF7F1FA236A62
:10F5900062691869D0F8883300F5287019680EF090
:10F5A00037FF236A22691B69D3F888130446096868
:10F5B00003F528700EF02CFF37692246D7F89033F8
:10F5C000D7F8881304463846F5F7F6FA3669224626
:10F5D000D6F89033D6F8881304463046F5F7ECFA9F
:10F5E0002CB120B100242846F5F78EF9ABE70224B0
:10F5F000F9E700BF0320704703207047F0B50446C9
:10F60000006889B00F46154628B1244B196805F0EB
:10F610002BFC00283ED105B3646800232B70F5F75E
:10F620004DFA2046F5F724FA0646F0B1816868469F
:10F63000D1F8102810310EF0F7FDA3693946DB68C8
:10F6400068469847314604461548FEF7FFFD2C7082
:10F6500084F00100C0B209B0F0BD6468F5F72EFA7D
:10F660002046F5F705FA054610B9012009B0F0BDAE
:10F67000A9686846D1F8102810310EF0D5FDA369AD
:10F680003946DB6868469847294604460448FEF731
:10F69000DDFDDDE70C2009B0F0BD00BF303A020807
:10F6A00020060020F0B50446006889B00F461546D4
:10F6B00028B1244B196805F0D7FB00283ED105B3CB
:10F6C000646800232B70F5F7F9F92046F5F7D0F9B7
:10F6D0000646F0B181686846D1F8102810310EF066
:10F6E000A3FDA3693946DB6868469847314604465E
:10F6F0001548FEF7ABFD2C7084F00100C0B209B0D4
:10F70000F0BD6468F5F7DAF92046F5F7B1F905467A
:10F7100010B9012009B0F0BDA9686846D1F81028D9
:10F7200010310EF081FDA3693946DB6868469847C1
:10F73000294604460448FEF789FDDDE70C2009B0A0
:10F74000F0BD00BF303A0208200600202DE9F04F3E
:10F750008BB0074601930368149D8A46914643B1D6
:10F760002A4A00931846116805F07EFB009B00288A
:10F7700045D100262E60BAF1000F44D0DFF890B0DA
:10F780003446184619E099680093D1F810281031D2
:10F790000EF04AFDB2694146D26802A89047009B2C
:10F7A000064619465846FEF751FDDEB12E68A245C1
:10F7B00006F101062E6020D03868D9F8003053F8E1
:10F7C000268020B1114B196805F04EFB98B97E6870
:10F7D000F5F774F93046F5F74BF90346013402A802
:10F7E000002BD0D12E680120019BC9F804605E6017
:10F7F0000BB0BDE8F08F0C20F6E70020F4E70C20FA
:10F800000BB0BDE8F08F56465046EDE7303A02089F
:10F810002006002003207047032070470320704714
:10F8200003207047032070470320704708B508B1D4
:10F8300000F1100239B14969104612F007F880F062
:10F840000100C0B208BD044B1046596811F0FEFF1C
:10F8500080F00100C0B208BD940500202DE9F043FE
:10F8600089B00546129C0E4698469146002A00F043
:10F870000A816CB1AE4B0FCB04AF87E80F008DE867
:10F880000F0094E80F00FEF7B3F9002800F027817D
:10F890004FF0FF37F5F712F9A64B1C684CB1234621
:10F8A0000021D3E9013202F5805282F8A415002B21
:10F8B000F7D1B9F1000F11D0D9F8001071B1D9F812
:10F8C00004C0002301205CF82320926F12690133E9
:10F8D00002F58052994282F8A405F4D1B8F1000FE4
:10F8E00011D0D8F8001071B1D8F804C0002301205D
:10F8F0005CF82320926F1269013302F5805299421D
:10F9000082F8A405F4D185B1296871B1D5F804C095
:10F91000002301205CF82320126A1269013302F5EA
:10F920008052994282F8A405F4D14CB322460023B8
:10F93000D2E9012101F5805191F8A4150B44DBB205
:10F94000002AF5D1002B00F084807A1C0DD007EE40
:10F95000907AF8EEE76A07EE903AF8EE677A86EE6C
:10F96000A77AFDEEC77A17EE907AA06800F580536B
:10F9700093F8A435002B40F090806468002CF4D1FB
:10F98000B9F1000F00F0BC80D9F80070002F00F032
:10F990008E8000242746D9F8043053F82400F5F768
:10F9A00067F800285FD0D9F800300134A3424FF047
:10F9B0000107F0D8B8F1000F12D0D8F800307BB1B1
:10F9C0000024D8F8043053F82400F5F751F8002843
:10F9D00051D0D8F800300134A3424FF00107F0D8DD
:10F9E000DDB12B68CBB100246B6853F82400F5F728
:10F9F0003FF858B12B680134A34269D96B6853F8BA
:10FA000024000127F5F734F80028F3D1D5E90032B6
:10FA100042F824000134A342E6D8A6B1346894B178
:10FA200000231D4604E040F823200133A3420AD0FE
:10FA3000706850F823100A7C002AF4D00133A342E6
:10FA40000D741746F4D1002F3ED0002009B0BDE858
:10FA5000F083A068002100F528700FF035FC646881
:10FA6000002CF6D18CE7D9E9003242F824000134A9
:10FA7000A34290D89EE7D8E9003242F8240001342E
:10FA80009C429ED3ACE7002B7FF4F3AE00287FF4BA
:10FA9000F0AE00297FF4EDAED7E7394600F52870C7
:10FAA0000FF02CFC6468002C7FF45FAF68E7B8F1BE
:10FAB000000F32D0D8F80030002B81D11F46002D26
:10FAC0008FD12F46002EA9D1022009B0BDE8F083C6
:10FAD000002EBAD034680127002CA1D1B5E794E8F4
:10FAE0000F00FEF7D9F80023134A04F097FCB0F199
:10FAF000004F71F100030746A8BF6FF00047C9E649
:10FB0000B8F1000F09D0D8F800304F46002B7FF431
:10FB100057AF002D7FF465AFD3E77DB12B68474623
:10FB2000002B7FF460AF002E7FF478AFCCE700BFEE
:10FB3000383A0208B005002040420F00002EC3D022
:10FB400034682F46002C7FF46BAFBDE708B503483F
:10FB5000FEF76CFB08B18068103008BD300700204C
:10FB600008B5084B196811B90AE0496841B18B68BA
:10FB700010339842F9D10348FEF768FB002008BD16
:10FB8000012008BD3007002030B5044687B030B1F1
:10FB90000D4631B90846C4E90005A560012007B04B
:10FBA00030BD01A8F4F7EAF9019B0599A800984730
:10FBB0000028F0D1F3E700BF88B110B5036886B024
:10FBC000044653B101A8F4F7D9F9029B05992068BE
:10FBD00098470023C4E90033A36006B010BD704706
:10FBE000D0B1E9B130B44B6845689D4211D1A5B19F
:10FBF00004680A68002301E09D420ED0B4EC017A4B
:10FC0000F2EC017AB4EE677AF1EE10FA03F1010337
:10FC1000F2D0002030BC70477047012030BC7047E4
:10FC20000846704730B5044687B0D8B10D46D9B103
:10FC300042688B6893420DD201A8F4F79FF961687E
:10FC4000039B059A28688900984758B16268AA60A2
:10FC5000286000E0086821689200F0F743FB6368C1
:10FC60006B60012007B030BD084607B030BD00BF53
:10FC700030B5044687B030B10D4631B90846C4E905
:10FC80000005A560012007B030BD01A8F4F776F9A2
:10FC9000019B0599E80098470028F0D1F3E700BFE1
:10FCA00088B110B5036886B0044653B101A8F4F7D3
:10FCB00065F9029B0599206898470023C4E9003341
:10FCC000A36006B010BD7047C0B1D1B1F8B54768A8
:10FCD0004B689F4210D197B106680D68002401E07F
:10FCE000A7420CD0F5E80223F6E80201013404F043
:10FCF00013FB0028F4D1F8BD0020F8BD70470120A7
:10FD0000F8BD0846704700BF30B5044687B0D8B18B
:10FD10000D46D9B142688B6893420DD201A8F4F721
:10FD20002DF96168039B059A2868C900984758B166
:10FD30006268AA60286000E008682168D200F0F7D5
:10FD4000D1FA63686B60012007B030BD084607B088
:10FD500030BD00BF30B5044687B030B10D4631B973
:10FD60000846C4E90005A560012007B030BD01A820
:10FD7000F4F704F9019B0599E80098470028F0D1B1
:10FD8000F3E700BF88B110B5036886B0044653B1ED
:10FD900001A8F4F7F3F8029B05992068984700231F
:10FDA000C4E90033A36006B010BD7047C0B1D1B143
:10FDB000F8B547684B689F4210D197B106680D6847
:10FDC000002401E0A7420CD0F5E80223F6E8020186
:10FDD000013404F0A1FA0028F4D1F8BD0020F8BDE8
:10FDE00070470120F8BD0846704700BF30B5044693
:10FDF00087B0D8B10D46D9B142688B6893420DD215
:10FE000001A8F4F7BBF86168039B059A2868C9004C
:10FE1000984758B16268AA60286000E008682168C5
:10FE2000D200F0F75FFA63686B60012007B030BD65
:10FE3000084607B030BD00BF30B5044687B030B1CA
:10FE40000D4631B90846C4E90005A560012007B098
:10FE500030BD01A8F4F792F8019B05992846984710
:10FE60000028F0D1F3E700BF88B110B5036886B071
:10FE7000044653B101A8F4F781F8029B0599206864
:10FE800098470023C4E90033A36006B010BD704753
:10FE9000B0B1A1B143684A68934210D18BB10068F8
:10FEA0000A6803F1FF3C013A431E844401E06345C4
:10FEB00007D013F9010F12F9011F8842F7D0002073
:10FEC00070470120704700BF30B5044687B0C8B105
:10FED0000D46C9B142688B6893420CD201A8F4F771
:10FEE0004DF8039B059A61682868984750B162688D
:10FEF000AA60286000E008682168F0F7F3F96368F9
:10FF00006B60012007B030BD084607B030BD00BFB0
:10FF100030B5044687B030B10D4631B90846C4E962
:10FF20000005A560012007B030BD01A8F4F726F850
:10FF3000019B0599680098470028F0D1F3E700BFBE
:10FF400088B110B5036886B0044653B101A8F4F730
:10FF500015F8029B0599206898470023C4E90033EF
:10FF6000A36006B010BD7047D0B1F1B110B44B68BA
:10FF700044689C4210D1A4B103680A68991E023AF1
:10FF8000002301E09C420CD031F802CF32F8020F7E
:10FF9000844503F10103F5D000205DF8044B704760
:10FFA000704701205DF8044B70470846704700BF5A
:10FFB00030B5044687B0D8B10D46D9B142688B68D8
:10FFC00093420DD201A8F3F7D9FF6168039B059A0C
:10FFD00028684900984758B16268AA60286000E024
:10FFE000086821685200F0F77DF963686B600120B2
:10FFF00007B030BD084607B030BD00BF30B504467D
:020000040801F1
:1000000087B030B10D4631B90846C4E90005A56096
:10001000012007B030BD01A8F3F7B0FF019B05999F
:10002000284698470028F0D1F3E700BF88B110B503
:10003000036886B0044653B101A8F3F79FFF029B03
:100040000599206898470023C4E90033A36006B0EF
:1000500010BD7047B0B1A1B143684A68934210D156
:100060008BB100680A6803F1FF3C013A431E8444E7
:1000700001E0634507D013F8010F12F8011F884211
:10008000F7D0002070470120704700BF30B504460C
:1000900087B0C8B10D46C9B142688B6893420CD293
:1000A00001A8F3F76BFF039B059A616828689847DE
:1000B00050B16268AA60286000E008682168F0F723
:1000C00011F963686B60012007B030BD084607B0C6
:1000D00030BD00BF30B5044687B030B10D4631B9F0
:1000E0000846C4E90005A560012007B030BD01A89D
:1000F000F3F744FF019B0599284698470028F0D163
:10010000F3E700BF88B110B5036886B0044653B169
:1001100001A8F3F733FF029B059920689847002355
:10012000C4E90033A36006B010BD7047B0B1A1B1FF
:1001300043684A68934210D18BB100680A6803F1A2
:10014000FF3C013A431E844401E0634507D013F8A5
:10015000010F12F8011F8842F7D0002070470120DC
:10016000704700BF30B5044687B0C8B10D46C9B16D
:1001700042688B6893420CD201A8F3F7FFFE039B01
:10018000059A61682868984750B16268AA6028603B
:1001900000E008682168F0F7A5F863686B6001204B
:1001A00007B030BD084607B030BD00BF30B50446CB
:1001B00087B030B10D4631B90846C4E90005A560E5
:1001C000012007B030BD01A8F3F7D8FE019B0599C7
:1001D000284698470028F0D1F3E700BF88B110B552
:1001E000036886B0044653B101A8F3F7C7FE029B2B
:1001F0000599206898470023C4E90033A36006B03E
:1002000010BD7047B0B1A1B143684A68934210D1A4
:100210008BB100680A6803F1FF3C013A431E844435
:1002200001E0634507D013F8010F12F8011F88425F
:10023000F7D0002070470120704700BF30B504465A
:1002400087B0C8B10D46C9B142688B6893420CD2E1
:1002500001A8F3F793FE039B059A61682868984705
:1002600050B16268AA60286000E008682168F0F771
:1002700039F863686B60012007B030BD084607B0ED
:1002800030BD00BF30B5044687B030B10D4631B93E
:100290000846C4E90005A560012007B030BD01A8EB
:1002A000F3F76CFE019B0599284698470028F0D18A
:1002B000F3E700BF88B110B5036886B0044653B1B8
:1002C00001A8F3F75BFE029B05992068984700237D
:1002D000C4E90033A36006B010BD7047B0B1A1B14E
:1002E00043684A68934210D18BB100680A6803F1F1
:1002F000FF3C013A431E844401E0634507D013F9F3
:10030000010F12F9011F8842F7D000207047012029
:10031000704700BF30B5044687B0C8B10D46C9B1BB
:1003200042688B6893420CD201A8F3F727FE039B27
:10033000059A61682868984750B16268AA60286089
:1003400000E008682168EFF7CDFF63686B6001206B
:1003500007B030BD084607B030BD00BF30B5044619
:1003600087B030B10D4631B90846C4E90005A56033
:10037000012007B030BD01A8F3F700FE019B0599ED
:10038000680098470028F0D1F3E700BF88B110B5A6
:10039000036886B0044653B101A8F3F7EFFD029B52
:1003A0000599206898470023C4E90033A36006B08C
:1003B00010BD7047D0B1F1B110B44B6844689C4295
:1003C00010D1A4B103680A68991E023A002301E023
:1003D0009C420CD031F802CF32F8020F844503F171
:1003E0000103F5D000205DF8044B704770470120F1
:1003F0005DF8044B70470846704700BF30B50446AF
:1004000087B0D8B10D46D9B142688B6893420DD2FE
:1004100001A8F3F7B3FD6168039B059A28684900BA
:10042000984758B16268AA60286000E008682168AF
:100430005200EFF757FF63686B60012007B030BDD3
:10044000084607B030BD00BF30B5044687B030B1B4
:100450000D4631B90846C4E90005A560012007B082
:1004600030BD01A8F3F78AFD019B05996800984704
:100470000028F0D1F3E700BF88B110B5036886B05B
:10048000044653B101A8F3F779FD029B0599206852
:1004900098470023C4E90033A36006B010BD70473D
:1004A000D0B1F1B110B44B6844689C4210D1A4B1F2
:1004B00003680A68991E023A002301E09C420CD0AE
:1004C00031F902CF32F9020F844503F10103F5D06F
:1004D00000205DF8044B7047704701205DF8044B25
:1004E00070470846704700BF30B5044687B0D8B1A2
:1004F0000D46D9B142688B6893420DD201A8F3F73B
:100500003DFD6168039B059A28684900984758B1EA
:100510006268AA60286000E0086821685200EFF76E
:10052000E1FE63686B60012007B030BD084607B08C
:1005300030BD00BF30B5044687B030B10D4631B98B
:100540000846C4E90005A560012007B030BD01A838
:10055000F3F714FD019B0599A80098470028F0D1F6
:10056000F3E700BF88B110B5036886B0044653B105
:1005700001A8F3F703FD029B059920689847002323
:10058000C4E90033A36006B010BD7047C8B1E1B143
:1005900030B44B6845689D4210D19DB103680A682C
:1005A000191F043A002301E09D420BD051F8044F7B
:1005B00052F8040F844203F10103F5D0002030BC4F
:1005C00070477047012030BC70470846704700BF35
:1005D00030B5044687B0D8B10D46D9B142688B68B2
:1005E00093420DD201A8F3F7C9FC6168039B059AF9
:1005F00028688900984758B16268AA60286000E0BE
:10060000086821689200EFF76DFE63686B60012057
:1006100007B030BD084607B030BD00BF30B5044656
:1006200087B030B10D4631B90846C4E90005A56070
:10063000012007B030BD01A8F3F7A0FC019B05998C
:10064000A80098470028F0D1F3E700BF88B110B5A3
:10065000036886B0044653B101A8F3F78FFC029BF0
:100660000599206898470023C4E90033A36006B0C9
:1006700010BD7047C8B1E1B130B44B6845689D42C8
:1006800010D19DB103680A68191F043A002301E0E4
:100690009D420BD051F8044F52F8040F844203F1ED
:1006A0000103F5D0002030BC70477047012030BCFA
:1006B00070470846704700BF30B5044687B0D8B1D0
:1006C0000D46D9B142688B6893420DD201A8F3F769
:1006D00055FC6168039B059A28688900984758B1C2
:1006E0006268AA60286000E0086821689200EFF75D
:1006F000F9FD63686B60012007B030BD084607B0A4
:1007000030BD00BF30B5044687B030B10D4631B9B9
:100710000846C4E90005A560012007B030BD01A866
:10072000F3F72CFC019B0599E80098470028F0D1CD
:10073000F3E700BF88B110B5036886B0044653B133
:1007400001A8F3F71BFC029B05992068984700233A
:10075000C4E90033A36006B010BD7047E8B101B32F
:10076000F0B44B6846689E4214D1BEB10B68026873
:10077000083B083A002101E08E420FD052F8085F92
:1007800053F8084F57685868874208BFA54201F1DF
:100790000101F1D00020F0BC704770470120F0BC8F
:1007A00070470846704700BF30B5044687B0D8B1DF
:1007B0000D46D9B142688B6893420DD201A8F3F778
:1007C000DDFB6168039B059A2868C900984758B10A
:1007D0006268AA60286000E008682168D200EFF72C
:1007E00081FD63686B60012007B030BD084607B02B
:1007F00030BD00BF30B5044687B030B10D4631B9C9
:100800000846C4E90005A560012007B030BD01A875
:10081000F3F7B4FB019B0599E80098470028F0D155
:10082000F3E700BF88B110B5036886B0044653B142
:1008300001A8F3F7A3FB029B0599206898470023C2
:10084000C4E90033A36006B010BD7047E8B101B33E
:10085000F0B44B6846689E4214D1BEB10B68026882
:10086000083B083A002101E08E420FD052F8085FA1
:1008700053F8084F57685868874208BFA54201F1EE
:100880000101F1D00020F0BC704770470120F0BC9E
:1008900070470846704700BF30B5044687B0D8B1EE
:1008A0000D46D9B142688B6893420DD201A8F3F787
:1008B00065FB6168039B059A2868C900984758B191
:1008C0006268AA60286000E008682168D200EFF73B
:1008D00009FD63686B60012007B030BD084607B0B2
:1008E00030BD00BF30B5044687B030B10D4631B9D8
:1008F0000846C4E90005A560012007B030BD01A885
:10090000F3F73CFB019B0599284698470028F0D156
:10091000F3E700BF88B110B5036886B0044653B151
:1009200001A8F3F72BFB029B059920689847002349
:10093000C4E90033A36006B010BD7047B0B1A1B1E7
:1009400043684A68934210D18BB100680A6803F18A
:10095000FF3C013A431E844401E0634507D013F88D
:10096000010F12F8011F8842F7D0002070470120C4
:10097000704700BF30B5044687B0C8B10D46C9B155
:1009800042688B6893420CD201A8F3F7F7FA039BF5
:10099000059A61682868984750B16268AA60286023
:1009A00000E008682168EFF79DFC63686B60012038
:1009B00007B030BD084607B030BD00BF30B50446B3
:1009C00087B030B10D4631B90846C4E90005A560CD
:1009D000012007B030BD01A8F3F7D0FA019B0599BB
:1009E000284698470028F0D1F3E700BF88B110B53A
:1009F000036886B0044653B101A8F3F7BFFA029B1F
:100A00000599206898470023C4E90033A36006B025
:100A100010BD7047B0B1A1B143684A68934210D18C
:100A20008BB100680A6803F1FF3C013A431E84441D
:100A300001E0634507D013F8010F12F8011F884247
:100A4000F7D0002070470120704700BF30B5044642
:100A500087B0C8B10D46C9B142688B6893420CD2C9
:100A600001A8F3F78BFA039B059A616828689847F9
:100A700050B16268AA60286000E008682168EFF75A
:100A800031FC63686B60012007B030BD084607B0D9
:100A900030BD00BF30B5044687B030B10D4631B926
:100AA0000846C4E90005A560012007B030BD01A8D3
:100AB000F3F764FA019B0599A80098470028F0D144
:100AC000F3E700BF88B110B5036886B0044653B1A0
:100AD00001A8F3F753FA029B059920689847002371
:100AE000C4E90033A36006B010BD7047D0B1E9B1CE
:100AF00030B44B6845689D4211D1A5B104680A68BD
:100B0000002301E09D420ED0B4EC017AF2EC017AB0
:100B1000B4EE677AF1EE10FA03F10103F2D000208F
:100B200030BC70477047012030BC704708467047A2
:100B300030B5044687B0D8B10D46D9B142688B684C
:100B400093420DD201A8F3F719FA6168039B059A45
:100B500028688900984758B16268AA60286000E058
:100B6000086821689200EFF7BDFB63686B600120A5
:100B700007B030BD084607B030BD00BF30B50446F1
:100B800087B030B10D4631B90846C4E90005A5600B
:100B9000012007B030BD01A8F3F7F0F9019B0599DA
:100BA000E80098470028F0D1F3E700BF88B110B5FE
:100BB000036886B0044653B101A8F3F7DFF9029B3E
:100BC0000599206898470023C4E90033A36006B064
:100BD00010BD7047C0B1D1B1F8B547684B689F42AE
:100BE00010D197B106680D68002401E0A7420CD02F
:100BF000F5E80223F6E80201013403F08DFB00283A
:100C0000F4D1F8BD0020F8BD70470120F8BD0846BA
:100C1000704700BF30B5044687B0D8B10D46D9B192
:100C200042688B6893420DD201A8F3F7A7F9616877
:100C3000039B059A2868C900984758B16268AA6062
:100C4000286000E008682168D200EFF74BFB63687A
:100C50006B60012007B030BD084607B030BD00BF53
:100C60008368184710B50446006804F0FDF80028B2
:100C70000CBF2046002010BD2DE9F0410568044658
:100C800028460E4604F0F0F8C8B1114B1B689D428F
:100C900012D1D4F80480D8F800406CB1D8F80850CC
:100CA0000027043D55F8040F314604F0DDF8BB0081
:100CB00040B10137BC42F5D10020BDE8F0812046AB
:100CC000BDE8F081D8F81020BDE8F041D3581847AE
:100CD000C80300202DE9F843054600284AD000F05B
:100CE00061FB044680B305F1140600213046F4F799
:100CF0007BFC0446002849D005F120070021384636
:100D0000FEF7B6FF0446C8B305F12C0800214046A3
:100D1000FEF7AEFF0446F0B305F13809002148465E
:100D2000FEF7A6FF044610BB284600F05FFB3046E6
:100D3000F4F7A2FC3846FEF7B3FF4046FEF7B0FFDB
:100D40004846FEF7ADFF12E0284600F04FFB05F1E4
:100D50001400F4F791FC05F12000FEF7A1FF05F166
:100D60002C00FEF79DFF05F13800FEF799FF2046A5
:100D7000BDE8F88304462046BDE8F883284600F025
:100D800035FB3046F4F778FC3846E6E7284600F0B5
:100D90002DFB3046DDE7284600F028FB3046F4F70F
:100DA0006BFC3846FEF77CFF4046FEF779FF05F105
:100DB0003800FEF775FFDAE72DE9F04786B0824686
:100DC000894601A8F3F7DAF8B9F1000F3CD0DDE964
:100DD00004384421424648469847074600283DD0FB
:100DE0000646002402E00134A1452ED03046FFF72C
:100DF00071FF443605460028F5D1A14525D9DCB15F
:100E000004EB041407EB8404443C204600F0EEFAA3
:100E100004F11400F4F730FC04F12000FEF740FF69
:100E200004F12C00FEF73CFF04F13800FEF738FF18
:100E3000BC42A4F14404E8D13846029B414698479D
:100E4000284606B0BDE8F0874F46CAE90079CAF8DF
:100E500008900125284606B0BDE8F0870546F9E769
:100E6000A8B110B5044600F0C1FA04F11400F4F77B
:100E700003FC04F12000FEF713FF04F12C00FEF741
:100E80000FFF04F13800BDE81040FEF709BF7047BE
:100E900040B338B50D4619B1044600F0B3FA08B9AD
:100EA000002038BD05F1140104F11400F4F74CFCE6
:100EB0000028F5D005F1200104F12000FEF704FF21
:100EC0000028EDD005F12C0104F12C00FEF7FCFE0A
:100ED0000028E5D005F1380104F13800BDE83840BC
:100EE000FEF7F2BE0020704740B338B50D4619B189
:100EF000044600F09BFA08B9002038BD05F1140142
:100F000004F11400F4F752FC0028F5D005F120019B
:100F100004F12000FEF7F8FE0028EDD005F12C01C9
:100F200004F12C00FEF7F0FE0028E5D005F13801B1
:100F300004F13800BDE83840FEF7E6BE00207047F7
:100F400070B586B001A8F3F719F8059E019B3146EC
:100F500044209847044640B144220021EFF75CFA50
:100F60002046FFF7B7FE054610B1204606B070BD1B
:100F70002046029B314698472C46204606B070BD5D
:100F800010B586B0044601A8F2F7F8FF94B12046E8
:100F900000F02CFA04F11400F4F76EFB04F12000C9
:100FA000FEF77EFE04F12C00FEF77AFE04F1380015
:100FB000FEF776FE0599029B204606B0BDE810407C
:100FC000184700BF00B1F7E6704700BF002835D0D2
:100FD00070B5064686B001A8F2F7D0FF33683BB380
:100FE000B268EAB1002505EB051413EB8404204632
:100FF00020D000F0FBF904F11400F4F73DFB04F1FC
:101000002000FEF74DFE04F12C00FEF749FE04F12E
:101010003800FEF745FEB268336801359542E2D3E9
:101020001846029A059990470023C6E90033B36039
:1010300006B070BD01359542D5D3F1E7704700BFCA
:1010400070B586B0054601A8F2F798FF059E019B92
:1010500031460C209847044620B12946FFF7ACFEE4
:10106000054610B1204606B070BD2046029B3146B1
:1010700098472C46204606B070BD00BF70B58AB0B8
:1010800006466846F2F77AFF66B305A8F2F776FFE0
:1010900033683BB3B268EAB1002505EB051413EBE6
:1010A0008404204625D000F0A1F904F11400F4F7DF
:1010B000E3FA04F12000FEF7F3FD04F12C00FEF743
:1010C000EFFD04F13800FEF7EBFDB268336801353F
:1010D0009542E2D31846069A099990470023C6E93B
:1010E0000033B3600499019B30460AB0BDE87040FC
:1010F000184701359542D0D3ECE700BF002847D010
:101100002DE9F041884600293FD043684A68934260
:1011100006463AD1002B3DD00568B5B30C68A4B3A0
:10112000002727E0F4F710FB04F1200168B305F174
:101130002000FEF7C9FD04F12C0130B305F12C00AD
:10114000FEF7C2FD034604F1380105F13800E3B1B2
:10115000FEF7BAFD013707EB0715B0B17368BB4264
:1011600018D9D8F80040336804EB850413EB8505E3
:101170000BD054B12146284600F044F9034604F14F
:10118000140105F11400002BCCD10020BDE8F08142
:10119000002070470120BDE8F08100BF00283AD050
:1011A0002DE9F041884686B089B345688B68AB422B
:1011B000064632D3C8F80450002D00F0868034680B
:1011C0002CB3D8F8005015B300272946204600F06C
:1011D0002DF9034605F1140104F11400BBB1F4F735
:1011E000E5FA034605F1200104F120007BB1FEF78A
:1011F0008BFD05F12C0150B104F12C00FEF784FDAC
:10120000034605F1380104F13800002B61D10020BC
:1012100006B0BDE8F0810020704701A805EB051578
:10122000F2F7ACFE039B059AD8F80000A900984796
:101230000028ECD07568D8F80840C8F80000AC4227
:1012400006D35CE075680134A54258D9D8F800008F
:1012500004EB041300EB8300FFF73CFD0028F1D101
:10126000D8F80820A24204F1FF35D0D2D8F80030D7
:1012700005EB051413EB8404204620D000F0B6F8EB
:1012800004F11400F4F7F8F904F12000FEF708FD6A
:1012900004F12C00FEF704FD04F13800FEF700FD18
:1012A000D8F80820AA4205F1FF31B0D2D8F80030B2
:1012B0000D4605EB051413EB84042046DED1954260
:1012C00005F1FF31A3D90D46F3E7012006B0BDE8D3
:1012D000F081FEF719FD013707EB0714002896D0BF
:1012E0007368BB42F1D9D8F80050336805EB840528
:1012F00013EB84048BD0002D7FF467AF87E7C8F829
:10130000085057E72DE9F04786B082460E4601A8FF
:10131000F2F734FE002E3CD0DDE9043814214246B9
:1013200030469847074688B30546002407E0F4F79F
:101330006DF868B10134A64205F114052AD028469B
:1013400000F0DEFB05F1080903464846002BEED10C
:10135000284600F0D9FB4846F4F76EF8A64219D9A2
:101360007CB104EB840407EB8404143C204600F0B9
:10137000CBFB04F10800F4F75FF8BC42A4F11404BD
:10138000F4D13846029B41469847002006B0BDE89C
:10139000F08737460120CAE90076CAF8086006B02F
:1013A000BDE8F08770B50546A8B100F0A9FB04467A
:1013B00040B105F108063046F4F728F8044668B154
:1013C000204670BD284600F09FFB05F10800F4F7A9
:1013D00033F8204670BD0446204670BD284600F014
:1013E00093FB3046F4F728F8EAE700BF48B110B5A0
:1013F000044600F089FB04F10800BDE81040F4F752
:101400001BB8704780B138B50D4619B1044600F0DD
:101410007DFB08B9002038BD05F1080104F1080082
:10142000BDE83840F4F750B80020704780B138B5B7
:101430000D4619B1044600F079FB08B9002038BD0B
:1014400005F1080104F10800BDE83840F4F7A2B83E
:101450000020704770B586B001A8F2F78FFD059D9A
:10146000019B294614209847044670B1002303606D
:1014700043608360C360036100F042FBB0B104F1DC
:1014800008063046F3F7C2FF10B1204606B070BD23
:10149000204600F039FB3046F3F7CEFF2046029B92
:1014A000294698470024204606B070BD204600F02B
:1014B0002BFB04F10800F3F7BFFFEFE710B586B090
:1014C000044601A8F2F75AFD34B1204600F01CFB97
:1014D00004F10800F3F7B0FF0599029B204606B01F
:1014E000BDE81040184700BF00B10BE7704700BFD0
:1014F00048B370B5064686B001A8F2F73FFD3268E2
:10150000DAB1B16889B1002505EB850312EB8304DC
:10151000204614D000F0F8FA04F10800F3F78CFF2D
:10152000B168326801358D42EED3029B05991046B1
:1015300098470023C6E90033B36006B070BD01359B
:101540008D42E1D3F1E7704770B586B0054601A83A
:10155000F2F714FD059E019B31460C209847044686
:1015600020B12946FFF7CEFE054610B1204606B051
:1015700070BD2046029B314698472C46204606B057
:1015800070BD00BF70B58AB006466846F2F7F6FC3B
:1015900006B305A8F2F7F2FC3268DAB1B16889B196
:1015A000002505EB850312EB8304204619D000F0DB
:1015B000ABFA04F10800F3F73FFFB1683268013578
:1015C0008D42EED3069B0999104698470023C6E941
:1015D0000033B3600499019B30460AB0BDE8704007
:1015E000184701358D42DCD3ECE700BF80B32DE90D
:1015F000F0410F4649B343684A689342064624D1F6
:1016000043B304680CB30D68FDB14FF0000811E05E
:10161000F3F75AFF08F1010808EB8804A8B17368D2
:10162000434517D93D68336805EB840513EB840403
:101630000BD055B12946204600F068FA034605F163
:10164000080104F10800002BE2D10020BDE8F08180
:10165000002070470120BDE8F08100BF002834D091
:101660002DE9F0410F4686B059B344688B68A34218
:1016700006462CD37C60002C78D034680CB33D68CF
:10168000FDB14FF0000811E0F3F784FF08F1010805
:1016900008EB8804A8B17368434567D93D6833688F
:1016A00005EB840513EB84040BD055B12946204685
:1016B00000F03CFA034605F1080104F10800002B94
:1016C000E2D1002006B0BDE8F0810020704701A8FB
:1016D00004EB8404F2F752FC039B059A3868A100DE
:1016E00098470028EDD07468BD683860A5424AD29A
:1016F00005EB850300EB830400E01546204600F06F
:10170000FFF904F10808034640469BB3F3F77EFE59
:1017100080B374686A1C944202EB820133D93B683F
:1017200013EB8104E9D1B9688A42CAD93B6805EB59
:10173000850013EB8004204612D000F0E5F904F197
:101740000800F3F779FEB968A94205F1FF32B8D273
:101750003B68154605EB850013EB80042046ECD171
:10176000A94205F1FF32ACD21546F3E7012006B0DD
:10177000BDE8F081204600F0C7F94046F3F75CFE73
:101780002A46013DCFE7BC6074E700BF2DE9F04772
:1017900086B08246894601A8F2F7F0FBB9F1000F46
:1017A0002FD0DDE904380C214246484698470746C9
:1017B00088B30646002404E00134A14506F10C0676
:1017C00020D03046F3F722FE05460028F4D13046FB
:1017D000F3F732FEA14515D95CB104EB440407EBE5
:1017E00084040C3C2046F3F727FEA742A4F10C0426
:1017F000F8D13846029B41469847284606B0BDE8D6
:10180000F0874F46CAE90079CAF8089001252846B2
:1018100006B0BDE8F0870546F9E700BF38B50446D5
:1018200028B1F3F7F3FD054620B1284638BD05463B
:10183000284638BD2046F3F7FFFD284638BD00BFD7
:1018400008B1F3F7F9BD704710B109B1F3F73CBE29
:101850000020704710B109B1F3F79CBE002070471B
:1018600070B586B001A8F2F789FB059E019B314651
:101870000C209847044638B100230360436083601E
:10188000F3F7C4FD054610B1204606B070BD2046F2
:10189000F3F7D2FD2046029B314698472C4620465E
:1018A00006B070BD10B586B0044601A8F2F766FB1D
:1018B00014B12046F3F7C0FD0599029B204606B0FF
:1018C000BDE81040184700BF00B15FE7704700BF98
:1018D00020B330B5054687B001A8F2F74FFB2A6860
:1018E000B2B1A96861B1002404EB440312EB830098
:1018F00010D0F3F7A1FDA9682A6801348C42F3D314
:10190000029B0599104698470023C5E90033AB6058
:1019100007B030BD01348C42E6D3F1E7704700BF19
:1019200070B586B0054601A8F2F728FB059E019B1D
:1019300031460C209847044620B12946FFF726FF80
:10194000054610B1204606B070BD2046029B3146C8
:1019500098472C46204606B070BD00BF30B58BB00E
:1019600005466846F2F70AFBDDB105A8F2F706FB6B
:101970002A68B2B1A96861B1002404EB440312EBF8
:10198000830015D0F3F758FDA9682A6801348C420A
:10199000F3D3069B0999104698470023C5E9003305
:1019A000AB600499019B28460BB0BDE83040184756
:1019B00001348C42E1D3ECE708B370B50E46E1B1D7
:1019C00043684A689342044617D1D3B10068A0B176
:1019D000096891B10025F3F777FD013505EB450264
:1019E00058B16368AB420CD92068336810EB8200B1
:1019F00003EB820101D00029EDD1002070BD002051
:101A00007047012070BD00BF002873D0F0B50C46B0
:101A100087B0F1B146688B68B34207461CD3666055
:101A2000002E69D03868A0B1216891B10025F3F784
:101A3000B1FD013505EB450358B17A68AA425BD97F
:101A40003868216810EB830001EB830101D0002985
:101A5000EDD1002007B0F0BD01A806EB4606F2F775
:101A60008DFA039B059A2068B10098470028F0D0B2
:101A70007E68A5682060B54240D205EB450600EBC4
:101A800086063046F3F7C2FC691C01EB410278B1CF
:101A90007E688E4232D9266816EB82060DD030461B
:101AA0000D46F3F7B3FC691C01EB41020028EFD1AE
:101AB0003046F3F7C1FC2946013DA2689142C8D9DE
:101AC000266805EB450016EB80000DD0F3F7B4FC5B
:101AD000A268AA4205F1FF31BBD226680D4605EB8C
:101AE000450016EB8000F1D1AA4205F1FF31B0D2DA
:101AF0000D46F4E7002070470120ABE7A6608EE7B3
:101B0000003818BF01207047704700BF28B119B1D5
:101B100002680B689A4201D0002070474368486809
:101B2000181AB0FA80F04009704700BF38B129B1E7
:101B3000D0E900230120C1E900237047084670471F
:101B400000B587B001A8F2F719FA019B05990820A2
:101B5000984710B100230360436007B05DF804FBB1
:101B600010B586B0044601A8F2F708FA0599029B61
:101B7000204606B0BDE81040184700BF30B5044607
:101B800087B048B10D4601A8F2F7F8F935B92846F3
:101B9000C4E90005A560012007B030BDDDE90432CD
:101BA0000821284698470028F2D1F5E780B110B502
:101BB000044686B001A8F2F7E1F9206830B1029B33
:101BC000059998470023C4E90033A36006B010BD0F
:101BD000704700BFF0B58BB005466846F2F7CEF906
:101BE000049F009B39460C209847044638B105A84D
:101BF000F2F7C4F935B92E46C4E90065A560204660
:101C00000BB0F0BDDDE908320821284698470646AA
:101C10000028F1D12046019B39469847344620469A
:101C20000BB0F0BD10B58AB004466846F2F7A6F9CD
:101C30005CB105A8F2F7A2F9206830B1069B0999BA
:101C400098470023C4E90033A3600499019B204610
:101C50000AB0BDE81040184780B369B342684B68CA
:101C60009A4229D16AB3036833B3086830B30833A2
:101C70004FF0000C30B550F83C1053F8084C8C4233
:101C8000864617D153F8044CDEF80450AC420CF1F0
:101C9000010C0EF1080103F108030BD162450ED0CF
:101CA0001EF1080F06D053F8084C8E4650F83C1031
:101CB0008C42E7D0002030BD0020704770470120E3
:101CC00030BD0120704700BF002834D070B50C46ED
:101CD00086B0F9B146688B68B34205461DD366608D
:101CE0005EB32B68B3B12168A1B108330846002266
:101CF00053F8084C41F83240013253F8044C446028
:101D0000B24200F1080403F1080316D0083001D0F4
:101D10002046EDE7002006B070BD01A8F2F72EF9CD
:101D2000039B059A2068F10098470028F3D06E685D
:101D3000A6602060D3E7002070470120EBE700BFDA
:101D400030B583B000230093D0B1044669461548EE
:101D5000FBF732F8024610B1012003B030BD009B02
:101D60008BB118780028F8D001A91846019203F029
:101D7000AFFD054650B1431C0DD025600020ECE7B7
:101D80000B2003B030BD184603B030BD019B1B785B
:101D9000002BF2D0E0E7EEF757FA0368222BECD1E4
:101DA000DAE700BF48490208014B1868704700BFD6
:101DB000483A02082DE9F04784B000284BD00C4681
:101DC000002943D0D1F8008008F15006054630467E
:101DD0001746F2F7E1F8002838D0022F36D8224A09
:101DE000D8F85030D8F860103A44202092F8049087
:101DF000984707462860A0B3EA46504601F048FDE0
:101E00009AE80700B446D4F800E02E6887E8070097
:101E1000BCE80F0006F10C040FC4DCF80030DEF85B
:101E2000C41023604A46304601F00EFF044670B1EC
:101E3000D8F854302868D8F8601098470023204616
:101E40002B6004B0BDE8F047F4F79EBB0B2420469E
:101E500004B0BDE8F0874FF4FA64204604B0BDE852
:101E6000F0870A24F3E700BF483A02082DE9F0475B
:101E700084B000284BD00C46002943D0D1F8008014
:101E800008F15006054630461746F2F785F8002857
:101E900038D0032F36D8224AD8F85030D8F86010FE
:101EA0003A44202092F80890984707462860A0B34B
:101EB000EA46504601F0ECFC9AE80700B446D4F834
:101EC00000E02E6887E80700BCE80F0006F10C046C
:101ED0000FC4DCF80030DEF8C01023604A463046FC
:101EE00001F0B4FE044670B1D8F854302868D8F830
:101EF00060109847002320462B6004B0BDE8F047EF
:101F0000F4F742BB0B24204604B0BDE8F0874FF441
:101F1000FA64204604B0BDE8F0870A24F3E700BF66
:101F2000483A020830B583B000238DF80730C8B1B5
:101F300004460068B0B1037A072B13D00C300D466D
:101F4000F2F72AF870B1ADB120680DF10702294609
:101F5000FDF76AFC10B99DF807303BB1F4F714FBAC
:101F600003B030BD4FF4FA6003B030BD40F2D17021
:101F700003B030BD0B2003B030BD00BF70B582B0E0
:101F8000D0B10546006870B1C1690191066901F0E0
:101F900085FC0199044650B92868B04700232046C3
:101FA0002B6002B070BD0446204602B070BDF4F74D
:101FB000EBFA01990446EFE74FF4FA64204602B0C9
:101FC00070BD00BF70B110B50446006840B1037A1F
:101FD000072B05D00C30F1F7DFFF08B1206810BDEA
:101FE000002010BD0020704738B1006828B1037A86
:101FF000072B02D00C30F1F7CFBF0020704700BF95
:10200000A8B170B50446006878B1037A072B0CD0EC
:102010000C300D461646F1F7BFFF30B1206832464E
:102020002946BDE87040FCF75DBA0B2070BD0B205F
:10203000704700BF2DE9F04F8BB00693002800F0E9
:10204000AD800E46002900F0A9801746002A00F056
:10205000A580002B00F0A280199B002B00F09E8031
:10206000002209A9804601F0F9F80446002840F052
:102070009680099B002B40F09A80024609A93046C1
:10208000FCF724F8002840F08E80099A002A40F0DE
:10209000938009A93846FBF7FDFF002840F08380B4
:1020A000099C002C40F0ED807B21404602F06AFE46
:1020B00098F800302F2B054600F09E807E2B40F0D4
:1020C000A280384603F09CF8824A834B012818BF4F
:1020D00013460293189B0093CDE9037608F10103A0
:1020E00005934FF40063019314AB0FCBFAF788FE0E
:1020F0008246002800F0C780002D00F0A2807B21DE
:1021000002F040FED14605460794D3464C46002DCA
:1021100000F0BE807D21204602F034FEA0EB0509D0
:1021200009F1010A6D485246294603F0D7F8002804
:1021300067D06B485246294603F0D0F830B1694861
:102140005246294603F0CAF8002837D1B94616ABE3
:1021500093E807008DE8070014AB28460CCB5146E6
:10216000FAF78AFF0546002800F09C804A46204680
:1021700014AB2946FAF77EFE1899159B04462846AB
:102180009847159B189958469847002C7BD07B217F
:10219000204602F0F7FDA3460546B8E70B2420468B
:1021A0000BB0BDE8F08FF4F7EFF90446F7E76724CA
:1021B00020460BB0BDE8F08FC924F0E709F1FF32EB
:1021C0000698691CFBF792FA81460028BFD1199B3B
:1021D00016AA186007CA8DE8070014AB0CCB51464D
:1021E0002846FAF749FF1899159B9847159B1899A7
:1021F000584669249847D2E700285BD0C146A246DA
:1022000082E7B146A3E70028F8D1384602F0F8FF8C
:10221000354A364BCDF81080012818BF13464FF4CD
:102220000061CDE90113189A0397009214AB0FCB0C
:10223000FAF7E6FD824653462BB3199BC3F800A07C
:10224000ADE79AF800302F2BF7D0384602F0D8FFD0
:10225000254A264BCDF810A0012818BF13464FF48D
:102260000061CDE90113189A0397009214AB0FCBCC
:10227000FAF7C6FD159B1899054650469847AA4699
:10228000D9E7CA248BE7199A002313600A2486E74A
:102290005B46079CDA46002BD3D198F800302F2BF1
:1022A000CBD0B2E7DDE91812159B15605846984768
:1022B0000A2474E717AB93E803008DE8030014AB1E
:1022C0000ECB4046FAF7B6FE199B0028186008BFEF
:1022D0000A2464E758490208A43D0208604902083C
:1022E0006849020870490208CC410208C83D02084A
:1022F00000280CBF0B200020704700BF10B582B033
:1023000000220446084601A90192FBF7C3FE50B91A
:10231000019A62B901A92046FBF7D8FE18B90198C5
:1023200058B902B010BDF4F72FF902B010BD104635
:10233000FBF7C0FECA2002B010BDFBF765FFC92045
:10234000EFE700BF2DE9F04389B0DDE910890746CA
:102350000C4616461D46F4F7D3FD002843D0204610
:10236000F1F71AFE00283AD0002D38D0B8F1000F4E
:1023700035D0B9F1000F32D098F80020254B4846EF
:10238000002A08BF984601F0B1FA0246002833D16E
:10239000039003A94046FBF77DFE40BB039A82BB36
:1023A00003A92846FBF792FE08BB039870BB0FCC2D
:1023B0000DF10C0CACE80F002368CCF80030384667
:1023C000F4F7E4FD43462A4603A9CDF804900096AD
:1023D00001F06AFCF4F7D8F809B0BDE8F0830B20EF
:1023E00009B0BDE8F083C82009B0BDE8F083F4F778
:1023F000CBF80028F4D1DAE709B0BDE8F043F4F7F0
:10240000C3B81046FBF756FECA20E9E7FBF7FCFE0F
:10241000C920E5E7C44102082DE9F04389B0DDE9B0
:10242000108907460C4616461D46F4F769FD00283C
:1024300044D02046F1F7B0FD00283BD0002D39D024
:10244000B8F1000F36D0B9F1000F33D098F8002062
:10245000264B4846002A08BF984601F047FA8646B0
:10246000002834D1A4460290BCE80F0003AC0FC48E
:10247000DCF800302360724602A94046FBF70AFEF2
:1024800000BB029A42BB02A92846FBF71FFEC8B94F
:10249000029830BB3846F4F779FD43462A4603A933
:1024A000CDF80490009601F001FCF4F76DF809B046
:1024B000BDE8F0830B2009B0BDE8F083C82009B067
:1024C000BDE8F083F4F760F80028F4D1E2E709B042
:1024D000BDE8F043F4F758B81046FBF7EBFDCA200F
:1024E000E9E7FBF791FEC920E5E700BFC441020818
:1024F0002DE9F04188B00746DDF838800D461646D4
:102500001C46F4F7FDFC00283FD02846F1F744FDB7
:10251000002836D0002E34D0002C32D0B8F1000F75
:102520002FD02278244B4046002A08BF1C4601F0D9
:10253000DDF9024690BB039003A92046FBF7AAFDF4
:1025400038BB039A7ABB03A93046FBF7BFFD00BB3B
:10255000039868BB0FCD0DF10C0CACE80F002B6895
:10256000CCF800303846F4F711FD2346324603A973
:10257000CDF8008001F09CFBF4F706F808B0BDE848
:10258000F0810B2008B0BDE8F081C82008B0BDE89C
:10259000F081F3F7F9FF0028F4D1DBE708B0BDE8DC
:1025A000F041F3F7F1BF1046FBF784FDCA20E9E7DD
:1025B000FBF72AFEC920E5E7C44102082DE9F041F6
:1025C00088B00746DDF838800D4616461C46F4F7FD
:1025D00097FC00283FD02846F1F7DEFC002836D0D3
:1025E000002E34D0002C32D0B8F1000F2FD022783A
:1025F000244B4046002A08BF1C4601F077F90246EA
:1026000090BB039003A92046FBF744FD38BB039A17
:102610007ABB03A93046FBF759FD00BB039868BBA2
:102620000FCD0DF10C0CACE80F002B68CCF800308E
:102630003846F4F7ABFC2346324603A9CDF80080B8
:1026400001F038FBF3F7A0FF08B0BDE8F0810B20E4
:1026500008B0BDE8F081C82008B0BDE8F081F3F70C
:1026600093FF0028F4D1DBE708B0BDE8F041F3F7B1
:102670008BBF1046FBF71EFDCA20E9E7FBF7C4FD40
:10268000C920E5E7C4410208F0B587B005460E460B
:1026900017461C46F4F734FC10B33046F1F77CFCC7
:1026A000D8B1D4B1204601F021F9E0B9B446BCE874
:1026B0000F000DF1040EAEE80F00DCF80030CEF88C
:1026C00000302846F4F762FC23463A4601A901F09F
:1026D000FBFAF3F759FF07B0F0BD0B2007B0F0BDD0
:1026E000C82007B0F0BD07B0BDE8F040F3F74CBF1D
:1026F00070B586B006460C461546F4F701FCF0B1FD
:102700002046F1F749FCB8B1B5B1284601F0EEF822
:10271000C0B9A446BCE80F0001AC0FC4DCF800301F
:1027200023603046F4F732FC2A4601A901F0C8FACA
:10273000F3F72AFF06B070BD0B2006B070BDC820AD
:1027400006B070BD06B0BDE87040F3F71DBF00BF16
:10275000A8B130B583B0044610460D460192F1F79A
:102760001BFC48B1019A2946204601F0CDF803B080
:10277000BDE83040F3F708BF0B2003B030BD0B209D
:10278000704700BF30B108B501F0E0F8BDE808407F
:10279000F3F7FABE0B20704784B0F8B50DF11C0CAE
:1027A0008CE80E00DDE90C460546F4F7A9FB78B18C
:1027B00044B1236833B9636823B91EB137680FB9D0
:1027C00073685BB10B231846BDE8F84004B070474E
:1027D000C8231846BDE8F84004B070472846F4F70F
:1027E000D5FB3246214601F067FA0346F8B9256861
:1027F00075B160681A46043803E0097831B1AA421D
:1028000006D050F8041F01320029F6D1C923DAE7B7
:1028100030680028D7D07268043A01E08742D2D0ED
:1028200052F8041F01370029F8D1CA23CBE7BDE8CD
:10283000F84004B0F3F7A8BE84B0F8B50DF11C0C55
:102840008CE80E00DDE90C460E9F0546F4F758FBB8
:1028500098B16CB123685BB963684BB946B1336812
:1028600033B9736823B91FB13B680BB97B684BB1AF
:10287000BDE8F8400B2004B07047BDE8F840C82020
:1028800004B070472846F4F781FB3B4632462146A8
:1028900001F014FABDE8F84004B0F3F775BE00BFCC
:1028A00070B504460D461646F4F72AFB80B1204663
:1028B000F4F74AFB60B16DB166B12046F4F766FBF0
:1028C0003246294601F0BCF9BDE87040F3F75CBE22
:1028D000C82070BD0B2070BD70B504460D4616466D
:1028E000F4F70EFB80B12046F4F72EFB60B16DB11A
:1028F00066B12046F4F74AFB3246294601F0A2F9B8
:10290000BDE87040F3F740BEC82070BD0B2070BD1D
:102910002DE9F0479EB0DDE926A907460D4616468B
:102920009846F4F7EDFA00B32846F1F735FBB8B155
:10293000B6B1289BA3B11A46002313700B930BAAC0
:10294000299B314638469847044650B90B9B984519
:1029500010D8289A0123204613701EB0BDE8F087D6
:102960000B2420461EB0BDE8F087C82420461EB0C8
:10297000BDE8F08711A8F6F717FA0FCD0DF1100C8E
:10298000D7F800E0ACE80F002B68CCF80030214607
:10299000CDE9024ECDE900442346012211A8F6F705
:1029A00033FD04460028DCD13846F4F701FB01462C
:1029B000F8B1224611A8F6F7B5FD044660B90CA897
:1029C000F1F772FB88B94B46524611A8F6F78EFE16
:1029D00030F00203044614D011A8F6F7FFF90028DE
:1029E000BFD0022C18BF0446BBE7F1F73FFBF1F75D
:1029F0004DFB11A8F6F7F2F904460028B1D10124E5
:102A0000AFE7299B0BAA31463846984704460EA8E3
:102A1000002CE1D10B9B98451DD9B9F1000F13DBB8
:102A2000F1F742FB0028E0D10C9A0E9B0D999B1AFE
:102A30000F9A62EB0102BAEB030A69EB0209BAF1E1
:102A4000010F79F100030DDB11A8F6F7ABFA04468C
:102A50000028B8D0C0E7289A0123137011A8F6F710
:102A6000BDF97EE711A8F6F7B9F9022479E700BFAE
:102A70002DE9F0479EB0DDE926A906460D4617462A
:102A80009846F4F73DFA38B32846F1F785FA40B393
:102A90003FB3289B2BB31A460023137030460B9389
:102AA000F4F72EFAC0B13046F4F74EFAA0B1304632
:102AB000F4F76CFA0BAA394601F0C2F8F3F764FD9B
:102AC000044650B90B9B984510D8289A01232046FC
:102AD00013701EB0BDE8F087C82420461EB0BDE8C4
:102AE000F0870B2420461EB0BDE8F08711A8F6F74A
:102AF0005BF90FCD0DF1100CD6F800E0ACE80F003B
:102B00002B68CCF800302146CDE9024ECDE90044D7
:102B10002346012211A8F6F777FC04460028DCD1F1
:102B20003046F4F745FA014690B1002211A8F6F7B5
:102B3000F9FC0446A0B111A8F6F750F90028CCD052
:102B4000022C18BF0446C8E7F1F790FAF1F79EFA95
:102B500011A8F6F743F904460028BED10124BCE7CA
:102B60000CA8F1F7A1FA002832D0EDE73046F4F7CF
:102B7000EBF900283AD03046F4F708FA0BAA3946A8
:102B800001F05EF8F3F700FD04460EA8002CD2D148
:102B90000B9B984531D9B9F1000F13DBF1F784FA9B
:102BA0000028D1D10C9A0E9B0D999B1A0F9A62EBBB
:102BB0000102BAEB030A69EB0209BAF1010F79F1DC
:102BC000000321DB11A8F6F7EDF904460028B2D185
:102BD0004B46524611A8F6F789FD044634F002032D
:102BE0003046A8D1F4F78CF90028BFD111A8F6F728
:102BF000F5F8041E08BFC8246FE7289A0123137054
:102C000011A8F6F7EBF868E711A8F6F7E7F8022441
:102C100063E700BF2DE9F0479EB0DDE926A906462F
:102C20000D4617469846F4F76BF938B32846F1F786
:102C3000B3F940B33FB3289B2BB31A46002313705C
:102C400030460B93F4F75CF9C0B13046F4F77CF9E9
:102C5000A0B13046F4F79AF90BAA394600F0F2FF1A
:102C6000F3F792FC044650B90B9B984510D8289A6C
:102C70000123204613701EB0BDE8F087C82420460B
:102C80001EB0BDE8F0870B2420461EB0BDE8F087DB
:102C900011A8F6F789F80FCD0DF1100CD6F800E069
:102CA000ACE80F002B68CCF800302146CDE9024E8D
:102CB000CDE900442346012211A8F6F7A5FB0446FE
:102CC0000028DCD13046F4F773F9014690B10022B8
:102CD00011A8F6F727FC0446A0B111A8F6F77EF874
:102CE0000028CCD0022C18BF0446C8E7F1F7BEF983
:102CF000F1F7CCF911A8F6F771F804460028BED117
:102D00000124BCE70CA8F1F7CFF9002832D0EDE799
:102D10003046F4F719F900283AD03046F4F736F97E
:102D20000BAA394600F08EFFF3F72EFC04460EA8DE
:102D3000002CD2D10B9B984531D9B9F1000F13DB90
:102D4000F1F7B2F90028D1D10C9A0E9B0D999B1A7C
:102D50000F9A62EB0102BAEB030A69EB0209BAF1BE
:102D6000010F79F1000321DB11A8F6F71BF90446E6
:102D70000028B2D14B46524611A8F6F7B7FC0446DC
:102D800034F002033046A8D1F4F7BAF80028BFD1D6
:102D900011A8F6F723F8041E08BFC8246FE7289A85
:102DA0000123137011A8F6F719F868E711A8F6F7D0
:102DB00015F8022463E700BF2DE9F04782B0DDE992
:102DC0000A8A07460E4615461C46F4F799F8F0B1F4
:102DD0003846F4F7B9F8D0B13046F1F7DDF8D0B1A4
:102DE000CDB1404600F0E8FD8146E8B93846F4F739
:102DF000CDF82346CDF800802A463146D047044618
:102E000068B9204602B0BDE8F047F3F7BDBBC82063
:102E100002B0BDE8F0870B2002B0BDE8F087F1F703
:102E200025F9F1F733F9ECE7F1F720F9F1F72EF98D
:102E3000484602B0BDE8F047F3F7A6BB2DE9F043E2
:102E400083B00746DDF828800E4615461C46F4F789
:102E500057F8F8B13846F4F777F8D8B13046F1F7BB
:102E60009BF8D8B1D5B1404600F0A6FD8146F0B937
:102E70003846F4F78BF82346CDF800802A463146D1
:102E800000F0E6FE044668B9204603B0BDE8F04312
:102E9000F3F77ABBC82003B0BDE8F0830B2003B082
:102EA000BDE8F083F1F7E2F8F1F7F0F8ECE7F1F7BD
:102EB000DDF8F1F7EBF8484603B0BDE8F043F3F76F
:102EC00063BB00BF2DE9F04383B00746DDF82880DF
:102ED0000E4615461C46F4F713F8F8B13846F4F7D9
:102EE00033F8D8B13046F1F757F8D8B1D5B14046EC
:102EF00000F062FD8146F0B93846F4F747F8234602
:102F0000CDF800802A46314600F0A4FE044668B998
:102F1000204603B0BDE8F043F3F736BBC82003B04A
:102F2000BDE8F0830B2003B0BDE8F083F1F79EF815
:102F3000F1F7ACF8ECE7F1F799F8F1F7A7F84846A4
:102F400003B0BDE8F043F3F71FBB00BF70B5044604
:102F50000D461646F3F7D4FFA8B12046F3F7F4FF69
:102F600088B195B18EB12046F4F710F80446284692
:102F7000F3F72EFA32460146204600F0A3FEBDE8E4
:102F80007040F3F701BBC82070BD0B2070BD00BFBF
:102F9000034A034692E8030083E80300184670479B
:102FA000543A020882B02DE9F84308AC054644F8CB
:102FB000043F204688461746F0F7EEFF40B33DB386
:102FC000D5F80490B9F1000F1DD10FB33846F3F7CF
:102FD0000FFB10B3099B0D991C20984706466860AB
:102FE00040B3B8F1000F1AD0C0F8008080F8049008
:102FF0000FCC06F108050FC523682B60BDE8F84328
:10300000002002B070476420BDE8F84302B070476A
:10301000BDE8F8430B2002B070476520F4E738683C
:10302000283000F019FE30606E68376827B1012340
:103030003371DDE70A20E7E730460A9B0D99984790
:103040006F600120E0E700BF82B0F0B587B00CAC44
:1030500084E80C00A6460D460446BEE80F000DF1BC
:10306000040CACE80F00DEF80030CCF8003001A80A
:10307000F0F792FF38B334B36668EEB91DB3284653
:10308000F3F7B6FA08B3019B05991C209847074649
:10309000606010B32868283000F0DEFD386060689A
:1030A0000568A5B1012301AC037100F108070FCC3D
:1030B0000FC723683B6000E06426304607B0BDE8D8
:1030C000F04002B070470B26F7E76526F5E7029B54
:1030D0000599984701266560EFE70A26EDE700BFEE
:1030E00082B02DE9F04186B00DF1300C04464CF869
:1030F000043F0E461746BCE80F000DF1040EAEE883
:103100000F00DCF80030CEF8003001A8F0F744FFE3
:1031100050B34CB3D4F80480B8F1000F1ED11FB3E4
:103120003846F3F765FA28B3019B05991C209847A8
:103130000546606058B3FEB1066080F8048001ACBB
:103140000FCC05F1080CACE80F002368CCF8003078
:10315000002006B0BDE8F04102B07047642006B020
:10316000BDE8F04102B070470B2006B0BDE8F04169
:1031700002B070476520F2E73868283000F06CFD37
:10318000286065682E6826B101232B71D7E70A20D5
:10319000E5E72846029B0599984766600120DEE72F
:1031A00070B582B0F0B14368044663B11868DE6858
:1031B000996960B11D7965B91846B0470023284662
:1031C000636002B070BD1D46284602B070BD054662
:1031D000F2E7019100F054FD051E6368019918BFE4
:1031E0000125E9E70B25284602B070BDF0B587B090
:1031F00006466846F0F7C2FE094BEE469C461D4661
:10320000BEE80F00ACE80F000FCD3446DEF80070CA
:10321000CCF800700FC43046276007B0F0BD00BF87
:103220003059002048B108B5436843B1186800F030
:103230004DFD003818BF012008BD0B2070470B2042
:1032400008BD00BF10B1406800B10830704700BF32
:1032500010B1406800B10068704700BF00287AD004
:103260002DE9F0470E4600297CD01746054601F0AF
:10327000C7FFB0B195F80090DFF880C11CF80930A5
:1032800013F0040369D100F1FF3815F808202F2A44
:103290000ED1022232606FB3C7F800801846BDE835
:1032A000F087012333602FB300203860BDE8F0873A
:1032B00005F1FF3A1C4619461AF8012FA2F1300E0B
:1032C000BEF1090F19D922F0200EAEF1410EBEF168
:1032D000190F12D95F2A19D02F2A51D07E2A48D02F
:1032E0007B2A54D07D2A61D1002C55D1052333602F
:1032F00007B139600020BDE8F0871CF802205207B2
:1033000004D51CB111B14A1E9A422DD00131884218
:10331000D2D1002C45D1B9F17E0F4FD020460123E8
:1033200006E08B4205F1010503F1010236D2134696
:10333000804500F10100F4D02A782F2AF1D16A7873
:103340001CF802205407ECD504223260002FD1D0A3
:103350003B600020AAE70B20704704233360002F56
:10336000A2D1C7E70B20A1E709233360002FC0D10A
:10337000C0E70029CAD006233360002FB9D1B9E7CE
:10338000002CC3D008233360002FB2D1B2E7002C49
:10339000F8D10B460124B9E70024B7E700203060DC
:1033A00084E705223260002FD2D1A3E7002C14BF9E
:1033B000082303233360002F9BD19BE701230AE0FE
:1033C000012C13D0994204F1010405F1010503F128
:1033D0000102E3D91346A045F4D02A782F2AEFD171
:1033E0006A781CF802205207ECD5ADE7072333605A
:1033F000002F3FF47FAF3C60002057E7B53A02084A
:10340000F8B1F2B1B9B12DE9F047644E90F80090EF
:1034100016F809C01CF0040C15D101F1FF3810F8A2
:1034200008402F2C20D102211160D3B1C3F80080B5
:103430006046BDE8F087012111605BB10020186093
:1034400070470B2070470421116053B100201860B1
:10345000BDE8F08700207047A4B308211160002B5D
:103460005AD10020BDE8F08700F1FF3A6446654676
:103470001AF801EFAEF13007092F1AD92EF0200704
:10348000413F192F15D9BEF15F0F1BD0BEF12F0F91
:10349000E2D0BEF17E0F5CD0BEF17B0F3FD0BEF11B
:1034A0007D0F6BD1002C5BD105211160002B33D136
:1034B000D7E716F80E707F0704D51CB115B16F1E43
:1034C000674525D00135A942D2D1002C4DD1B9F1A3
:1034D0007E0F01464FF00107204607D12FE0AF4293
:1034E00001F1010107F101043CD22746804500F1BA
:1034F0000100F4D00C782F2CF1D14C78345D6407A6
:10350000EDD504211160002BABD01F6000209FE798
:1035100009211160002BA4D01D60002098E7002C29
:103520009BD1AC460124CDE701282FD0BD4200F14C
:10353000010001F1010107F1010413D9274680457B
:10354000F4D00C782F2CEFD14C78345D6407EDD596
:10355000D7E7002DB6D006211160002BDCD180E723
:103560000024AFE70020106072E705211160002BF6
:103570003FF477AFC3F800C0002069E7002C14BF08
:10358000082103211160002BC6D16AE707211160D1
:10359000002B3FF466AF186063E700BFB53A02083E
:1035A00009289ABF024B53F820000248704700BF19
:1035B0005C3A02087C49020870B586B00646684647
:1035C000F0F7B0FC0A4BEE4603F108059C46BEE856
:1035D0000F000FC5DEF800302B60BCE80F0034464A
:1035E0000FC49CE8070084E80700304606B070BDB1
:1035F00044590020DAB170B50546D0B10E461446E4
:10360000D2E903320160042130469847686050B126
:10361000A446BCE80F0005F108040FC4DCF8003034
:103620002360002070BD002EF2D00A2070BD0B2058
:1036300070470B2070BD00BF20B370B504464068D2
:10364000D8B104F10800F0F7A7FCB8B12368BBB10A
:10365000002560682E4650F82500E368A169984768
:10366000D4E9003040F8256001359D42F3D3E3688A
:10367000A16998470020C4E9000070BD0B2070BD0F
:103680006068F4E70B20704700283AD02DE9F04736
:103690000F4611B3904602B305680B689D4228BFE0
:1036A0001D460646E5B14368BBB14A68AAB1A3F11D
:1036B0000409A2F1040A002407E05AF8041F49B1E2
:1036C00001F0D2FBC0B9A5420AD059F8040F013469
:1036D0000028F2D10220BDE8F0870B20BDE8F0877A
:1036E0000020C8F8000032683B689A420BD24FF0C5
:1036F000FF33C8F80030EEE7C8F800000020BDE84E
:10370000F0870B207047E6D90123C8F80030E2E7C4
:10371000002800F0A3802DE9F04103688B428EB0B1
:103720000D46044651D000F108073846F0F734FC46
:1037300000284ED06846F0F7F5FBEE46BEE80F00D5
:10374000DFF82CC1D4F80080ACE80F00DEF80030C0
:103750004CF81839BCE80F0007AE0FC69CE807000C
:10376000A84586E8070038D84FEA8508414623690E
:10377000A26960689847014600284CD020686160C3
:10378000854206D92A1A920001EB80000021ECF74D
:1037900043FE089B2560C3B109A8F0F7FDFBC0B14B
:1037A000079B002B5CD000240898254650F8240085
:1037B0000A9B0D999847DDE9073040F82450013401
:1037C0009C42F3D30A9B0D99984700200EB0BDE8A8
:1037D000F0810B200EB0BDE8F081A8EB0500636915
:1037E000A26907900421984706460890002833D024
:1037F0000FCF0DF1240EAEE80F003B68CEF800307D
:10380000079B9A006368304603EB85014FEA850801
:10381000ECF768FDAAE70DB96560BAE7079A0AB345
:1038200008989200ECF7F8FD09A8F0F7B5FB98B1FD
:10383000079BDBB100240898254650F824000A9B1A
:103840000D999847DDE9073040F8245001349C4237
:10385000F3D30A9B0D9998470A20B7E70B207047CE
:103860000898AFE7089B002BF6D0DDE70898F0E753
:103870004C5900200068096810B129B101F0F4BA70
:10388000081E18BF012070474FF0FF30704700BF7F
:1038900000220721C0E900220172704730B10023E5
:1038A0000722C0E900330272184670470B207047A8
:1038B00070B588B006466846FFF77EFE0A4BEE46B6
:1038C0009C461D46BEE80F00ACE80F009EE80700CE
:1038D0008CE807000FCD34460FC49CE80F0084E845
:1038E0000F00304608B070BD6059002048B14368F1
:1038F0003BB903682BB9C369002B14BF0B20002010
:1039000070470B20704700BFF8B582B1054670B113
:103910000F461446FFF76EFE064690B9D4E903320F
:103920001C2138469847E86120B13046F8BD0B2687
:103930003046F8BD002FF8D02846FFF77DFE0A2656
:10394000F3E7BDE8F84000F0D1B900BF60B3C36948
:1039500070B50446EBB10830F0F71EFB08B32368DE
:103960008BB100252E4602E02368B3420BD9E069F3
:103970002844FFF761FE01361C350028F4D0BDE86D
:10398000704000F0B3B9E368D4E90610984700230B
:10399000E3612046FFF750FE03460028EFD11846AA
:1039A00070BD0B23184670BD0B231846704700BF2F
:1039B0000022C0E90022704740B1036823B9406883
:1039C000003818BF01207047012070470B20704756
:1039D0001AB3F0B507469FB008B3C1EB01101368E6
:1039E0000E46C000116998477860D0B13E6000244F
:1039F0000EB90FE07868C4EB041500EBC505684606
:103A000000F07EF90134782269462846ECF76AFC1A
:103A1000A642EFD100201FB0F0BD0B2070470B2055
:103A2000F9E70A20F7E700BFE9B1F8B50646E0B1CB
:103A300003680F467BB10024254602E03368AB42A1
:103A400009D970683946204400F08AF90135783484
:103A50000028F3D0F8BD70687B683969984700206A
:103A6000C6E90000F8BD0B2070470B20F8BD00BF71
:103A700082B002B0704700BF2DE9F041224A94B0F5
:103A800012681A9DBDF86C60CDE91231C2B3BDF861
:103A90004C109DF84E0001E052688AB39468A38AE6
:103AA0008B42F9D1A37D8342F6D1482204F1300143
:103AB0006846ECF717FC04F128030CCB2046F0F71E
:103AC00085FF0746E0B1D0F808803246284608F165
:103AD00010010DF00BFD30B90C48394614B0BDE8AB
:103AE000F041FAF7B3BBC8F81448C8F81068F0F70B
:103AF00057FD08F50262052342E9020188F82038E3
:103B000014B0BDE8F08100BFE005002020060020D1
:103B10002DE9F041234894B000681A9FBDF86C600D
:103B2000139100283BD01D4601E04068B8B384687B
:103B3000218B9142F9D1482204F128016846ECF723
:103B4000D1FB04F120030CCB2046F0F73FFF804669
:103B500028B33846D8F80870324607F110010DF046
:103B6000C5FC30B91048414614B0BDE8F041FAF741
:103B70006DBB0FCD07F6280CC7F81448C7F81068BE
:103B8000ACE80F0095E803008CE80300F0F708FDAF
:103B900007F50262032342E9020187F8203814B0D6
:103BA000BDE8F081F0050020200600202DE9F0415D
:103BB000214894B000681A9FBDF86C601391B8B3A7
:103BC0001D4601E0406898B38468218B9142F9D189
:103BD000482204F128016846ECF784FB04F1200335
:103BE0000CCB2046F0F7F2FE804608B33846D8F8F2
:103BF0000870324607F110010DF078FC30B90F481B
:103C0000414614B0BDE8F041FAF720BB0022C7F8E6
:103C10002C28C7F81448C7F81068C7F82858F0F7D8
:103C2000BFFC07F50262042342E9020187F820384D
:103C300014B0BDE8F08100BF00060020200600207F
:103C4000032070470320704703207047032070470C
:103C5000032070470320704738B505460748FAF738
:103C6000E5FA48B1846800232374E561FAF73CFC67
:103C7000C4E9050404F1140038BD00BFB0060020FB
:103C800008B5084B196811B90AE0496841B18B6859
:103C900014339842F9D10348FAF7D8FA002008BD46
:103CA000012008BDB00600200320704703207047A4
:103CB000032070470320704703207047032070479C
:103CC00003207047032070470320704760B110B590
:103CD00004460068F1F780FB08B9012010BD636855
:103CE00001221A74002010BD012070470B289ABFD2
:103CF000024B53F820000120704700BF843A0208AD
:103D000010B5782204460021ECF786FB204610BD52
:103D100010B54B6809690446006898470020206088
:103D200010BD00BF10B54B6809690446006898478C
:103D30000020206010BD00BF10B54B680969044623
:103D4000406898470020606010BD00BF10B54B6808
:103D500009690446806898470020A06010BD00BF34
:103D600000B370B50D469EB0F1B104460026096956
:103D700000686B6898472660296960686B68984797
:103D800066606B682969A068984778223146684662
:103D9000ECF742FB782269462046ECF7A3FA30465E
:103DA0001EB070BD0B2070470B20F9E7C9B110B5EC
:103DB000044682B090B18AB102F10C038C4693E8BC
:103DC00003008DE8030060460ECAF9F733F90028B6
:103DD000206014BF00200A2002B010BD0B2002B0EA
:103DE00010BD0B20704700BFC8B130B50D4683B081
:103DF00091B18AB102F10C03044693E803008DE807
:103E0000030028460ECAF9F715F90028A06014BF70
:103E100000200A2003B030BD0B2003B030BD0B20C2
:103E2000704700BFC8B130B50D4683B091B18AB1BB
:103E300002F10C03044693E803008DE803002846D2
:103E40000ECAF9F7F7F80028206014BF00200A20F6
:103E500003B030BD0B2003B030BD0B20704700BF56
:103E6000C8B130B50D4683B091B18AB102F10C03EF
:103E7000044693E803008DE8030028460ECAF9F7CC
:103E8000D9F80028606014BF00200A2003B030BDBC
:103E90000B2003B030BD0B20704700BF10B1017381
:103EA000002070470B207047A0B1182A12D810B517
:103EB0000024C0F80D40C0F81140C0F81540C0F80B
:103EC0001940C0F81D40C0F821400D30ECF70AFA47
:103ED000204610BD0B20704738B108B539B15022CB
:103EE0002830ECF7FFF9002008BD0B2070470B20AD
:103EF00008BD00BF81F0004102E000BF83F0004335
:103F000030B54FEA41044FEA430594EA050F08BF74
:103F100090EA020F1FBF54EA000C55EA020C7FEA38
:103F2000645C7FEA655C00F0E2804FEA5454D4EBB5
:103F30005555B8BF6D420CDD2C4480EA020281EA7F
:103F4000030382EA000083EA010180EA020281EAB7
:103F50000303362D88BF30BD11F0004F4FEA013109
:103F60004FF4801C4CEA113102D0404261EB410118
:103F700013F0004F4FEA03334CEA133302D052429E
:103F800063EB430394EA050F00F0A780A4F101045A
:103F9000D5F1200E0DDB02FA0EFC22FA05F2801894
:103FA00041F1000103FA0EF2801843FA05F359417A
:103FB0000EE0A5F120050EF1200E012A03FA0EFCF9
:103FC00028BF4CF0020C43FA05F3C01851EBE37123
:103FD00001F0004507D54FF0000EDCF1000C7EEB40
:103FE00000006EEB0101B1F5801F1BD3B1F5001F7E
:103FF0000CD349085FEA30004FEA3C0C04F101049D
:104000004FEA445212F5800F80F09A80BCF1004FC5
:1040100008BF5FEA500C50F1000041EB045141EA47
:10402000050130BD5FEA4C0C404141EB0101013C10
:1040300028BFB1F5801FE9D291F0000F04BF0146FF
:104040000020B1FA81F308BF2033A3F10B03B3F1D1
:1040500020020CDA0C3208DD02F1140CC2F10C0261
:1040600001FA0CF021FA02F10CE002F11402D8BFBF
:10407000C2F1200C01FA02F120FA0CFCDCBF41EA8B
:104080000C019040E41AA2BF01EB0451294330BD5A
:104090006FEA04041F3C1CDA0C340EDC04F1140437
:1040A000C4F1200220FA04F001FA02F340EA03000E
:1040B00021FA04F345EA030130BDC4F10C04C4F154
:1040C000200220FA02F001FA04F340EA0300294634
:1040D00030BD21FA04F0294630BD94F0000F83F47E
:1040E000801306BF81F480110134013D4EE77FEA61
:1040F000645C18BF7FEA655C29D094EA050F08BFAD
:1041000090EA020F05D054EA000C04BF194610468D
:1041100030BD91EA030F1EBF0021002030BD5FEAD1
:10412000545C05D14000494128BF41F0004130BDF9
:1041300014F580043CBF01F5801130BD01F000454D
:1041400045F0FE4141F470014FF0000030BD7FEAC0
:10415000645C1ABF194610467FEA655C1CBF0B46BB
:10416000024650EA013406BF52EA033591EA030FD2
:1041700041F4002130BD00BF90F0000F04BF0021CA
:10418000704730B54FF4806404F132044FF00005FD
:104190004FF0000150E700BF90F0000F04BF002176
:1041A000704730B54FF4806404F1320410F00045DC
:1041B00048BF40424FF000013EE700BF42004FEAD7
:1041C000E2014FEA31014FEA02701FBF12F07F4354
:1041D00093F07F4F81F06051704732F07F4208BF0B
:1041E000704793F07F4F04BF41F40021704730B512
:1041F0004FF4607401F0004521F000411CE700BF5E
:1042000050EA010208BF704730B54FF000050AE0E0
:1042100050EA010208BF704730B511F0004502D5E1
:10422000404261EB41014FF4806404F132045FEAE3
:10423000915C3FF4D8AE4FF003025FEADC0C18BF8C
:1042400003325FEADC0C18BF033202EBDC02C2F17E
:10425000200300FA03FC20FA02F001FA03FE40EA10
:104260000E0021FA02F11444BDE600BF4FF0FF3CFE
:1042700006E000BF4FF0010C02E000BF4FF0010C60
:104280004DF804CD4FEA410C7FEA6C5C4FEA430CD9
:1042900018BF7FEA6C5C1BD001B050EA410C0CBF28
:1042A00052EA430C91EA030F02BF90EA020F00208A
:1042B000704710F1000F91EA030F58BF994208BFF1
:1042C00090422CBFD8176FEAE37040F001007047AE
:1042D0004FEA410C7FEA6C5C02D150EA013C07D105
:1042E0004FEA430C7FEA6C5CD6D152EA033CD3D050
:1042F0005DF8040B704700BF8446104662468C464A
:104300001946634600E000BF01B5FFF7B7FF00287C
:1043100048BF10F1000F01BD4DF808EDFFF7F4FFA5
:104320000CBF012000205DF808FB00BF4DF808ED30
:10433000FFF7EAFF34BF012000205DF808FB00BF53
:104340004DF808EDFFF7E0FF94BF012000205DF875
:1043500008FB00BF4DF808EDFFF7CEFF94BF01202A
:1043600000205DF808FB00BF4DF808EDFFF7C4FF23
:1043700034BF012000205DF808FB00BF7BB972B993
:104380000029BEBF00204FF0004106E008BF002812
:104390001CBF6FF000414FF0FF3000F0BFB9ADF12E
:1043A000080C6DE904CE002909DB002B1ADB00F0B4
:1043B0004DF8DDF804E0DDE9022304B07047404227
:1043C00061EB4101002B1BDB00F040F8DDF804E05D
:1043D000DDE9022304B0404261EB4101524263EB4C
:1043E00043037047524263EB430300F02FF8DDF8BC
:1043F00004E0DDE9022304B0404261EB4101704773
:10440000524263EB430300F021F8DDF804E0DDE9FC
:10441000022304B0524263EB4303704753B94AB9D5
:10442000002908BF00281CBF4FF0FF314FF0FF30BC
:1044300000F074B9ADF1080C6DE904CE00F006F897
:10444000DDF804E0DDE9022304B070472DE9F04710
:10445000089D04468E46002B4DD18A42944669D968
:10446000B2FA82F252B101FA02F3C2F1200120FA4B
:1044700001F10CFA02FC41EA030E94404FEA1C4899
:10448000210CBEFBF8F61FFA8CF708FB16E341EA95
:10449000034306FB07F199420AD91CEB030306F11B
:1044A000FF3080F01F81994240F21C81023E63443C
:1044B0005B1AA4B2B3FBF8F008FB103344EA0344E0
:1044C00000FB07F7A7420AD91CEB040400F1FF33F5
:1044D00080F00A81A74240F207816444023840EA32
:1044E0000640E41B00261DB1D4400023C5E900436B
:1044F0003146BDE8F0878B4209D9002D00F0EF80EE
:104500000026C5E9000130463146BDE8F087B3FA20
:1045100083F6002E4AD18B4202D3824200F2F98008
:10452000841A61EB030301209E46002DE0D0C5E90B
:10453000004EDDE702B9FFDEB2FA82F2002A40F057
:104540009280A1EB0C014FEA1C471FFA8CFE01265A
:10455000200CB1FBF7F307FB131140EA01410EFBFE
:1045600003F0884208D91CEB010103F1FF3802D2A5
:10457000884200F2CB804346091AA4B2B1FBF7F09F
:1045800007FB101144EA01440EFB00FEA64508D9C2
:104590001CEB040400F1FF3102D2A64500F2BB80FF
:1045A0000846A4EB0E0440EA03409CE7C6F120074E
:1045B000B34022FA07FC4CEA030C20FA07F401FA94
:1045C00006F31C43F9404FEA1C4900FA06F3B1FB1D
:1045D000F9F8200C1FFA8CFE09FB181140EA014182
:1045E00008FB0EF0884202FA06F20BD91CEB01011F
:1045F00008F1FF3A80F08880884240F28580A8F177
:1046000002086144091AA4B2B1FBF9F009FB1011C8
:1046100044EA014100FB0EFE8E4508D91CEB010166
:1046200000F1FF346CD28E456AD90238614440EA09
:104630000840A0FB0294A1EB0E01A142C846A64689
:1046400056D353D05DB1B3EB080261EB0E0101FA12
:1046500007F722FA06F3F1401F43C5E9007100266F
:104660003146BDE8F087C2F12003D8400CFA02FCC5
:1046700021FA03F3914001434FEA1C471FFA8CFED5
:10468000B3FBF7F007FB10360B0C43EA064300FBC5
:104690000EF69E4204FA02F408D91CEB030300F163
:1046A000FF382FD29E422DD9023863449B1B89B21A
:1046B000B3FBF7F607FB163341EA034106FB0EF3A3
:1046C0008B4208D91CEB010106F1FF3816D28B4250
:1046D00014D9023E6144C91A46EA004638E72E461C
:1046E000284605E70646E3E61846F8E64B45A9D214
:1046F000B9EB020864EB0C0E0138A3E74646EAE783
:10470000204694E74046D1E7D0467BE7023B614430
:1047100032E7304609E76444023842E7704700BF99
:1047200010B4044C03460A4620685DF8044B194651
:1047300000F008B9000000202DE9F84F0A9D9146CD
:104740000F4602FB03F8824610B18369002B34D078
:10475000274B9D4236D0274B9D4241D0264B9D4250
:1047600008BFDAF80C50AB891B0730D52B6973B33F
:10477000B8F1000F31D007F1FF3B002606E02A68B0
:10478000511C296013700136B0452CD0AC681BF861
:10479000013F013C002CAC60F1DAAF69BC422A4613
:1047A0001946504601DB0A2BE9D1ECF717FD013021
:1047B000E9D1B6FBF9F0BDE8F88FECF7DDF80C4B6A
:1047C0009D42C8D1DAF80450AB891B07CED42946E4
:1047D0005046ECF77DFD0028CAD00020BDE8F88FD8
:1047E000DAF80850BFE7B8FBF9F0BDE8F88F00BF72
:1047F0006C2F02084C2F02082C2F020810B5064C13
:1048000082B084460093206813460A466146FFF74B
:1048100093FF02B010BD00BF0000002010B4044C94
:1048200003460A4620685DF8044B194600F010B8AC
:104830000000002000B5054B83B0014601AA1868AE
:1048400000F006F803B05DF804FB00BF0000002094
:104850002DE9F047DFF8748006468946174601F0D7
:10486000F1F8D8F8005055B199F800301C4673B1F2
:104870004C4602E014F8013F3BB13D2BFAD13046E3
:1048800001F0E2F80020BDE8F087A4EB09042868F5
:104890000028F4D02246494600F020FD28B92B68B4
:1048A0001A5D3D2A03EB040A04D055F8040F0028D2
:1048B000F0D1E4E7D8F80030ED1AAD1030463D6095
:1048C00001F0C2F80AF10100BDE8F087CC04002035
:1048D00000B583B001AAFFF7BBFF03B05DF804FB8E
:1048E000032A70B515D940EA010C1CF0030F0446E9
:1048F0000B4621D1194620460E680568B54204F1E1
:10490000040403F1040317D1043A032A204619468C
:10491000F0D8541EA2B100F1FF3C013901E0C318E8
:104920000CD01CF801EF11F8012F9645A4EB0C03F5
:10493000F5D0AEEB020070BD541EECE7184670BD1A
:10494000104670BD38B502FB01F52946EBF718FE9D
:10495000044618B12A460021EBF75EFD204638BD1B
:1049600038B5124B1D68AA6B04461AB10023C2E980
:10497000044338BD1820EBF7A5FC0246A86378B1C4
:1049800001200021C2E90401094B0A480A4991604B
:10499000C2E900030B2393810023C2E9044338BD1D
:1049A000064B0748422101F027F800BF0000002015
:1049B00034126DE60E33CDABECDE0500E84B020899
:1049C000004C02081C4B10B51C68A26B8AB113691D
:1049D0001A4954691A4803FB01F100FB0411A3FBB7
:1049E0000030013341EB0001C2E9043121F0004005
:1049F00010BD1820EBF766FC0246A06388B1114C8D
:104A0000114B0E48114991609FED097BC2E90043AB
:104A10000B2393810E4B014682ED047BC2E90431E6
:104A200010BD0C4B0C484E2100F0E6FFAFF30080A8
:104A30000100000000000000000000202DF451588B
:104A40002D7F954C0E33CDAB34126DE6ECDE0500B8
:104A50002E7F954CE84B0208004C020810B4044C21
:104A600003460A4620685DF8044B1946EDF7A4B8E2
:104A70000000002010B4054C8446134620685DF801
:104A8000044B0A46614600F00BB800BF000000204E
:104A9000024B0146186800F0B3B800BF00000020C8
:104AA0002DE9F04F0C4683B006463D2120461546C1
:104AB000994600F067F9002840F09180304600F0F8
:104AC000C1FF284600F09CFB01AA804621463046E3
:104AD000FFF7BEFE0746002843D0B9F1000F39D0DA
:104AE00000F08EFB80456FD9DFF810B1019BDBF839
:104AF00000904FEA830A2378414622461BB907E01B
:104B000012F8013F0BB13D2BFAD1121B08EB020149
:104B100002313046EBF734FD49F80A00002865D031
:104B2000019ADBF80030214653F8223011F8014B8E
:104B30001C702CB906E011F8014B03F8014F0CB1C1
:104B40003D2CF8D13D221A7015F8012B03F8012FE6
:104B5000002AF9D1304600F077FF002003B0BDE80D
:104B6000F08FDFF898B0DBF800100B68A3B30B46AA
:104B700053F8042F38460137002AF9D1C21C92009D
:104B80001D480368B3B90123036011463046EBF7B3
:104B9000F7FC814650B34FEA870ADBF80010524613
:104BA000EBF7A0FBCBF800907B1C002249F82320F8
:104BB0000197A0E73046ECF7FFFF8146CBF80000F5
:104BC000A0B14FEA870AEFE7013F15F8013B07F86C
:104BD000013F002BF9D1BDE71F460822D0E7EBF7D4
:104BE00033FB162303604FF0FF30B7E7304600F089
:104BF0002BFF4FF0FF30B1E780590020CC0400209C
:104C0000F0B583B081B30B780D466BB306463D21FA
:104C1000284600F0B7F838BB304600F013FF164FB7
:104C200001AA29463046FFF713FE0446B0B10198A9
:104C3000396801EB80035A6841F82020002AEFD040
:104C400004335A6843F8042B002AFAD101AA2946F2
:104C50003046FFF7FDFD04460028E8D1304600F05D
:104C6000F3FE204603B0F0BDEBF7EEFA1623036027
:104C70004FF0FF30F6E700BFCC04002008B410B5B9
:104C8000002A9DB0044633DB4FF40273ADF81430B4
:104C90000291069120AB17D0013A4FF6FF710492B2
:104CA0000792ADF816101F9A019302A900F0E4FFD5
:104CB000421C01DA8B232360029B00221A701DB074
:104CC000BDE8104001B070474FF6FF7104920792A3
:104CD000ADF816101F9A019302A900F0CDFF431CF6
:104CE00001DA8B2323601DB0BDE8104001B070478E
:104CF0008B2303604FF0FF30F5E700BF0CB410B515
:104D00001F4B00291C689CB035DB4FF40273ADF8D3
:104D10001430029006901FAB18D001394FF6FF7285
:104D200004910791ADF8162002A91E9A019320461E
:104D300000F0A2FF421C01DA8B232360029B0022B9
:104D40001A701CB0BDE8104002B070474FF6FF72F9
:104D500004910791ADF8162002A91E9A01932046EE
:104D600000F08AFF431C01DA8B2323601CB0BDE8EE
:104D7000104002B070478B2323604FF0FF30F5E7FF
:104D80000000002011F0FF01034644D0820732D119
:104D900010B5046841EA012E4EEA0E4E8EEA040276
:104DA000A2F1013323EA0203A4F1013222EA040250
:104DB000134313F0803F0FD150F8044F84EA0E0CD8
:104DC000A4F10133ACF1013223EA040322EA0C021C
:104DD000134313F0803FEFD0037823B936E010F887
:104DE000013F002B32D09942F9D110BD8A4211D037
:104DF0009A071846CCD0184613F8012B002AF5D193
:104E0000104670479907184607D0184601330278B4
:104E1000002AF7D170478207F7D10268A2F1013367
:104E200023EA020313F0803F08D150F8042FA2F1C7
:104E3000013323EA020313F0803FF6D00378002BFE
:104E4000E8D010F8013F002BFBD17047184610BD89
:104E50000000000000000000000000000000000052
:104E6000A2EB0300704700BF02780B78012A28BF2D
:104E70009A42F5D16DE9044540EA0104CDE90267A3
:104E80006FF0000C4FEA447212B380EA010414F090
:104E9000070F6AD100F0070420F0070004F00305B3
:104EA00021F007014FEAC505F0E8042314F0040FD0
:104EB000F1E804670CFA05F462EA040266EA040603
:104EC0000AD063EA0403624667EA0407664603E021
:104ED000F0E80423F1E8046782FA4CF582EA06045C
:104EE000A4FA8CF46CBB83FA4CF583EA0705A5FAA7
:104EF0008CF595B950E9022351E9026782FA4CF525
:104F000082EA0604A4FA8CF483FA4CF583EA0705D6
:104F1000A5FA8CF52543DBD09CB92DBAB5FA85F4FA
:104F200024F0070427FA04F1DDE9026723FA04F309
:104F300003F0FF0001F0FF01FDE80445A0EB0100D4
:104F4000704724BAB4FA84F424F0070426FA04F172
:104F5000DDE9026722FA04F202F0FF0001F0FF012E
:104F6000FDE80445A0EB0100704714F0030F3CD1AD
:104F700010F0030428D150F8082B51F8083B82FAAE
:104F80004CF582EA0305A5FA8CF55DB950F8042CBE
:104F900051F8043C82FA4CF582EA0305A5FA8CF537
:104FA000002DE8D02DBAB5FA85F424F0070423FAD1
:104FB00004F122FA04F202F0FF0001F0FF01FDE823
:104FC0000445A0EB010070474FEAC40420F0030041
:104FD00050F8082B21F0030151F8083B0CFA04F4B7
:104FE00062EA040263EA0403C9E710F003041AD07A
:104FF000A1EB040120F00300E40750F8042B06D0D5
:105000000FD28B785FFAA2F4E41A06D12BB1CB78D9
:105010005FFAB2F4E41A00D11BB920465DF8104BD8
:10502000704701F1040150F8042BCC0721F0030173
:1050300051F8043B48D824D222F07F4482FA4CF540
:1050400094EA1325A5FA8CF50AD165B951F8043B09
:1050500084EA0204B4EB036F0ED150F8042BEBE7A3
:105060004FEA132355E035F07F454DD10878FDE830
:105070000445C0F1000070474FEA126203F0FF03DD
:1050800047E002EA1C4482FA4CF594EA1345A5FA7B
:105090008CF50AD165B951F8043B84EA0204B4EBFB
:1050A000034F0CD150F8042BEBE74FEA134330E0E9
:1050B00015EA1C4528D10B884FEA124229E04FEA35
:1050C000124203EA1C4324E002F0FF0482FA4CF58A
:1050D00094EA1365A5FA8CF50AD165B951F8043B39
:1050E00084EA0204B4EB032F09D150F8042BEBE758
:1050F0004FEA13630DE015F0FF0F05D10B684FEA7F
:10510000122223F07F4304E04FF00000FDE8044545
:10511000704712BA1BBA82FA4CF482EA0304A4FA6A
:105120008CF5B5FA85F402FA04F203FA04F34FEAB7
:105130001260FDE80445A0EB1360704780EA0102AD
:10514000844612F0030F4FD111F0030F32D14DF806
:10515000044D11F0040F51F8043B0BD0A3F10132C0
:105160009A4312F0803F04BF4CF8043B51F8043BD3
:1051700016D100BF51F8044BA3F101329A4312F04B
:10518000803FA4F101320BD14CF8043BA24312F052
:10519000803F04BF51F8043B4CF8044BEAD023464F
:1051A0000CF8013B13F0FF0F4FEA3323F8D15DF801
:1051B000044B704711F0010F06D011F8012B0CF8C9
:1051C000012B002A08BF704711F0020FBFD031F841
:1051D000022B12F0FF0F16BF2CF8022B8CF80020C8
:1051E00012F47F4FB3D1704711F8012B0CF8012B4B
:1051F000002AF9D1704700BF000000000000000045
:1052000090F800F06DE9024520F007016FF0000C06
:1052100010F0070491F820F040F049804FF00004AE
:105220006FF00700D1E9002391F840F000F1080089
:1052300082FA4CF2A4FA8CF283FA4CF3A2FA8CF3C1
:105240004BBBD1E9022382FA4CF200F10800A4FA28
:105250008CF283FA4CF3A2FA8CF3E3B9D1E904237C
:1052600082FA4CF200F10800A4FA8CF283FA4CF3B3
:10527000A2FA8CF37BB9D1E9062301F1200182FA6D
:105280004CF200F10800A4FA8CF283FA4CF3A2FA73
:105290008CF3002BC6D0002A04BF04301A4612BA81
:1052A000B2FA82F2FDE8024500EBD2007047D1E984
:1052B000002304F00305C4F100004FEAC50514F013
:1052C000040F91F840F00CFA05F562EA05021CBFE4
:1052D00063EA050362464FF00004A9E7A2B330B5C4
:1052E00040EA0104A40784460B462AD09CF800003B
:1052F0000C7884422FD1012A0DD0E64660B11EF809
:10530000010F11F8014F6FEA0E03A042134422D19E
:105310001CEB0303F2D1002030BD0468194653F89A
:10532000045BA4F1013EAC4284462EEA040E00F177
:1053300004000BD1043A84461946ECD01EF0803F9D
:10534000E9D1032AE9D8D1E7104670479CF800005C
:105350000C78A042D1D0001B30BD00BF2DE9F04F2A
:10536000012BADF21C4D1D4681460F46904640F282
:1053700045810123002419464FF0FF309C4606E08A
:10538000A3EB000C1C46012163189D4210D908EBC9
:10539000000218F80360525C9642F1D300F082805C
:1053A0004FF0010C20466146644463189D42EED8DC
:1053B000CDF808C04FF0010C002461464FF0FF36D5
:1053C000634606E0A3EB060C1C46012163189D42D0
:1053D0000FD908EB010218F803E0925D9645F1D869
:1053E00066D04FF0010C26466146644463189D4226
:1053F000EFD8013600F1010BB34502D8CDF808C053
:10540000B34605AB0DF2144243F8045F9342FBD15F
:10541000002D00F0F8806C1E06AE08F1FF3208EB9C
:105420000400019612F8011FD3432B4443449042D9
:1054300046F82130F6D1029B5A4608EB030140465C
:10544000FFF74EFA002840F08280029B0BF1FF32FA
:10545000EB1A824606460592039309EB060E019A63
:105460001EF8043052F8233043B3BAF1000F04D0D1
:10547000029A9342039A38BF13461E444FF0000A23
:105480007B1BB342E9D209EB070045F4006100F051
:105490000DFD07447B1BB342DFD200200DF21C4DF3
:1054A000BDE8F08F8C4512BF0131644401216BE7E8
:1054B00061450ABF64180131012187E7D3455B4686
:1054C00038BF5346A34211D2591E9A1941444A4447
:1054D00002E00133A34209D212F8010B11F801CF07
:1054E0008445F6D0CBF101021644C6E7D345059BAF
:1054F00040F282800BEB06024A4408EB0B01CDF828
:1055000010B002E0534516D0034612F8010D11F811
:1055100001CD844503F1010B03F1FF30F2D05B466E
:10552000DDF810B00AF1010A9A450BD8029BDDF8AC
:105530000CA01E44A4E753460AF1010A9A45DDF87F
:1055400010B0F3D970460DF21C4DBDE8F08FA5EBFD
:105550000B035B4538BF5B46013304930BF1FF330C
:105560000293CBF101030026039345F4006A09EB93
:105570000601019A0B5D52F823306BB11E447B1B70
:105580009E42F4D909EB0700514600F08FFC074416
:105590007B1B9E42EBD980E7A34514D2029B0BEB09
:1055A000060208EB030C4A445B4602E00133A342C7
:1055B00009D212F8010B1CF801EF8645F6D0039AC8
:1055C00016441E44DBE7BBF1000F10D00BEB0600C6
:1055D000484408EB0B0201E0434508D012F801ED06
:1055E00010F801CDE6451346F6D0049BC6E7084601
:1055F0000DF21C4DBDE8F08F5B4693E7012302934B
:105600004FF0000BFDE606AB4FF0FF34019312E7BD
:105610002DE9F0410D46097890B00446002953D099
:105620006A78002A00F08380AB78002B50D0E878AD
:10563000002800F083802B79002B57D02846FFF7F5
:10564000DFFD064640F40071204600F02FFC864244
:105650005CD8FE2E00F28780801B27184022711C28
:105660006846EAF7D9FE7EB16A1E5FFA86FC901999
:1056700012F8013F03F03F0340336B44A91A614421
:10568000824203F8401CF3D1013CA35D03F03F03C9
:1056900040336B4413F8400C0444A74203D23AE071
:1056A0004444A74237D314F806C00CF03F0C0CF169
:1056B00040030DEB030C2046324629461CF8408C73
:1056C000FFF70EF90028EBD1204610B0BDE8F081BD
:1056D000007842EA014200E00C4640EA0343611CC4
:1056E000A0B19A426078F7D1013CEDE722786AB127
:1056F000296809BA01E099421ED042EA03232046F4
:1057000014F8012F002AF6D1994215D00024204622
:1057100010B0BDE8F081BB5DB819002BF6D04FF496
:10572000006100F0C3FB0744BC42ADD9EEE710B006
:10573000BDE8F041FFF726BBC41EC5E7120442EAEC
:10574000016242EA03232178024600E02C4641EA46
:105750000200651C02020029D8D0B3EB002F61784B
:10576000F4D1023CB0E7014633462A46204610B049
:10577000BDE8F041F2E500BF2DE9F04707464B4890
:105780000E46354616F801CB10F80C4014F008040C
:10579000F7D1BCF12D0FE64658D0BCF12B0F04BF5A
:1057A00096F800E0AE1C5BB1102B54D04FF0FF38E0
:1057B000B8FBF3F803FB08FA6FEA0A0A994608E017
:1057C000BEF1300F5AD00A23DFF8E4804FF0050A0B
:1057D00099460025284607E0404515D829D009FB01
:1057E00000C0012516F801EBAEF1300CBCF1090F39
:1057F00006D9AEF1410CBCF1190F08D8AEF1370C47
:1058000063450DDD002DE7DA4FF0FF35EAE7AEF135
:10581000610CBCF1190F03D8AEF1570C6345F1DCF4
:10582000002D0BDB04B140420AB16DB91160BDE837
:10583000F087D445D3DD4FF0FF35D3E722233B601B
:105840004FF0FF30002AF2D0711EEFE796F800E02B
:105850000124AE1CA7E7BEF1300F21D1307800F053
:10586000DF00582816D14FF0100996F801E04FF0EC
:105870000F0A02366FF070484B46AAE7337803F000
:10588000DF03582BEFD008234FF0070A6FF0604872
:1058900099469EE799466FF070484FF00F0A98E7D7
:1058A0004FF00F0A6FF07048994692E7B53A020838
:1058B0009999991960E700BF10B4044C84461346C7
:1058C00020685DF8044B0A46614655E70000002059
:1058D00010B4044C8446134620685DF8044B0A4615
:1058E000614649E70000002010B50A4B84B06946C4
:1058F00004460022186800F0CBF80028AEBFDDE9AE
:1059000000014FF0FF304FF0FF310CB1C4E900014E
:1059100004B010BD0000002010B51A4C0029246806
:105920009AB02ADB009004904FF40270ADF80C009E
:1059300013D001394FF6FF7002910591ADF80E00BA
:105940006946204600F098F9421C01DA8B23236057
:10595000009B00221A701AB010BD4FF6FF70029122
:105960000591ADF80E006946204600F085F9431C0C
:1059700001DA8B2323601AB010BD8B2323604FF014
:10598000FF30F8E70000002030B5141E9BB005463C
:105990002CDB4FF4027200910491ADF80C2014D06E
:1059A0004FF6FF711A46013CADF80E101E9B029493
:1059B0006946059400F060F9421C01DA8B232B60E4
:1059C000009B00221A701BB030BD4FF6FF711A46C3
:1059D000ADF80E101E9B02946946059400F04CF938
:1059E000431C01DA8B232B601BB030BD8B2303607B
:1059F0004FF0FF30F8E700BF00B50B4C25681446A8
:105A0000EE681A4685B003460D464CB1074900952D
:105A1000CDE901143046064900F026F800F058FAA6
:105A200004490C46F3E700BF00000020344C020894
:105A3000444C0208603E020808B513460022FFF7F6
:105A4000DBFF00BF704700BF704700BF0CB400B55C
:105A500083B004AB53F8042B0193EBF739F803B090
:105A60005DF804EB02B070470EB410B583B005AB1F
:105A7000064C53F8042B019301462068EBF728F8F5
:105A800003B0BDE8104003B0704700BF0000002025
:105A900070B50C46084D03460026204611461C46AC
:105AA0002E6000F0BFFC431C00D070BD2B68002BA3
:105AB000FBD0236070BD00BF000500202DE9F0473A
:105AC0008F689F420C461D46164638D88246888904
:105AD00010F4906F0ED108683D462A463146EBF728
:105AE000EFFFA2682368D21B2B44A2602360002032
:105AF000BDE8F0874B69096903EB4308236808EBAD
:105B0000D878A3EB01096B1C4FEA68084B44434566
:105B1000424684BF98464246430513D51146504637
:105B2000EAF72EFD074608B321694A46EAF7DAFB91
:105B3000A38923F4906343F08003A38107E00868FE
:105B40001F46CAE75046ECF737F8074650B107EB57
:105B50000900A8EB09032761C4F81480A360206042
:105B60002F46BAE721695046EAF7A8FC0C23CAF889
:105B70000030A38943F040034FF0FF30A381B7E723
:105B80002DE9F04F936883B09146002B6ED01768D3
:105B90008D6880460C460868083744E0A38913F4F2
:105BA000906F2ED0D4E90415A0EB010A05EB450552
:105BB00005EBD5750AEB06006D100130A8422A46A8
:105BC00084BF05462A465B0537D511464046EAF7AD
:105BD000D7FC00283BD0524621690190EAF782FBAE
:105BE000A289019B22F4906242F08002A281A5EB7F
:105BF0000A0203EB0A006561A2602361206035465A
:105C0000B24659465246EBF75BFFA068D9F8081038
:105C10002368451B8E1B03EB0A00A5602060C9F8B2
:105C200008601EB3083757E902B6002EFAD0B54215
:105C3000AA46B3D93546B246E3E74046EBF7BCFF88
:105C400003460028D3D121694046EAF737FC0C23EC
:105C5000C8F80030A389002243F040034FF0FF3022
:105C6000A381C9E9012203B0BDE8F08F0020C9F883
:105C7000040003B0BDE8F08F2DE9F04F92468A8909
:105C800015069DB0884681461C4603D50A69002A40
:105C900000F0EF80002209929AF800307E4D0394C4
:105CA00020228DF8292030228DF82A200126002B71
:105CB00072D0544603E014F8013F002B76D0252B18
:105CC000F9D1B4EB0A0B74D12278002A64D00023F6
:105CD0004FF0FF32CDE90523049307938DF853303D
:105CE0001A93013404E0049A06FA03F3134304936D
:105CF000A246052214F8011B2846EBF791FE431B30
:105D00000028F0D1049BD80644BF20228DF85320F0
:105D100019079AF8001044BF2B228DF853202A2926
:105D200054D1039A11680432002903927CDB079155
:105D30009AF801100AF1010A2E2959D0574C032272
:105D40002046EBF76DFE40B1049B001B402404FA93
:105D500000F0034304930AF1010A1AF8011B5048AA
:105D60008DF828100622EBF75BFE002862D04D4B21
:105D7000002B52D003AA00924B4B424604A948463E
:105D8000AFF3008007467A1C06D0099B3B44099379
:105D90009AF80030002B8CD1B8F80C305B0654BF59
:105DA00009984FF0FF301DB0BDE8F08FB4EB0A0B3F
:105DB000F2D05B46524641464846FFF77FFE01302F
:105DC000EAD0099B22785B4409937EE7A1F1300277
:105DD000092AB1D8079B1AF8011F03EB830302EBD2
:105DE0004303A1F13002092AF5D92E290793A5D141
:105DF0009AF801102A2927D1039B9AF802101A68F1
:105E000005920433002A0AF102000393B8BF4FF051
:105E1000FF338246B8BF059390E7039B073323F017
:105E2000070308330393B0E7494243F002030791A5
:105E300004937DE703AA00921B4B424604A94846FF
:105E4000EBF72CF807469EE7A1F130020023092A60
:105E500005930AF1010A3FF671AF1AF8011F03EB2F
:105E6000830302EB4303A1F13002092AF5D905931C
:105E700064E74021EAF784FBC8F80000C8F8100086
:105E800018B14022C8F8142004E70C23C9F80030E8
:105E90004FF0FF3087E700BF383D0208403D020861
:105EA000443D020800000000BD5A010871B10346DC
:105EB00000EB010C01E0634506D01A46013311786E
:105EC0000029F8D1101A7047181A70470846704711
:105ED00008B5062000F098F8012005F0BDFF00BFCE
:105EE00038B5446C0CB1002038BD80210546EAF776
:105EF00047FB0246686430B1031F7C3243F8044F0D
:105F00009342FBD1EFE74FF0FF3038BD1F29F8B5C2
:105F1000054608D8466C0C4617464EB156F8240084
:105F200046F82470F8BD162303604FF0FF30F8BD2B
:105F30008021EAF725FB0646686440B1031F00F1A3
:105F40007C05002143F8041F9D42FBD1E6E74FF09A
:105F5000FF30F8BD1F2938B5054620D8426C0C46E5
:105F60006AB152F8213053B1012B16D0591C10D010
:105F70000025204642F824509847284638BD284638
:105F800000F0F8F8224601462846BDE8384000F007
:105F9000DBB816230360012038BD002038BD16236E
:105FA00003604FF0FF3038BD1F292AD8426C38B546
:105FB0000C46054682B152F8243002EB84024BB104
:105FC000591C19D0012B15D0002520461560984783
:105FD000284638BD012038BD8021EAF7D1FA0246B3
:105FE000686458B1031F00217C3043F8041F9842B5
:105FF000FBD1E0E7032038BD022038BD4FF0FF3071
:1060000038BD4FF0FF30704738B5144B1F281D685E
:106010001FD86A6C044662B152F820304BB1012B94
:1060200015D0591C0FD0002542F82050984728461B
:1060300038BD284600F09EF8224601462846BDE8B5
:10604000384000F081B816232B60012038BD0020B5
:1060500038BD16232B604FF0FF3038BD0000002004
:10606000124B1F2870B51E6808D80D46716C044687
:1060700049B151F8240041F8245070BD1623336013
:106080004FF0FF3070BD80213046EAF779FA0146C3
:10609000706440B1031F00F17C0C002243F8042F10
:1060A0006345FBD1E5E74FF0FF3070BD00000020F5
:1060B00038B50B4B1D686C6C0CB1002038BD8021CD
:1060C0002846EAF75DFA686438B1031F00F17C02E4
:1060D00043F8044F9342FBD1EFE74FF0FF3038BD58
:1060E0000000002038B5174B1F281D6826D86A6CA1
:1060F000044682B152F8243002EB84024BB1591CA1
:106100001AD0012B16D00025204615609847284646
:1061100038BD012038BD80212846EAF731FA024611
:10612000686458B1031F00217C3043F8041F834288
:10613000FBD1DFE7032038BD022038BD4FF0FF3030
:1061400038BD00BF0000002070B50C46084D034666
:106150000026204611461C462E6005F075FE431CA5
:1061600000D070BD2B68002BFBD0236070BD00BF3A
:106170000005002005F066BE82B0002100910B4BA7
:106180001A6B42F080021A631A6B02F080020092CE
:10619000009A01911A6B42F001021A631B6B03F023
:1061A00001030193019B02B0704700BF0038024019
:1061B000014B00225A607047A05B002000000000E5
:1061C00038B370B5EEF7ECF906460D4612A3D3E9E5
:1061D0000023FEF7D3F8144C20600FA3D3E900236B
:1061E00030462946FEF7CAF86260104BA3600923C7
:1061F000E360256A0AA3D3E90023D5E90001FDF78E
:106200007FFEC5E90001002221460948EBF77EFE2A
:1062100070BD7047AFF3008000CA9A3B00000000D9
:106220009A9999999999B93F505B0020B83B020817
:106230009C5B00200000000080B58EB000F058FA92
:10624000494B0193494B0093494B4A4A0021012095
:10625000EDF7A8FF09A8EDF765FE474B0993474BFB
:106260000A93474B0B93474B0C9309A8EDF768FE35
:1062700000286FD0444F02A8EDF780FEBE460DF116
:10628000080CBCE80F00AEE80F00DCF80030CEF8D8
:1062900000303E4D3B46002211462846EDF7B8FB44
:1062A0003B4E2B463B4A3C493046EDF759FC6420B7
:1062B000EAF708F8394C20604FF00009C4F8049060
:1062C0006423A360EFF7E0FD0246DFF80481344B5E
:1062D00031464046EDF752FDEFF790FB0246314B59
:1062E00031463148EDF7A8FC304E31493046EFF7E2
:1062F00027F9304B5E6101229A61DA612E491962F9
:106300005A629A62DFF8CCA02C4B00932C4A0023EF
:1063100029465046EDF7CEFD2A4E3B46022229463D
:106320003046ECF70BFB51463046ECF731FCCDF82C
:106330000090254B224641463046ECF7C1FB4FF416
:106340007A70EEF73BF906A3D3E900231D48EDF779
:10635000A3F9F8E74FF4B6711C48EAF781F989E729
:1063600000E1F5050000000005C40108B1C3010803
:10637000ADC3010879C3010861C1010885C10108E5
:10638000A5C10108E5C1010884590020845E0020F0
:10639000945B0020603E0208EC3B0208A05B0020FA
:1063A000F83B0208003C02089C5B0020CC5A00200D
:1063B000103C0208505B0020485B0020C1610108CE
:1063C00080969800085A0020B1610108C43B020879
:1063D000805E0020B85E002000B583B0B0F57A7F03
:1063E00010D20023019303E000BF019B013301930E
:1063F00000EB8003019AB2EB830FF5D3002003B0CA
:106400005DF804FB064BA3FB002080094FF47A7271
:1064100002FB00F0A3FB0030800903F017FDEDE75D
:10642000D34D621098B110B5044603F001FC094B3E
:10643000A3FB00239B092360002262604FF47A7261
:1064400002FB130002FB00F0A060002010BD002042
:10645000704700BFD34D621008B50268034B9A42E3
:1064600000D008BD02F0CCFDFBE700BF00040140F6
:1064700072B6FEE700B595B03022002108A8E9F712
:10648000CBFF002303930493059306930793019393
:10649000204A116C41F080511164126C02F080525C
:1064A0000192019A02931C4B1A6842F480421A60CE
:1064B0001B6803F480430293029B012308934FF46B
:1064C0008033099302230E934FF480020F920A2225
:1064D0001092A822119212930723139308A802F096
:1064E000F9F898B90F23039302230493002305932B
:1064F0004FF4A05306934FF480530793052103A84C
:1065000002F036FB20B915B05DF804FBFFF7B0FFD1
:10651000FFF7AEFF003802400070004008B502F0FF
:1065200055FDFFF7A7FFFFF727FE05F0A7FF0E4871
:1065300006F018F80D4806F02BF80D4C204606F032
:1065400063FA0221204606F042FB06F069F804F0E7
:1065500065F8084A0021084804F08EF8074B1860D7
:1065600004F06EF8FEE700BF98590020E4590020BF
:1065700070080120243C020839620108045A0020F6
:10658000FEE7FEE7FEE7FEE7FEE7704708B50248D4
:1065900000F04EFB08BD00BFBC5E002070B5164D7C
:1065A000284606F033FB154C234604F1080200216F
:1065B000284606F057FA24780E2C00D970BD104DED
:1065C00055F8241018310D4805F0E8FF55F82460FF
:1065D000B069FDF7F3FDC6E90C0155F82460F069D8
:1065E000FDF7ECFDC6E90E0155F82440206AFDF7E1
:1065F000E5FDC4E91001E1E7700801209859002089
:10660000905A002008B5024800F089FF08BD00BF7D
:10661000E073002000B583B0002200920D4B596C4E
:1066200041F480415964596C01F480410091009912
:106630000192196C41F0805119641B6C03F0805376
:106640000193019B0F216FF0010002F079FC03B070
:106650005DF804FB0038024030B589B005460024DF
:1066600001941E4B5A6C42F002025A645B6C03F0B8
:1066700002030193019B02A903A802F03FFB02F071
:106680002DFB43001648A0FB03239B0C013B154840
:10669000154A026040F2E732C260436004618460E0
:1066A000846100F0DDFB044610B1204609B030BD26
:1066B0000C4800F075FA04460028F6D12C2002F0B0
:1066C00077FC0F2D01D90124EFE7002229462C2069
:1066D00002F036FC054B1D60E7E700BF00380240C2
:1066E00083DE1B43BC5E0020000401403804002010
:1066F00008B500220F49104804F010FB70B90F498B
:106700000D4804F022FB60B90D490B4805F018FB59
:1067100050B9094804F033FB48B908BDFFF7A8FE9B
:10672000EDE7FFF7A5FEEFE7FFF7A2FEF1E7FFF7C2
:106730009FFEF2E7D0030020045F00204404002005
:106740002004002012230B8000487047EC03002037
:1067500004230B800048704700040020002393426C
:106760001ED200B510E00CF1370C01F813C0000187
:106770004FEA430C0CF1010C4FF0000E01F80CE055
:106780000133DBB2934209D24FEA107CB0F1204FC3
:10679000E9D20CF1300C01F813C0E8E75DF804FB16
:1067A0007047000038B50B4BD3F8100AD3F8144AE1
:1067B000D3F8183AC01800D138BD074D0822A91CDB
:1067C000FFF7CCFF042205F112012046FFF7C6FFB8
:1067D000F2E700BF0070FF1F0404002008B51A2371
:1067E0000B80FFF7DFFF014808BD00BF0404002055
:1067F00008B50A4628B90549054805F017F80348C1
:1068000008BD0249024805F011F8F8E7E0610020F0
:10681000483C020810B50A46034C2146034805F0DF
:1068200005F8204610BD00BFE0610020603C020872
:1068300008B50A4628B90549054804F0F7FF03489A
:1068400008BD0249024804F0F1FFF8E7E0610020CA
:10685000743C020808B50A4628B90549054804F001
:10686000E5FF034808BD0249024804F0DFFFF8E7EE
:10687000E0610020803C0208002070470020704743
:106880000020704710B50146044C204605F071FA0F
:10689000204605F097FA002010BD00BF045F0020DD
:1068A00010B5064C00220649204605F054FA054969
:1068B000204605F05EFA002010BD00BF045F0020F6
:1068C000E06B0020E0630020094BD3F8BC32D3F822
:1068D00014320BB10120704710B5054C0A46014631
:1068E000204605F038FA204605F04FFA10BD00BFEB
:1068F000045F002030B589B000230393049305930F
:10690000069307930368B3F1A04F01D009B030BDDF
:1069100000250195164C236B43F001032363236B81
:1069200003F001030193019B4FF4C053039302232F
:106930000493032306930A23079303A90D4802F047
:10694000FBF9636B43F0800363630295636C43F46C
:1069500080436364636C03F480430293029B2A4682
:106960000521432002F0ECFA432002F021FBCDE7A1
:10697000003802400000024008B500F29C41D0F807
:10698000E00404F012FA08BD08B501EBC10300EB06
:106990008303D3F86022D0F8E00404F0D9FA08BDEC
:1069A00008B501EBC10300EB83031A6AD0F8E004D9
:1069B00004F034FB08BD08B5D0F8E00404F073FA25
:1069C00008BD10B50446C17911B1022909D10121D0
:1069D000D4F8E00404F048FAD4F8E00404F011FA22
:1069E00010BDFFF745FD0121F2E7000010B5044698
:1069F000D0F8E00404F03BFA2268D2F8003E43F0FD
:106A00000103C2F8003EE37A23B1034A136943F05D
:106A10000603136110BD00BF00ED00E008B5D0F81B
:106A2000E00404F033FA08BD08B5D0F8E00404F03F
:106A300062FA08BD08B5D0F8E00404F045FA08BDD4
:106A400008B5D0F8E00404F06DFA08BD08B5D0F838
:106A5000E00404F069FA08BD02780AB1002070472A
:106A600010B503461548C0F8E034C3F8C8024FF02B
:106A7000A0430360042303710222C27100238371C7
:106A800042728372C37203738373C37300F07EFA1E
:106A900080B90A4C8021204601F044F840220021B0
:106AA000204601F019F880220121204601F014F857
:106AB000002010BDFFF7DCFCEBE700BFE073002017
:106AC000D0F8C83211F0800F08D101F07F0101EB3E
:106AD000C10103EB810191F85602704701F07F017B
:106AE00001EBC10103EB8101887D704708B5D0F847
:106AF000C80200F04FFC08BD00487047C478002071
:106B00007047032805D8DFE800F0050402050120DE
:106B100070470320704708B5D0F8C80200F0B7FAF4
:106B2000FFF7EFFF08BD08B594461A466346D0F854
:106B3000C80200F08CFBFFF7E4FF08BD08B5D0F8F1
:106B4000C80200F0CAFBFFF7DCFF08BD08B5D0F8AB
:106B5000C80200F04DFCFFF7D4FF08BD08B5D0F81F
:106B6000C80200F088FCFFF7CCFF08BD08B5D0F8DC
:106B7000C80200F059FBFFF7C4FF08BD08B5D0F804
:106B8000C80200F010FCFFF7BCFF08BD08B5D0F844
:106B9000C80200F0DAFBFFF7B4FF08BD7047000041
:106BA00090F83D30DBB2012B37D1022380F83D3025
:106BB0000268D36843F00103D3600368194A934223
:106BC00020D0B3F1804F1DD0A2F57C42934219D062
:106BD00002F58062934215D002F58062934211D093
:106BE00002F5784293420DD002F57052934209D0DB
:106BF000A2F59432934205D01A6842F001021A605D
:106C0000002070479A6802F00702062A07D01A6827
:106C100042F001021A6000207047012070470020F6
:106C2000704700BF000001407047704770477047D1
:106C300070B504460368DE681D6915F0020F10D0B8
:106C400016F0020F0DD06FF002021A6101230377D4
:106C500003689B6913F0030F5ED0FFF7E6FF002384
:106C6000237715F0040F12D016F0040F0FD023680D
:106C70006FF004021A610223237723689B6913F4DF
:106C8000407F4FD02046FFF7D0FF0023237715F039
:106C9000080F12D016F0080F0FD023686FF008020B
:106CA0001A61042323772368DB6913F0030F40D0B4
:106CB0002046FFF7BAFF0023237715F0100F12D0FC
:106CC00016F0100F0FD023686FF010021A6108231E
:106CD00023772368DB6913F4407F31D02046FFF728
:106CE000A4FF0023237715F0010F02D016F0010F47
:106CF0002DD115F0800F02D016F0800F2FD115F096
:106D0000400F02D016F0400F31D115F0200F02D005
:106D100016F0200F33D170BDFFF786FF2046FFF736
:106D200085FF9CE72046FFF77FFF2046FFF77EFFA9
:106D3000ABE72046FFF778FF2046FFF777FFBAE77B
:106D40002046FFF771FF2046FFF770FFC9E7236871
:106D50006FF001021A612046FFF77EFBC9E7236846
:106D60006FF080021A61204600F0A7F8C7E7236899
:106D70006FF040021A612046FFF759FFC5E723680C
:106D80006FF020021A61204600F096F8C3E7000079
:106D90000368324A904212D0B0F1804F0FD0A2F572
:106DA0007C4290420BD002F58062904207D002F5FF
:106DB0008062904203D002F57842904203D123F0E2
:106DC00070034A681343254A90422AD0B0F1804F9D
:106DD00027D0A2F57C42904223D002F580629042F7
:106DE0001FD002F5806290421BD002F5784290429B
:106DF00017D002F57052904213D002F58062904293
:106E00000FD002F5806290420BD0A2F598329042EA
:106E100007D002F58062904203D002F58062904272
:106E200003D123F44073CA68134323F080034A69F3
:106E300013438A68C2620A688262084A904203D099
:106E400002F58062904201D10A690263026842F051
:106E500004020260012242610360704700000140A9
:106E600040B310B5044690F83D30F3B1022384F8E6
:106E70003D30214651F8040BFFF78AFF012384F8C7
:106E8000463084F83E3084F83F3084F8403084F84F
:106E9000413084F8423084F8433084F8443084F838
:106EA000453084F83D30002010BD80F83C30FFF7BD
:106EB00075FEDBE701207047704770472DE9F0430E
:106EC00083B0D0F8008001EBC10300EB83039A6A22
:106ED0005B6A9A4254D807460C469B1A01EBC102E2
:106EE00000EB8202D2699A4200D31A4602F10309EA
:106EF0004FEA990915E006F103094FEA9909BB79B0
:106F000004EBC40507EB8505296A0093B3B2E2B22E
:106F1000404601F048F92B6A33442B62AB6A334494
:106F2000AB6208EB441303F510639B699BB24B45BE
:106F300012D304EBC40207EB8202916A536A9942AE
:106F40000AD24BB15B1A04EBC40207EB8202D6698A
:106F50009E42D0D31E46CEE704EBC40007EB800769
:106F60007A6ABB6A9A420FD804F00F040123A34047
:106F7000D8F8344824EA0304C8F83448002000E074
:106F8000012003B0BDE8F0830020FAE730B583B0FC
:106F900000287AD00446056890F89534C3B10323DD
:106FA00084F89534B5F1A04F17D0206800F0ACFEFE
:106FB000237C8DF80030231D0ECB206800F0E3FD0C
:106FC00070B1022384F895340125284603B030BD02
:106FD00080F89434FFF78EFCE1E70023A371E4E727
:106FE0000021206801F004FB024608B9034617E0BF
:106FF000022384F895340125E7E703EBC30104EB92
:107000008101012048750B75CB8500200876C86189
:10701000086203EBC30104EB810148620133DBB278
:1070200020799842E9D816E002EBC20304EB83030F
:10703000002183F8551283F8542283F85812C3F8BC
:107040005C12C3F8601202EBC20304EB8303C3F8C3
:1070500064120132D2B29042E6D8237C8DF800301F
:10706000231D0ECB206800F0A5FE054620B10223AB
:1070700084F895340125A8E700236374012384F87C
:107080009534206801F071FA9FE701259DE70368B8
:1070900090F89424012A1AD010B50446012280F8F1
:1070A0009424DA6812F0400F02D0427B012A09D002
:1070B000206800F023FE206801F049FA002084F8DF
:1070C000940410BD9A6B42F480329A63F0E7022078
:1070D0007047000070B504460D460068066C00EB72
:1070E000411303F530639A68A179012911D0384919
:1070F0008E4256D03DB905EBC50304EB8303D3F8AC
:107100006432002B5ED0E9B22046FFF73DFC002040
:1071100070BD12F0080F09D02E498E42F7D912F433
:10712000004FF4D04FF400429A60F0E712F0200FC5
:1071300002D020229A60EAE712F0280FE7D1254911
:107140008E4206D912F4004F03D04FF400429A60E9
:10715000DDE705EBC50204EB8202D2F874121B696D
:10716000C3F31203CB1AC2F868327DB905EBC5022E
:1071700004EB8202D2F864226AB105EBC50204EB8B
:107180008202D2F860120B44C2F86032E9B22046A3
:10719000FFF7FAFBBBE704F29C42012101F06AFA17
:1071A000F4E712F4004F03D04FF400429A60AEE7C8
:1071B00012F0200F01D020229A60E9B22046FFF79A
:1071C000E3FBA4E704F29C42002101F053FA9AE7A2
:1071D0000A31544F0A30544F38B5044603681D6CC9
:1071E00003EB4113D3F8081B0E4A954207D903F568
:1071F000306311F4004F02D04FF400429A602046F1
:10720000FFF7BAFB074B9D4202D9A379012B01D0AE
:10721000002038BD04F29C420121206801F02AFAC6
:10722000F6E700BF0A30544F90F89434012B0CD08D
:1072300010B50446012380F894344174006801F0CD
:1072400076F9002084F8940410BD0220704738B508
:1072500005468C4611F0800F2BD101F00F0E0EEB7E
:10726000CE04A40004F514740444211D0EEBCE0ECC
:1072700000EB8E0E00208EF855020CF00F0C81F8FA
:1072800000C0C2F30A028A600B714A780AB1A1F801
:107290001AC0022B1CD095F89434012B1BD001236B
:1072A00085F89434286800F060FE002085F8940486
:1072B00038BD01F00F0000EBC001890010312944F6
:1072C000043100EBC00005EB800001244475D4E7D5
:1072D00000234B71DFE70220EAE710B504460A46B7
:1072E00011F0800F20D101F00F0000EBC0039B00D4
:1072F00003F514732344191D00EBC00004EB800058
:10730000002380F8553202F00F020A7094F894348A
:10731000012B18D0012384F89434206800F074FE07
:10732000002084F8940410BD01F00F0000EBC003AE
:107330009B0010332344191D00EBC00004EB8000B8
:1073400001234375DFE70220EDE710B5144601F095
:107350000F0C0CEBCC01890001F5147101440431D0
:107360000CEBCC0E00EB8E0ECEF86022CEF8643221
:107370000023CEF868328EF855328EF854C28279E6
:10738000012A04D0006800F025FF002010BDCEF8CF
:107390007042F7E701F00F0101EBC10100EB810141
:1073A000D1F86802704710B5144601F00F0C0CEBD1
:1073B000CC0189001031014404310CEBCC0E00EB00
:1073C0008E0ECEF82020CEF824300023CEF82830C0
:1073D00001238EF815308EF814C082799A4204D0B9
:1073E000006800F0F7FE002010BDCEF83040F7E74F
:1073F00038B501F00F050279AA4238D304460B468E
:1074000011F0800F1FD101EBC101890001F514714A
:107410000144043103EBC30300EB8303002283F830
:10742000552201238B700D7094F89434012B20D0D9
:10743000012384F89434206801F01EF885B10020FF
:1074400084F8940438BD05EBC5018900103101446E
:10745000043105EBC50300EB830301225A75E0E715
:1074600004F29C42A179206801F004F9E7E70120C9
:10747000E8E70220E6E701F00F0302799A4230D3F1
:1074800010B5044611F0800F1ED103EBC301890033
:1074900001F514710144043103EBC30200EB8202D5
:1074A000002082F8550200228A700B7094F8943400
:1074B000012B18D0012384F89434206801F009F8D6
:1074C000002084F8940410BD03EBC301890010313F
:1074D0000144043103EBC30200EB8202012050752A
:1074E000E1E7012070470220EDE708B511F0800FB9
:1074F0000CD101F00F0101EBC101890001F51471FC
:1075000001440431006800F0EFFD08BD01F00F01F7
:1075100001EBC1018900103101440431F2E72DE98A
:10752000F04F83B004460568284601F05DF810B1BD
:1075300003B0BDE8F08F0646206801F024F800286B
:10754000F6D005F50067BB68C3F30D23C4F8D43447
:10755000206801F018F810F0020F04D02268536977
:1075600003F002035361206801F00DF810F0100FD2
:1075700013D02268936923F010039361D5F820801B
:1075800008F00F09C8F34343022B4BD0062B6FD0F2
:107590002268936943F010039361206800F0F3FFC1
:1075A00010F4002F76D1206800F0EDFF10F4802F4A
:1075B00040F0E080206800F0E6FF0028C0F2618122
:1075C000206800F0E0FF10F4006F09D0BB6813F0F2
:1075D000010F40F06E812268536903F40063536128
:1075E000206800F0D0FF10F4805F40F066812068D2
:1075F00000F0C9FF10F4005F40F0B381206800F094
:10760000C2FF10F0080F40F0C481206800F0BBFFFB
:1076100010F0800F00F0D781AB6923F08003AB61DD
:107620000126C0E147F6F07318EA030FB0D04FEA25
:10763000181B4FEAC903019309EBC90A04EB8A0A34
:10764000C8F30A12DAF86012284600F0EBFECBF31A
:107650000A0BDAF860325B44CAF86032019B4B4493
:1076600004EB8303D3F868325B44CAF868328FE7CF
:10767000082204F29C41284600F0D4FEC8F30A1800
:1076800009EBC90204EB8202D2F868324344C2F823
:1076900068327DE7206800F07AFF8046B14635E029
:1076A00005EB49130122C3F8082B49462046FFF792
:1076B00011FD3CE005EB49130822C3F8082B4946AD
:1076C0002046FFF789FD35E009EBC90304EB83038E
:1076D00093F85732012B41D005EB49130222C3F82E
:1076E000082B1AF0200F04D005EB49132022C3F811
:1076F000082B1AF4005F05D005EB49134FF4005234
:10770000C3F8082B09F101094FEA5808B8F1000F36
:107710003FF449AF18F0010FF4D05FFA89FB5946E6
:10772000206800F044FF824610F0010FB8D11AF033
:10773000080FBFD11AF0100F04D005EB4913102227
:10774000C3F8082B1AF0020FCBD06B6913F0800F2F
:10775000BAD07B6843F480637B60B5E709EBC9036B
:1077600004EB8303002283F8572259462046FFF793
:107770005BF9B1E7206800F012FF8046B14625E0D2
:1077800059462046FFF70CF91AF0080F04D005EB14
:1077900049130822C3F808291AF0100F04D005EB8A
:1077A00049131022C3F808291AF0400F04D005EB42
:1077B00049134022C3F808291AF0020F40D11AF0E9
:1077C000800F59D109F101094FEA5808B8F1000FAB
:1077D0003FF4F0AE18F0010FF4D05FFA89FB594680
:1077E000206800F0EDFE824610F0010FCCD009F0C9
:1077F0000F03012101FA03F27B6B23EA02037B638F
:1078000005EB4913C3F80819A3798B42B8D109EBEA
:10781000C90304EB8303D9691A6A0A441A62B9F1ED
:10782000000FADD109EBC90304EB83035B6A002BA6
:10783000A6D104F29C420121206800F01BFF9FE7C3
:107840004946284600F066FA09EBC90304EB8303B6
:10785000DB7D012B05D005EB49130222C3F8082973
:10786000ADE709EBC90304EB83030022DA7559463F
:107870002046FFF7DFF8EEE749462046FFF71EFBFC
:10788000A0E77B6823F001037B6094F8CC34012BE4
:1078900008D02046FFF7C2F82268536903F000437E
:1078A00053618DE6002184F8CC14204600F03EF9A7
:1078B000F2E72046FFF79AF88DE67B6823F0010394
:1078C0007B601021206800F025FA1AE005EB4613D2
:1078D0004FF67F31C3F80819D3F8002922F40012BB
:1078E000C3F80029C3F8081BD3F8002B22F40012B8
:1078F000C3F8002BD3F8002B42F00062C3F8002B32
:1079000001362379B342E1D8FB6943F00113FB61EF
:10791000E37BDBB1D7F8843043F00B03C7F8843046
:107920007B6C43F00B037B64D5F8003823F4FE63D3
:10793000C5F8003804F29C42A179206800F09AFE54
:107940002268536903F48053536150E67B6943F422
:10795000005343F02B037B613B6943F00B033B6116
:10796000E2E7206800F075FE206800F0EDFAE071B3
:10797000266801F0ADF90146E279304600F04CF995
:107980002046FFF71EF82268536903F40053536141
:1079900034E62046FFF70FF82268536903F0080326
:1079A000536132E601362379B3420CD906EBC603A4
:1079B00004EB830393F85732012BF3D1F1B2204645
:1079C000FFF793FDEEE7206800F0DDFD10F4801F67
:1079D00025D1206800F0D7FD10F4001F58D00123F6
:1079E00026E001362379B3421BD905EB4613D3F8C1
:1079F000002906EBC60304EB83031B7E012BF0D1A9
:107A0000002AEEDA06EBC60304EB83030122DA75E3
:107A100066F07F01C9B22046FFF767FDE1E7012666
:107A2000E0E72268536903F480135361D1E701331F
:107A300022799A4227D905EB4312D2F8001B03EBB7
:107A4000C30204EB820292F85822012AEFD10029E6
:107A5000EDDAD4F8D42482EA114212F0010FE6D113
:107A600003EBC30204EB8202012182F85712AA69D8
:107A700042F08002AA616A6912F0800FD7D17B6858
:107A800043F400737B602268536903F4001353616D
:107A9000206800F078FD10F0804F10D1206800F0D1
:107AA00072FD10F0040F3FF443AD23685D6815F0DC
:107AB000040F0DD1226853682B43536038E52046EC
:107AC000FEF7BEFF2268536903F080435361E5E788
:107AD0002046FEF7BBFFEDE710B40468606A31B9D9
:107AE00040EA0240A06200205DF8044B70478C46DB
:107AF000A36A00EB1340002308E003F1400104EB0C
:107B00008101496800EB11400133DBB20CF1FF3118
:107B10008B42F2D340EA02400CF13F0104EB8101B9
:107B20004860E0E70368596200207047704782B000
:107B300000230193019B01330193019BB3F1706F0B
:107B40001CD80369002BF5DA0A23019302E0019B9C
:107B5000013B0193019B002BF9D1036943F0010321
:107B60000361019B01330193019BB3F1706F08D84E
:107B7000036913F0010FF4D1002000E0032002B0EC
:107B800070470320FBE784B010B5044603A880E8E3
:107B90000E009DF81130012B21D1A36B23F480330B
:107BA000A363E36823F4840323F04003E360E36802
:107BB00023F44013E3609DF81830012B0AD02046CF
:107BC000FFF7B5FF9DF80E30012B1CD0BDE810402B
:107BD00004B07047E36843F48013E360EFE7E368C1
:107BE00043F04003E3602046FFF7A1FF9DF8153006
:107BF00023B9A36B43F48033A363E3E7A36B23F4BC
:107C00008033A363DEE7A36843F00603A360A368A1
:107C100043F02003A360D9E7022A0AD00921C268F1
:107C200022F47052C260C36843EA8123C36000201B
:107C30007047234B0B44234A93422FD9224B0B44CA
:107C4000224A93422CD9A1F57403A3F51053204A7C
:107C5000934227D9A1F18373A3F5E7431D4A9342C9
:107C600022D31D4B0B441D4A93421FD91C4B0B447E
:107C70001C4A93421CD31C4B0B441C4A934219D3FD
:107C8000A1F1B773A3F55853194A934214D3194B72
:107C90000B44194A934211D20721C0E70F21BEE7D6
:107CA0000E21BCE70D21BAE70C21B8E70B21B6E79E
:107CB0000A21B4E70921B2E70821B0E70621AEE7BF
:107CC000405327FFFF340C00401E1BFF3F420F00B4
:107CD0007F4F120020D6130060B6E5FE5FE316006A
:107CE00000D3CEFE40771B00C05BB3FEC0912100E5
:107CF00020753800E05459FEE09C4100836843F051
:107D00000103836000207047836823F001038360D0
:107D10000020704782B000230193019B013301933F
:107D2000019BB3F1706F15D80369002BF5DA0023BE
:107D30000193890141F020010161019B013301930D
:107D4000019BB3F1706F08D8036913F0200FF4D1D1
:107D5000002000E0032002B070470320FBE782B060
:107D600000230193019B01330193019BB3F1706FD9
:107D700013D80369002BF5DA002301931023036164
:107D8000019B01330193019BB3F1706F08D8036924
:107D900013F0100FF4D1002000E0032002B0704770
:107DA0000320FBE7D0F800381943C0F80018002082
:107DB0007047000084B0F8B5044607A880E80E00BC
:107DC000002306E003F1400204EB8202002151602F
:107DD00001330E2BF6D99DF8266006BBD4F8043883
:107DE00043F00203C4F80438A36B43F40013A36305
:107DF000A36B23F40023A363A36B23F48023A36367
:107E00000023C4F8003E9DF82130012B15D19DF8C8
:107E10001F306BB900212046FFF7C4FF11E0A36BB0
:107E200023F40013A363A36B43F40023A363E7E7E6
:107E300001212046FFF7B6FF03E003212046FFF7AC
:107E4000B1FF10212046FFF765FF054600B101256F
:107E50002046FFF784FF00B1012504F5006C0023E4
:107E6000CCF81030CCF81430CCF81C300AE0CBB988
:107E70004FF00060C2F8000900220A614FF67F321D
:107E80008A6001339DF81C10994210D904EB43120B
:107E900002F51061D2F800090028E8DB0020C2F8E2
:107EA0000009E9E74FF09040C2F80009E4E7002339
:107EB0000AE0BBB14FF09047C2F8007B002202619C
:107EC0004FF67F3282600133994210D904EB43129E
:107ED00002F53060D2F8007B002FEADB0027C2F801
:107EE000007BEBE74FF00067C2F8007BE6E7DCF8C9
:107EF000103023F48073CCF810300023A3616FF0AE
:107F0000804363619DF81E301BB9A36943F01003E1
:107F1000A361A2690B4B1343A3619DF822301BB1EF
:107F2000A36943F00803A361012E04D02846BDE8ED
:107F3000F84004B07047A36943F0804343F0040362
:107F4000A361F3E700383C80D0F8083813F006034B
:107F500007D0022B07D0062B01D00F20704702203C
:107F60007047002070470220704710B591F800C09C
:107F70004B78012B23D000F5006ED0F81C380CF0A4
:107F80000F040122A24043EA0243C0F81C3800EB70
:107F90004C10D0F8003B13F4004F0ED1D0F8003B4A
:107FA0008A68C2F30A02097942EA8142134343F024
:107FB000805343F40043C0F8003B002010BDD0F8CC
:107FC0001C280CF00F0E03FA0EF39BB21343C0F8FB
:107FD0001C3800EB4C10D0F8003913F4004FECD1F2
:107FE000D0F800398A68C2F30A02097942EA81426C
:107FF00042EA8C5C43EA0C0343F0805343F40043B1
:10800000C0F80039D9E7000030B40B784A78012A6B
:1080100026D000EB4313D3F8002B002A52DBD0F814
:108020003C480A7802F00F024FF0010C0CFA02F201
:1080300024EA0242C0F83C28D0F81C28097801F054
:108040000F010CFA01FC22EA0C42C0F81C28D3F8FC
:10805000001B234A0A40C3F8002B002030BC7047A5
:1080600000EB4313D3F80029002A1EDBD0F83C585C
:108070000A7802F00F02012404FA02F292B225EA11
:108080000202C0F83C28D0F81C28097801F00F0142
:108090008C40A4B222EA0404C0F81C48D3F80019AA
:1080A000104A0A40C3F80029D7E7D3F8002942F064
:1080B0000062C3F80029D3F8002942F08042C3F8D7
:1080C0000029D3E7D3F8002B42F00062C3F8002B5D
:1080D000D3F8002B42F08042C3F8002B9FE700BF8B
:1080E0000078F3EF007833EC10B483B0024600233D
:1080F0000193487801280BD00B7802EB4313D3F897
:10810000000B00282DDB002003B05DF8044B704706
:108110000B7802EB4313D3F80049002C01DB00205D
:10812000F2E7D3F8004944F00064C3F800490B7843
:1081300002EB4313D3F8004944F08044C3F80049EC
:10814000019B01330193019C42F210739C42DBD8E6
:108150000B7802EB4313D3F80039002BF0DB00203F
:10816000D2E7D3F8000B40F00060C3F8000B0B78A7
:1081700002EB4313D3F8000B40F08040C3F8000B30
:10818000019B01330193019842F21073984208D881
:108190000B7802EB4313D3F8003B002BF0DB0020FD
:1081A000B2E70120B0E710B59DF8084084B9033369
:1081B0004FEA930E4FF0000C08E000EB023303F59A
:1081C000805351F8044B1C600CF1010CF445F4D3BE
:1081D000002010BDF0B583B00C784B78012B2FD068
:1081E00000EB441C0CF530631D69ED0CED041D61C2
:1081F0001D6925F0FF5525F4C0151D61002C40F0C8
:10820000D2800C690CB18C680C618C680C621D69A1
:10821000C4F312042C431C611C6944F400241C6147
:10822000012A00F0E3800B79012B00F0E580DCF8F7
:10823000003B43F00443CCF8003B002003B0F0BD0A
:108240000B6983BB00EB4413D3F8105925F0FF559D
:1082500025F4C015C3F81059D3F8105945F400257A
:10826000C3F81059D3F81059ED0CED04C3F81059A8
:10827000012A56D000EB4414D4F8003943F00443EB
:10828000C4F800390B79012B74D00B69002BD4D0C2
:10829000D0F834380A7802F00F0101228A401343E3
:1082A000C0F83438C9E700EB441303F510631D69C7
:1082B000ED0CED041D611D6925F0FF5525F4C01579
:1082C0001D6184B90E698D68AE4200D90D611D69CA
:1082D00045F400251D611D690E69C6F3120C45EABF
:1082E0000C051D61C4E70D698E683544013DB5FB81
:1082F000F6F51E691FFA85FC494F07EAC545354367
:108300001D610D79012DE6D11D6925F0C0451D6166
:108310001D694FEA4C7C0CF0C04C45EA0C051D6110
:10832000D9E7CB691BB100EB4412C2F814390B79C1
:10833000012B08D000EB4410D0F8003943F004437F
:10834000C0F8003979E7D0F8083813F4807F08D1F5
:1083500000EB4412D2F8003943F00053C2F8003960
:10836000E8E700EB4412D2F8003943F08053C2F83A
:108370000039DFE7D0F8083813F4807F0CD1D4F847
:10838000003943F00053C4F8003900920B8A0A7890
:10839000C968FFF708FF50E7D4F8003943F080536D
:1083A000C4F80039F1E70C6954B91C698D68C5F34C
:1083B00012052C431C611C6944F400241C612FE746
:1083C0008D682C44013CB4FBF5F4A4B204FB05F524
:1083D0000D621D69124E06EAC4442C431C611C69DF
:1083E0000D6AC5F312052C431C6119E7CA68002AFF
:1083F0003FF419AF5A6116E7D0F8083813F4807FBC
:1084000006D1DCF8003B43F00053CCF8003B0EE70C
:10841000DCF8003B43F08053CCF8003B07E700BF9B
:108420000000F81F00B583B0844608464FEA920E5C
:1084300002F00302002305E00CF58051096840F8C2
:10844000041B01337345F7D39AB10CF5805CDCF85B
:10845000003001934FF0000C5FFA8CF3D900019BC0
:10846000CB4000F8013B0CF1010C013A92B2002A1A
:10847000F2D103B05DF804FB0B784A78012A14D0DE
:1084800000EB4310D0F8002B002A06DB2BB1D0F80C
:10849000003B23F08043C0F8003BD0F8003B43F49E
:1084A0000013C0F8003B0020704700EB4310D0F8E9
:1084B0000029002A06DB2BB1D0F8003923F08043D5
:1084C000C0F80039D0F8003943F40013C0F800397F
:1084D000E9E70B784A78012A0ED000EB4310D0F878
:1084E000003B23F40013C0F8003B0B79023BDBB2E6
:1084F000012B15D90020704700EB4310D0F800394C
:1085000023F40013C0F800390B79023BDBB2012BD6
:10851000F0D8D0F8003943F08053C0F80039E9E7CB
:10852000D0F8003B43F08053C0F8003BE2E7D0F8BE
:10853000003823F4FE63C0F80038D0F80038090191
:1085400001F4FE611943C0F8001800207047D0F80C
:10855000003E23F00303C0F8003ED0F8043823F0B7
:108560000203C0F8043800207047D0F8003E23F022
:108570000303C0F8003ED0F8043843F00203C0F80B
:108580000438002070474269806910407047D0F875
:10859000183800F50060C0691840000C7047D0F82A
:1085A000183800F50060C069184080B2704700EBD1
:1085B0004111D1F8082B00F5006040691040704768
:1085C00010B4D0F81048D0F8343801F00F02D3407E
:1085D000DB01DBB2234300EB411000F51060806843
:1085E00018405DF8044B7047406900F00100704787
:1085F00038B50546C36823F0C043C360012913D0D2
:1086000019BBC36843F08043C36000240A2000F014
:1086100009FD0A342846FFF7E7FF08B1C72CF5D952
:10862000C82C14D0002038BDC36843F00053C36089
:1086300000240A2000F0F6FC0A342846FFF7D4FF95
:108640000128EDD0C72CF4D9EAE70120EBE701209F
:10865000E9E7D0F8003923F4FF6323F00703C0F8FB
:108660000039D0F8043843F48073C0F8043800208F
:108670007047000010B4046C154B9C4203D9D0F82D
:10868000003B002B16DB0024C0F8104BD0F8104B39
:1086900044F40024C0F8104BD0F8104B44F01804F8
:1086A000C0F8104BD0F8104B44F0C044C0F8104B49
:1086B000012903D000205DF8044B7047C0F8142B4B
:1086C000D0F8003B43F08023C0F8003BF2E700BF46
:1086D0000A30544F002800F0E08170B582B00446A3
:1086E000036813F0010F3BD09F4B9B6803F00C0312
:1086F000042B2CD09C4B9B6803F00C03082B21D03F
:108700006368B3F5803F4FD0B3F5A02F52D0964B9E
:108710001A6822F480321A601A6822F480221A60E1
:108720006368002B50D000F077FC05468E4B1B6829
:1087300013F4003F14D100F06FFC401B6428F5D9FE
:108740000320B1E1884B5B6813F4800FD8D0864BCF
:108750001B6813F4003F03D06368002B00F09F8177
:10876000236813F0020F54D07F4B9B6813F00C0F5B
:108770003ED07D4B9B6803F00C03082B33D0E3689D
:10878000002B68D0794B01221A6000F045FC0546A9
:10879000754B1B6813F0020F54D100F03DFC401BD9
:1087A0000228F5D903207FE16F4A136843F4803330
:1087B0001360B5E76C4B1A6842F480221A601A689D
:1087C00042F480321A60ABE700F026FC0546664BA7
:1087D0001B6813F4003FC3D000F01EFC401B64284C
:1087E000F5D9032060E1604B5B6813F4800FC6D1BC
:1087F0005D4B1B6813F0020F03D0E368012B40F0C0
:108800005081594A136823F0F803216943EAC103F0
:108810001360236813F0080F42D063696BB3534BA6
:108820000122C3F8802E00F0F7FB05464E4B5B6F2C
:1088300013F0020F34D100F0EFFB401B0228F5D9F2
:10884000032031E1484A136823F0F803216943EA21
:10885000C1031360DDE7454B00221A6000F0DCFB2A
:108860000546414B1B6813F0020FD2D000F0D4FB39
:10887000401B0228F5D9032016E13C4B0022C3F827
:10888000802E00F0C9FB0546374B5B6F13F0020FDB
:1088900006D000F0C1FB401B0228F5D9032003E1FC
:1088A000236813F0040F77D02F4B1B6C13F0805FFD
:1088B00033D1002301932C4B1A6C42F080521A647E
:1088C0001B6C03F080530193019B0125284B1B680F
:1088D00013F4807F23D0A368012B34D0052B38D02C
:1088E000214B1A6F22F001021A671A6F22F004025C
:1088F0001A67A368002B3DD000F08EFB06461A4B8A
:108900001B6F13F0020F46D100F086FB801B41F273
:1089100088339842F3D90320C6E00025D6E7144AED
:10892000136843F48073136000F076FB0646104B27
:108930001B6813F4807FCED100F06EFB801B0228F1
:10894000F5D90320B0E0084A136F43F00103136721
:10895000CFE7054B1A6F42F004021A671A6F42F014
:1089600001021A67C5E700BF003802400000474215
:108970000070004000F050FB0646524B1B6F13F096
:10898000020F08D000F048FB801B41F28833984268
:10899000F3D9032088E0EDB9A369002B00F08380B0
:1089A000484A926802F00C02082A51D0022B17D0D4
:1089B000454B00221A6600F02FFB0446414B1B6812
:1089C00013F0007F42D000F027FB001B0228F5D9EE
:1089D000032069E03B4A136C23F080531364DBE708
:1089E000394B00221A6600F017FB0546354B1B6811
:1089F00013F0007F06D000F00FFB401B0228F5D9D2
:108A0000032051E0E369226A1343626A43EA821356
:108A1000A26A5208013A43EA0243E26A43EA026365
:108A2000284A5360284B01221A6600F0F5FA0446E2
:108A3000244B1B6813F0007F06D100F0EDFA001BF9
:108A40000228F5D903202FE000202DE000202BE0A4
:108A5000012B2BD01B4B5B6803F48001E269914230
:108A600026D103F03F02216A8A4223D1616A47F688
:108A7000C0721A40B2EB811F1ED103F44031A26ACA
:108A80005208013AB1EB024F18D103F07063E26A69
:108A9000B3EB026F14D1002006E0012070470120E3
:108AA00002E0012000E0002002B070BD0120FBE7E1
:108AB0000120F9E70120F7E70120F5E70120F3E7BE
:108AC0000120F1E7003802400000474208B5254B7D
:108AD0009B6803F00C03042B3FD0082B3FD1214BA4
:108AE0005A6802F03F025B6813F4800F12D01D4BEE
:108AF0005968C1F388111C480023A1FB0001FBF752
:108B00008DFC184B5B68C3F3014301335B00B0FB82
:108B1000F3F025E0134B5968C1F3881C4FEA4C1160
:108B2000B1EB0C006EEB0E0E4FEA8E1343EA90632E
:108B30008101091A63EB0E03DB0043EA5173C9009C
:108B400011EB0C0C43F10003990200234FEA8C2037
:108B500041EA9C51FBF762FCD3E7034800E003487D
:108B600008BD00BF00380240002D31010024F40090
:108B7000002800F09B8070B50D4604464F4B1B68E3
:108B800003F007038B4208D2CBB24C4A1370136830
:108B900003F007038B4240F08B80236813F0020F31
:108BA00017D013F0040F04D0454A936843F4E05300
:108BB0009360236813F0080F04D0414A936843F48C
:108BC000604393603E4A936823F0F003A1680B432F
:108BD0009360236813F0010F32D06368012B21D01A
:108BE0009A1E012A25D9364A126812F0020F61D066
:108BF00033498A6822F0030213438B6000F00CFAB9
:108C000006462F4B9B6803F00C036268B3EB820FA0
:108C100016D000F001FA801B41F288339842F0D957
:108C2000032042E0264A126812F4003FE0D10120FE
:108C30003BE0234A126812F0007FD9D1012034E0D2
:108C40001E4B1B6803F00703AB4207D9EAB21B4B6C
:108C50001A701B6803F00703AB422DD1236813F091
:108C6000040F06D0164A936823F4E053E1680B43DF
:108C70009360236813F0080F07D0114A936823F418
:108C80006043216943EAC1039360FFF71FFF0C4B68
:108C90009B68C3F303130B4AD35CD8400A4B18609C
:108CA0000A4B1868FDF7D8FC002070BD0120704702
:108CB0000120FAE70120F8E70120F6E7003C024036
:108CC00000380240903C02083C0400203804002098
:108CD000014B1868704700BF3C04002008B5FFF73F
:108CE000F7FF044B9B68C3F34233034AD35CD8407D
:108CF00008BD00BF00380240A03C02080F230360FB
:108D00000B4B9A6802F0030242609A6802F0F0028C
:108D100082609A6802F4E052C2609B68DB0803F448
:108D2000E0530361034B1B6803F007030B607047BC
:108D300000380240003C024000230F2B00F2E48088
:108D400070B582B060E085685E000324B44025EA17
:108D50000405CC68B4402C438460456825EA0205CC
:108D60004C68C4F300129A402A4342605AE0DC087F
:108D7000083450F8246003F0070295000F22AA403F
:108D800026EA020E0A69AA4042EA0E0240F82420AE
:108D90005CE0072200E0002202FA0EF22A430234CD
:108DA0005A4D45F824205A4A94686FEA0C0224EA86
:108DB0000C054E6816F4801F01D04CEA0405544C93
:108DC000A560E46802EA04054E6816F4001F01D0AD
:108DD0004CEA04054E4CE560646802EA04054E68FE
:108DE00016F4003F01D04CEA0405494C6560246844
:108DF00022404D6815F4803F01D04CEA0402444CF7
:108E0000226001330F2B7DD801229A400C6804EABE
:108E1000020C32EA0404F4D14C6804F00304013C6F
:108E2000012C90D94A6802F00302032A09D0C468D1
:108E30005D000322AA4024EA02048A68AA40224371
:108E4000C2604A6802F00302022A90D004684FEA26
:108E5000430E032202FA0EF224EA02044A6802F0E8
:108E6000030202FA0EF2224302604A6812F4403F03
:108E7000C7D000220192274A546C44F480445464C1
:108E8000526C02F480420192019A9C08A51C1F4A70
:108E900052F8255003F003024FEA820E0F2202FA25
:108EA0000EF225EA02051C4A90423FF474AF02F527
:108EB000806290421AD002F58062904218D002F58A
:108EC0008062904216D002F58062904214D002F582
:108ED0008062904212D002F58062904210D002F57A
:108EE000806290423FF455AF082255E7012253E7D4
:108EF000022251E703224FE704224DE705224BE708
:108F0000062249E702B070BD704700BF003801403B
:108F1000003C01400038024000000240074AD3688C
:108F200023F4E0631B041B0C000200F4E060034325
:108F300043F0BF6343F40033D360704700ED00E0BB
:108F400000B5194BDB68C3F30223C3F1070CBCF176
:108F5000040F28BF4FF0040C03F1040EBEF1060FFE
:108F600018D9033B4FF0FF3E0EFA0CFC21EA0C012E
:108F700099400EFA03F322EA0303194300280BDB9E
:108F80000901C9B200F1604000F5614080F80013AA
:108F90005DF804FB0023E5E700F00F000901C9B20A
:108FA000024B1954F4E700BF00ED00E014ED00E0BF
:108FB000002807DB00F01F02400901239340024A0A
:108FC00042F82030704700BF00E100E008B50B4BCD
:108FD0001A6842F400721A601A6842F480621A60D9
:108FE0001A6842F480721A600320FFF797FF0F207F
:108FF000FDF732FBFDF70EFB002008BD003C0240F0
:10900000034A1168034B1B780B441360704700BF81
:10901000E47A002034040020014B1868704700BF38
:10902000E47A002038B50446FFF7F6FF0546B4F1B0
:10903000FF3F02D0044B1B781C44FFF7EDFF401BA1
:10904000A042FAD338BD00BF34040020034AD2F84E
:10905000883043F47003C2F88830704700ED00E0B8
:1090600000F1080343604FF0FF328260C360036188
:1090700000230360704700230361704743684B601F
:109080009A688A60516099600861036801330360DF
:10909000704730B40D68B5F1FF3F11D000F10803FF
:1090A0001C465B681A68AA42FAD963684B609960EB
:1090B0008C606160086103680133036030BC7047F5
:1090C0000469F2E70369416882688A604168516017
:1090D0005A68824206D0002202611A68013A1A6078
:1090E0001868704782685A60F5E710B5044601F0C9
:1090F000C1FCA26BE36B9A4204D0002401F0DCFCBB
:10910000204610BD0124F9E710B5044601F0B2FC79
:10911000A36B23B9012401F0CFFC204610BD00242D
:10912000F9E770B504461546866B026C5AB90368B8
:109130001BB100200136A66370BD806800F0F0FF0F
:109140000023A360F6E76DB94068E7F7CBF8226C1F
:10915000636813446360A268934219D32368636011
:109160002846E7E7C068E7F7BDF8226C5142E3689C
:109170009B1AE3602268934202D2A3680B44E36027
:10918000022D01D00020D5E726B1013E0020D1E715
:109190002846CFE70020CDE70346026C6AB110B540
:1091A0000846D9681144D9609C68A14201D3196866
:1091B000D960D968E7F796F810BD704738B505460D
:1091C00001F058FC95F8454064B201E0013C64B2FE
:1091D000002C0ADD6B6A43B105F1240000F0DAFED1
:1091E0000028F3D000F086FFF0E7FF2385F8453034
:1091F00001F062FC01F03EFC95F8444064B201E0ED
:10920000013C64B2002C0ADD2B6943B105F110006A
:1092100000F0C0FE0028F3D000F06CFFF0E7FF2361
:1092200085F8443001F048FC38BD38B5E0B10D4652
:10923000044601F01FFC2368E26B216C01FB023045
:10924000A0600020A0636360013A02FB0133E36089
:10925000FF2384F8443084F84530FDB9236963B9AD
:1092600001F02AFC012038BD4FF0500383F3118830
:10927000BFF36F8FBFF34F8FFEE704F1100000F0D4
:1092800089FE0028ECD04FF0E0234FF08052C3F865
:10929000042DBFF34F8FBFF36F8FE1E704F1100090
:1092A000FFF7DEFE04F12400FFF7DAFED8E738B559
:1092B0001D46049C0B4649B92460E06323640121E8
:1092C0002046FFF7B2FF84F84C5038BD2260F4E727
:1092D00040B94FF0500383F31188BFF36F8FBFF392
:1092E0004F8FFEE710B584B01C46844653B192B14F
:1092F00089B94FF0500383F31188BFF36F8FBFF329
:109300004F8FFEE74FF0500383F31188BFF36F8F49
:10931000BFF34F8FFEE76AB150230393039B502B9B
:1093200013D04FF0500383F31188BFF36F8FBFF357
:109330004F8FFEE70029EFD04FF0500383F31188E1
:10934000BFF36F8FBFF34F8FFEE7039B012384F8BA
:10935000463000949DF818306046FFF7A8FF20467D
:1093600004B010BDF0B585B0019288B10F461D461E
:109370000446B1B1022D20D1E36B012B1DD04FF07B
:10938000500383F31188BFF36F8FBFF34F8FFEE756
:109390004FF0500383F31188BFF36F8FBFF34F8FEC
:1093A000FEE7036C002BE5D04FF0500383F31188E8
:1093B000BFF36F8FBFF34F8FFEE700F0A1FE0646AD
:1093C00058B9019B002B48D04FF0500383F311880C
:1093D000BFF36F8FBFF34F8FFEE700263DE02A46B5
:1093E00039462046FFF79DFE636A7BB948B14FF0CE
:1093F000E0234FF08052C3F8042DBFF34F8FBFF32B
:109400006F8F01F059FB012005B0F0BD04F124007D
:1094100000F0C0FD0028F4D04FF0E0234FF0805260
:10942000C3F8042DBFF34F8FBFF36F8FE9E701F04F
:1094300043FB0020E8E702A800F00EFE012619E039
:10944000002384F8443021E0002384F8453023E0F1
:109450002046FFF7B3FE00F07DFC01F00BFBA26B92
:10946000E36B9A42BBD3022DB9D0019B002BDED017
:10947000002EE0D001F020FB00F0D2FB01F0FAFA60
:1094800094F8442052B2B2F1FF3FD9D094F845206D
:1094900052B2B2F1FF3FD7D001F00EFB01A902A8F2
:1094A00000F0E6FDD8B92046FFF71FFE0028CFD018
:1094B000019904F1100000F039FD2046FFF77EFE0F
:1094C00000F048FC0028C8D14FF0E0234FF0805254
:1094D000C3F8042DBFF34F8FBFF36F8FBDE7204656
:1094E000FFF76CFE00F036FC00208DE72DE9F84315
:1094F00090B10F4616461C460546B1B1022C20D14C
:10950000EB6B012B1DD04FF0500383F31188BFF399
:109510006F8FBFF34F8FFEE74FF0500383F3118837
:10952000BFF36F8FBFF34F8FFEE7036C002BE5D0C7
:109530004FF0500383F31188BFF36F8FBFF34F8F4A
:10954000FEE701F0BDFBEFF311894FF0500383F309
:109550001188BFF36F8FBFF34F8FAA6BEB6B9A42EB
:1095600006D3022C04D0002089F31188BDE8F883CB
:1095700095F845804FFA88F8AB6B22463946284665
:10958000FFF7CFFDB8F1FF3F06D008F101035BB252
:1095900085F845300120E7E76B6A0BB90120E3E766
:1095A00005F1240000F0F6FC18B126B1012030606E
:1095B000DAE70120D8E70120D6E7F0B585B00192BF
:1095C00090B10F460446C1B100F09AFD064600BBBB
:1095D000019B002B5ED04FF0500383F31188BFF343
:1095E0006F8FBFF34F8FFEE74FF0500383F3118867
:1095F000BFF36F8FBFF34F8FFEE7036C002BE3D0F9
:109600004FF0500383F31188BFF36F8FBFF34F8F79
:10961000FEE700263EE039462046FFF7BDFD013D4E
:10962000A563236923B901F047FA012005B0F0BD15
:1096300004F1100000F0AEFC0028F4D04FF0E0235D
:109640004FF08052C3F8042DBFF34F8FBFF36F8FDD
:10965000E9E701F031FA0020E8E702A800F0FCFC9D
:10966000012621E0002384F8443029E0002384F817
:1096700045302BE02046FFF7A1FD00F06BFB09E031
:109680002046FFF79BFD00F065FB2046FFF73CFD01
:1096900000283FD101F0EEF9A56B002DBBD1019B55
:1096A000002BD6D0002ED8D001F006FA00F0B8FA80
:1096B00001F0E0F994F844305BB2B3F1FF3FD1D050
:1096C00094F845305BB2B3F1FF3FCFD001F0F4F92D
:1096D00001A902A800F0CCFC0028D1D12046FFF758
:1096E00013FD0028C6D0019904F1240000F01EFCEF
:1096F0002046FFF763FD00F02DFB0028CAD14FF094
:10970000E0234FF08052C3F8042DBFF34F8FBFF317
:109710006F8FBFE7002089E70023072B0CD8074A8B
:1097200052F833200AB10133F7E7044A42F8331004
:1097300002EBC30358607047704700BFE87A00200F
:1097400070B504460D46164601F094F994F844307D
:109750005BB2B3F1FF3F0DD094F845305BB2B3F18B
:10976000FF3F0BD001F0A8F9A36B5BB12046FFF7D8
:1097700025FD70BD002384F84430EDE7002384F814
:109780004530EFE73246294604F1240000F0E6FBBD
:10979000ECE70000084B1B681B6823B9074B4FF030
:1097A000FF321A607047044B1B68DB68DB685A683D
:1097B000024B1A60704700BF2C7B0020D47F002032
:1097C0002DE9F04780460D4617469946089EDDF87C
:1097D00024A00A9C9200A521206BE6F71DFE236BB6
:1097E00007F18042013A03EB820727F00707B5B380
:1097F0004FF0000CBCF10F0F0BD815F80C2004EB48
:109800000C0383F8342015F80C3013B10CF1010C63
:10981000F0E7002384F84330372E00D93726E6627C
:10982000E66400252565201DFFF725FC04F11800DE
:10983000FFF721FC2461C6F13806A6616462656504
:1098400084F858504A464146384601F0E9F820600D
:10985000BAF1000F01D0CAF80040BDE8F08700233C
:1098600084F83430D8E7000038B5002407E004EB72
:10987000840293000E481844FFF7F2FB0134372CA2
:10988000F5D90C4D2846FFF7EBFB0B4C2046FFF7B4
:10989000E7FB0A48FFF7E4FB0948FFF7E1FB09484B
:1098A000FFF7DEFB084B1D60084B1C6038BD00BF96
:1098B000347B0020A87F0020BC7F0020E07F0020B8
:1098C0000C800020F87F00202C7B0020307B0020C3
:1098D00010B5044601F0CEF8224A13680133136034
:1098E000214B1B685BB1214B1B686BB91E4B1B687E
:1098F000DA6AE36A9A4207D81B4B1C6004E01A4BF1
:109900001C601368012B29D0194A136801331360B6
:109910006364E06A174B1B68984201D9154B1860C5
:1099200000EB8000211D144B03EB8000FFF7A6FB2A
:1099300001F0C2F80D4B1B687BB10B4B1B68DA6A58
:10994000E36A9A4209D24FF0E0234FF08052C3F805
:10995000042DBFF34F8FBFF36F8F10BDFFF784FF50
:10996000D2E700BF947F0020287B0020F47F0020F6
:10997000A07F0020A47F0020347B002010B5044687
:1099800090F8593063B1012B11D0022B0ED04FF05B
:10999000500383F31188BFF36F8FBFF34F8FFEE740
:1099A000006B00F0C1FF204600F0BEFF10BD00F0CC
:1099B000BBFFFBE70F4B1B68D3B110B501F05AF8A2
:1099C0000D4BDB68DC68201DFFF77CFB0B4A13683E
:1099D000013B1360074A1368013B136001F06CF808
:1099E0002046FFF7CBFF034B1B68002BE6D110BDD1
:1099F000704700BF987F00200C800020947F0020DB
:109A000008B5FFF7D7FF074B1B68012BF9D94FF0BB
:109A1000E0234FF08052C3F8042DBFF34F8FBFF304
:109A20006F8FEEE7347B002070B504460D46174B70
:109A30001E68174B18680430FFF744FBB4F1FF3F72
:109A40000DD03444124B1B685C60A64210D9114BF8
:109A500018680F4B19680431FFF71BFB70BD002D10
:109A6000EFD00B4B196804310B48FFF707FBF5E704
:109A70000A4B1868064B19680431FFF70AFB084BBC
:109A80001B68A342EAD9064B1C60E7E72080002050
:109A9000287B0020307B0020F87F00202C7B0020DA
:109AA000D47F002030B587B00B9C7CB10C9DB5B144
:109AB0005C250495049D5C2D1AD04FF0500383F370
:109AC0001188BFF36F8FBFF34F8FFEE74FF0500346
:109AD00083F31188BFF36F8FBFF34F8FFEE74FF013
:109AE000500383F31188BFF36F8FBFF34F8FFEE7EF
:109AF000049D0C9D2C63022485F859400024039496
:109B0000029505AC01940A9C0094FFF759FE0C984D
:109B1000FFF7DEFE059807B030BD2DE9F04385B0B4
:109B20000746884614461E46900000F07FFE00B3AC
:109B300081465C2000F07AFE0546B0B1C0F8309056
:109B4000E5B1002385F85930039302950D9B0193ED
:109B50000C9B00933346224641463846FFF730FEC1
:109B60002846FFF7B5FE012005E0484600F0DCFE80
:109B7000E6E74FF0FF3005B0BDE8F0834FF0FF306F
:109B8000F9E7000010B588B000240594069407AAF0
:109B900006A905A800F0CEFD059B0293069B019344
:109BA00000942346079A18491848FFF77BFF184B83
:109BB000186040B100F068FB012806D0B0F1FF3F0B
:109BC00018D008B010BD0020F6E74FF0500383F323
:109BD0001188BFF36F8FBFF34F8F0E4B4FF0FF32E3
:109BE0001A600D4B01221A600C4B00221A6000F023
:109BF000DBFFE6E74FF0500383F31188BFF36F8F6D
:109C0000BFF34F8FFEE700BFA83C0208019A01088E
:109C1000D07F0020D47F0020F47F0020208000200F
:109C2000024A136801331360704700BF9C7F002015
:109C3000014B1868704700BF20800020F8B53A4BF0
:109C40001B68002B69D1394B1D6801351D60C5B9F2
:109C5000374B1B681B6843B14FF0500383F31188E7
:109C6000BFF36F8FBFF34F8FFEE7314A1168314B5F
:109C7000186810601960304A136801331360FFF7E9
:109C800089FD2E4B1B68AB423DD900272C4B1B682E
:109C9000DB6A03EB83039A002A4B9B58012B00D904
:109CA0000127294B1B68002B3CD001273AE00127F4
:109CB0001F4B1B681B6843B31D4B1B68DB68DC68CC
:109CC00063689D4226D3261D3046FFF7FBF9A36A41
:109CD0001BB104F11800FFF7F5F9E36A1B4A12689B
:109CE000934201D9194A136003EB83039A0031466A
:109CF00014481044FFF7C2F9E26A114B1B68DB6A93
:109D00009A42D4D2D4E70027D2E70C4B4FF0FF326F
:109D10001A60BBE7094A1360B8E70D4A13680133BC
:109D2000136000273846F8BD9C7F0020208000206B
:109D30002C7B0020307B0020D87F0020D47F0020A7
:109D4000287B0020347B002024800020A47F00207A
:109D5000DC7F002038B5354B1B6843B94FF050030A
:109D600083F31188BFF36F8FBFF34F8FFEE700F0CF
:109D700081FE2E4B1A68013A1A601B68002B4FD1E6
:109D80002B4B1B680BB900244BE00024294B1B68AC
:109D90001BB3284BDB68DC6804F11800FFF792F96D
:109DA000251D2846FFF78EF9E06A234B1B68984271
:109DB00001D9214B186000EB800029461F4B03EBB3
:109DC0008000FFF75BF9E26A1D4B1B68DB6A9A4271
:109DD000DCD31C4B01221A60D8E70CB1FFF7DAFC88
:109DE000194B1C6884B9174B1C68D4B14FF0E023A1
:109DF0004FF08052C3F8042DBFF34F8FBFF36F8F26
:109E000001240EE0013C07D0FFF718FF0028F9D02D
:109E10000C4B01221A60F5E70B4B00221A60E2E7B7
:109E2000002400F049FE204638BD00BF9C7F002082
:109E3000947F0020E07F0020A47F0020347B00205E
:109E4000287B002024800020DC7F002010B5A8B1F2
:109E50000446104B1B6843B14FF0500383F3118845
:109E6000BFF36F8FBFF34F8FFEE7FFF7D9FE0021DF
:109E70002046FFF7D9FDFFF76DFF48B94FF0E0230B
:109E80004FF08052C3F8042DBFF34F8FBFF36F8F95
:109E900010BD00BF9C7F00201F4B1B681BB11F4BD8
:109EA00001221A6070471D4B00221A601C4B1B6870
:109EB00003EB83018A001B498A585AB90BB1013B55
:109EC000F6E74FF0500383F31188BFF36F8FBFF3B2
:109ED0004F8FFEE703EB830082000A44506840681E
:109EE000506003EB830C4FEA8C0208321144884225
:109EF0000BD003EB830291000A4A0A445268D168EE
:109F0000094A1160064A1360704740686246910032
:109F1000044A0A445060ECE79C7F00202480002023
:109F2000A47F0020347B0020287B002058B110B58E
:109F30000C46094A11681831FFF7ABF80121204699
:109F4000FFF772FD10BD4FF0500383F31188BFF38C
:109F50006F8FBFF34F8FFEE7287B002038B570B1BD
:109F60000D4614460A4A11681831FFF787F80CB1FC
:109F70004FF0FF3521462846FFF756FD38BD4FF01C
:109F8000500383F31188BFF36F8FBFF34F8FFEE74A
:109F9000287B002038B5C368DC6824B304F11805B9
:109FA0002846FFF78FF8184B1B682BBB251D28464A
:109FB000FFF788F8E06A154B1B68984201D9134BEC
:109FC000186000EB80002946114B03EB8000FFF77F
:109FD00055F8E26A0F4B1B68DB6A9A4211D90120DF
:109FE0000D4B186038BD4FF0500383F31188BFF359
:109FF0006F8FBFF34F8FFEE729460848FFF73EF803
:10A00000E7E70020EEE700BF9C7F0020A47F002050
:10A01000347B0020287B002024800020E07F00206B
:10A0200060B110B5044600F025FD094B1B682360A4
:10A03000084B1B68636000F03FFD10BD4FF05003FC
:10A0400083F31188BFF36F8FBFF34F8FFEE700BF1D
:10A05000D87F002020800020034B1B680360034B47
:10A060001B684360704700BFD87F0020208000201D
:10A07000F8B5C8B10C460546F9B100F0FBFC1B4B26
:10A0800019686B68C81A2268B2F1FF3F26D0184ED3
:10A0900036682F68B74201D08B4224D9824215D846
:10A0A0000023236001241AE04FF0500383F311884A
:10A0B000BFF36F8FBFF34F8FFEE74FF0500383F373
:10A0C0001188BFF36F8FBFF34F8FFEE75B1A134406
:10A0D00023602846FFF7C0FF002400E0002400F0C2
:10A0E000EBFC2046F8BD0124F9E700BF20800020EA
:10A0F000D87F0020014B01221A6070472480002085
:10A10000054B1B6833B1054B1B680BB10020704732
:10A110000220704701207047F47F00209C7F0020C0
:10A1200000283BD038B504461E4B1B68834208D03C
:10A130004FF0500383F31188BFF36F8FBFF34F8F3E
:10A14000FEE7036D43B94FF0500383F31188BFF36B
:10A150006F8FBFF34F8FFEE7013B0365C16AC26C8F
:10A1600091421DD00BB1002038BD051D2846FEF7D9
:10A17000A9FFE06CE062C0F13803A3610A4B1B68E1
:10A18000984201D9084B186000EB80002946074B24
:10A1900003EB8000FEF772FF0120E5E70020704727
:10A1A0000020E1E7287B0020A47F0020347B0020F2
:10A1B000064B1A6813682BB90123036023B9D368CF
:10A1C000186870470023F8E70020704728800020B7
:10A1D00008B54160006191420CD8D21A83699A4255
:10A1E00001D3012008BD011D094B1868FEF751FF7E
:10A1F0000020F7E79A4201D2994206D2011D054B91
:10A200001868FEF746FF0020ECE70120EAE700BFF0
:10A210002C8000202880002030B583B000F02AFC7C
:10A22000114B1B681BB100F047FC03B030BD0F4D54
:10A230002846FEF715FF0E4C2046FEF711FF0D4B8A
:10A240001D600D4B1C60002300930C4B0C4A102129
:10A250000A20FFF73DF8044B18600028E3D00949B5
:10A26000FFF75AFADFE700BF4C810020D0800020C2
:10A27000E4800020288000202C800020FC8000202A
:10A2800030800020B03C020810B588B0FFF7C4FF52
:10A29000124B1B68CBB100240594069407AA06A9AB
:10A2A00005A800F053FA059B0293069B0193022335
:10A2B00000932346079A0A490A48FFF7F3FB0A4B23
:10A2C000186010B1012008B010BD4FF0500383F3A7
:10A2D0001188BFF36F8FBFF34F8FFEE74C810020D3
:10A2E000B83C0208EDA5010850810020B8B19C4699
:10A2F00003461848006858B300B585B00091019234
:10A30000029305291CDCFFF7FBFE022810D0002376
:10A310001A4669460F480068FFF724F815E04FF029
:10A32000500383F31188BFF36F8FBFF34F8FFEE7A6
:10A330000023069A694607480068FFF713F804E00F
:10A34000002362466946FFF7D1F805B05DF804FBCB
:10A35000002070474C81002070B582B01B4B1B68F9
:10A360001A6862B3DB681E68DC68251D2846FEF7A4
:10A37000A9FE236A2046984794F8283013F0040F6A
:10A38000ECD0A36933449E4207D26360246129461E
:10A390000E4B1868FEF77DFEE0E7002100910B46AA
:10A3A00032462046FFF7A2FF0028D7D14FF05003D6
:10A3B00083F31188BFF36F8FBFF34F8FFEE7044A1B
:10A3C000106802490860136002B070BD2880002048
:10A3D0002C80002038B50546FFF72AFC0446074BC1
:10A3E0001B68834205D800232B60044B1C60204669
:10A3F00038BDFFF7B1FF01232B60F6E7F88000209E
:10A4000070B582B006460D4617490968C968CC6820
:10A41000201DFEF757FE94F828C01CF0040F08D149
:10A420002CF0010C84F828C0236A2046984702B01B
:10A4300070BDA16933462A4631442046FFF7C8FE65
:10A440000028F1D0002100910B4632462046FFF74C
:10A450004DFF0028E8D14FF0500383F31188BFF37C
:10A460006F8FBFF34F8FFEE72880002070B582B05A
:10A4700006460C46FFF7D4FB01A8FFF7ABFF019B94
:10A4800033BB05460CB9B04219D224B1124A126846
:10A490001268DAB901242246711B104B1868FFF7C5
:10A4A0004FF9FFF757FCA8B94FF0E0234FF0805267
:10A4B000C3F8042DBFF34F8FBFF36F8F0AE0FFF790
:10A4C00049FC29463046FFF79BFF03E01C46E2E7C4
:10A4D000FFF740FC02B070BD2C8000204C810020B2
:10A4E00010B588B002E0049B002B0FDA002204A90B
:10A4F0003D4B1868FFF761F8002873D0049B002BD0
:10A50000F1DA07990698059B9847ECE7069C636982
:10A5100013B1201DFEF7D6FD03A8FFF75BFF049BD8
:10A52000092BE3D8DFE803F00505053037500505B2
:10A53000303794F8283043F0010384F82830059B25
:10A54000A169024619442046FFF742FE0028CDD0FB
:10A55000236A2046984794F8283013F0040FC5D09A
:10A56000A269002100910B46059802442046FFF79E
:10A57000BDFE0028BAD14FF0500383F31188BFF31A
:10A580006F8FBFF34F8FFEE794F8283023F001035D
:10A5900084F82830AAE794F8283043F0010384F8BF
:10A5A00028300599A16131B1034602460144204695
:10A5B000FFF70EFE9AE74FF0500383F31188BFF3C5
:10A5C0006F8FBFF34F8FFEE794F8283013F0020F20
:10A5D00004D023F0010384F8283087E7204600F0F8
:10A5E000A3F983E708B010BD4C81002000B583B00B
:10A5F00001A8FFF7DDFD0199FFF738FFFFF770FFB6
:10A60000F6E708B54FF0E0231B69FFF779FD012855
:10A6100000D108BD00F09EFAFBE70000EFF30583D0
:10A620002BB9064B186828B901221A6070476FF0E1
:10A63000050070474FF0FF30704700BFB083002027
:10A64000EFF3058373B90A4B1B68012B0DD110B5CD
:10A650000024084BDC77064B02221A60FFF792FABF
:10A66000204610BD6FF0050070474FF0FF30704777
:10A67000B083002000ED00E0F0B587B00024059421
:10A68000EFF3058474BB68B322B31568936903B90B
:10A6900018235C1E372C49D8546814F0010F47D199
:10A6A00056696EB14FEA960C94682CB1D7685B2F4F
:10A6B00002D9176907B1C6B92CB14FF0FF340EE0CB
:10A6C0004FF0800CF0E7D4688CB9146994B14FF066
:10A6D000FF3404E01546002418234FF0800C012CB1
:10A6E0000AD0ACB1059807B0F0BD0124F7E74FF0F0
:10A6F000FF34F4E70024F2E71469926802920194AF
:10A7000000930B4662462946FFF7CCF90590E9E72E
:10A7100005AA019200930B461FFA8CF22946FFF717
:10A72000FCF90128DED000230593DBE70020DAE7FF
:10A730000020D8E7034B0360034B0B6080231360BA
:10A74000704700BF5483002054810020034B0360F6
:10A75000034B0B604FF4807313607047B487002085
:10A76000B4830020124A12F0070F1ED0D11D21F031
:10A770000701C1F5705313440A460E4802600021D8
:10A7800041601344083B23F007030B480360596002
:10A790001960991A51601360084B1960084B1960D1
:10A7A000084B4FF000421A6070474FF47053E4E7D3
:10A7B0001488002028C40020108800201CC4002019
:10A7C00018C4002014C40020164B1A461B6883428C
:10A7D000FBD3516802EB010C844509D0416800EBC2
:10A7E000010C634509D00360904219D01060704796
:10A7F0004068014451601046F0E710B40A4C2468E8
:10A80000A3420BD05B681944416013681B68036066
:10A81000904200D010605DF8044B70470460F7E789
:10A82000704700BF28C400201088002070B505467E
:10A83000FFF7F6F9364B1B68A3B1364B1B681D4278
:10A840004ED135B1083515F0070F02D025F00705B8
:10A850000835002D46D0304B1B68AB4251D32F4AF0
:10A86000146804E0FFF77EFFE7E722461C466368B2
:10A87000AB4202D22368002BF7D1254B1B68A342C1
:10A8800041D0166808362368136063685B1B102B81
:10A8900010D9601910F0070F08D04FF0500383F360
:10A8A0001188BFF36F8FBFF34F8FFEE74360656082
:10A8B000FFF78AFF626818490B689B1A0B601849FA
:10A8C00009688B4201D216490B60124B1B68134377
:10A8D000636000232360134A13680133136002E0AE
:10A8E000002600E00026FFF735FA16F0070F0CD01F
:10A8F0004FF0500383F31188BFF36F8FBFF34F8F77
:10A90000FEE70026EFE70026EDE7304670BD00BF0A
:10A910001088002014C4002018C4002028C400207F
:10A920001CC4002020C40020002834D038B50446C0
:10A93000A0F1080550F8043C174A1268134208D1E8
:10A940004FF0500383F31188BFF36F8FBFF34F8F26
:10A95000FEE750F8081C41B14FF0500383F3118813
:10A96000BFF36F8FBFF34F8FFEE723EA020340F878
:10A97000043CFFF755F954F8041C084A13680B44CB
:10A9800013602846FFF720FF054A13680133136060
:10A99000FFF7E0F938BD704714C4002018C4002048
:10A9A00024C4002082B0002301930D4B1B68B3F137
:10A9B000FF3F08D04FF0500383F31188BFF36F8F30
:10A9C000BFF34F8FFEE74FF0500383F31188BFF3BF
:10A9D0006F8FBFF34F8F019B002BFCD002B07047ED
:10A9E0004004002008480068006880F308884FF0A1
:10A9F000000080F3148862B661B6BFF34F8FBFF3D7
:10AA00006F8F00DF00BF000008ED00E0DFF80C00F2
:10AA1000016841F4700101607047000088ED00E0BA
:10AA20004FF0807340F8043C21F0010140F8081C0D
:10AA3000054B40F80C3C40F8202C6FF0020340F826
:10AA4000243C4438704700BFA5A90108000000005D
:10AA5000074B19680868B0E8F04F80F30988BFF326
:10AA60006F8F4FF0000080F311887047AFF30080C4
:10AA7000287B00204FF0500383F31188BFF36F8FC2
:10AA8000BFF34F8F0B4A136801331360012B00D0C3
:10AA900070474FF0E023D3F8043D13F0FF0FF7D0D9
:10AAA0004FF0500383F31188BFF36F8FBFF34F8FC5
:10AAB000FEE700BF40040020094B1B6843B94FF07C
:10AAC000500383F31188BFF36F8FBFF34F8FFEE7FF
:10AAD000013B034A13600BB983F31188704700BF31
:10AAE0004004002000000000000000000000000002
:10AAF000EFF30980BFF36F8F154B1A681EF0100F2C
:10AB000008BF20ED108A20E9F04F10602DE9090000
:10AB10004FF0500080F31188BFF34F8FBFF36F8F5A
:10AB2000FFF7BAF94FF0000080F3118809BC1968EB
:10AB30000868B0E8F04F1EF0100F08BFB0EC108AA4
:10AB400080F30988BFF36F8F704700BFAFF30080B9
:10AB5000287B002008B54FF0500383F31188BFF322
:10AB60006F8FBFF34F8FFFF769F828B14FF0E023E5
:10AB70004FF08052C3F8042D002383F3118808BDE1
:10AB80004FF0E022002313619361054B1B680549D8
:10AB9000A1FB03139B09013B53610723136170471A
:10ABA0003C040020D34D62104FF0E023D3F8002D79
:10ABB0003D4B9A421CD04FF0E023D3F8002D3B4B85
:10ABC0009A421ED030B583B0394B1A78D2B2019276
:10ABD000FF221A701B78DBB28DF803309DF803302A
:10ABE00003F05003334A1370334B07221A601BE003
:10ABF0004FF0500383F31188BFF36F8FBFF34F8F74
:10AC0000FEE74FF0500383F31188BFF36F8FBFF35C
:10AC10004F8FFEE7284A1368013B13609DF803300D
:10AC20005B00DBB28DF803309DF8033013F0800F2A
:10AC3000F0D1214B1B68032B08D04FF0500383F356
:10AC40001188BFF36F8FBFF34F8FFEE71B021A4AC5
:10AC5000136003F4E0631360019BDBB2144A1370CA
:10AC60004FF0E024D4F8203D43F47003C4F8203DB5
:10AC7000D4F8203D43F07043C4F8203DFFF780FF37
:10AC800000250E4B1D60FFF7C1FED4F8343F43F0A2
:10AC90004043C4F8343FFFF7A5FEFFF7FDF8FFF788
:10ACA00081FE284603B030BD71C20F4170C20F4112
:10ACB00000E400E030C4002034C400204004002040
:10ACC000EFF305830F2B0FD9114A9B5CDBB2114ABE
:10ACD00012789A4208D94FF0500383F31188BFF3DA
:10ACE0006F8FBFF34F8FFEE74FF0E023D3F80C3D9B
:10ACF00003F4E063084A1268934208D94FF0500306
:10AD000083F31188BFF36F8FBFF34F8FFEE7704758
:10AD1000F0E300E030C4002034C4002098B108B54E
:10AD200003460020C3F8B802C3F8C402C3F8D00237
:10AD300009B1C3F8B412012183F89C121A701846A5
:10AD4000FBF78AFE08BD0320704710B582B00023D0
:10AD5000ADF8063089B10446C0F8B812CB6A23B109
:10AD60000DF106009847C4F8D002D4F8D832013368
:10AD7000C4F8D832002002B010BD0320FBE708B5AC
:10AD8000FBF7C9FE08BD08B5D0F8B83213B11B688F
:10AD9000984708BD0020FCE708B5D0F8B8325B68DA
:10ADA000984700B908BD0320FCE738B5044600F217
:10ADB000AA25284600F0CEF90123C4F89432B4F84D
:10ADC000B032C4F8983294F8AA1201F01F03012B94
:10ADD0000DD0022B10D02BB101F080012046FBF7E3
:10ADE000B5FE03E02946204600F08AFB38BD29461F
:10ADF000204600F0C0FBF9E72946204600F0FDFBA5
:10AE0000F4E7F8B50446012380F89C320023C0F82B
:10AE100094324360C0F8A43280F8A032D0F8B8323F
:10AE2000E3B15B68E3B1002198470746D0B94023FE
:10AE3000002211462046FBF776FE012684F8636166
:10AE40004025A4F860512B46002280212046FBF7C4
:10AE50006AFE84F8236025843846F8BD0027E6E7BB
:10AE60000027E4E70327E2E701740020704790F829
:10AE70009C32DBB2042B04D090F89C32DBB280F819
:10AE80009D32042380F89C320020704790F89C3259
:10AE9000DBB2042B01D00020704790F89D32DBB26A
:10AEA00080F89C32F7E708B590F89C32DBB2032BB0
:10AEB00001D0002008BDD0F8B832002BF9D0DB69F2
:10AEC000002BF6D09847F4E708B5D0F8D432AE336B
:10AED00050F823205AB190F89C32DBB2032B01D0FA
:10AEE000002008BD136A23B198470020F9E703202A
:10AEF000F7E70020F5E708B5D0F8D432AE3350F8C4
:10AF000023205AB190F89C32DBB2032B01D00020F1
:10AF100008BD536A23B198470020F9E70320F7E7FB
:10AF20000020F5E70020704708B5012380F89C3227
:10AF3000D0F8B83223B15B680179984710B908BDE1
:10AF40000020FCE70320FAE700207047002070474C
:10AF500038B504460D46002946D1D0F89432032B6B
:10AF600001D0084638BDD0F85831B0F8602193427E
:10AF700012D890F8AA3203F01F03012B1BD0022B2A
:10AF800020D0084694F89C32DBB2032B1FD0204619
:10AF900000F09EFC2846E5E79B1AC0F85831D0F82F
:10AFA00064111144C0F864119A4238BF1A4600F087
:10AFB00087FC2846D6E790F8AE12FFF7C5FF0028B9
:10AFC000E5D1DFE790F8AE12FFF7C0FFF7E700F139
:10AFD000AE0354F823301A69002AD8D0C4F8D4023A
:10AFE0001B6920469847D2E701F07F01FFF7AEFFCB
:10AFF00090B994F89C32DBB2032BB3D100F1AE03CD
:10B0000054F823309A69002AACD0C4F8D4029B6962
:10B01000294620469847A5E70020A3E738B504460F
:10B020000D4600294CD1D0F89432022B07D094F869
:10B03000A00218B1002384F8A032284638BD8269E6
:10B04000018C8A420ED88A421AD094F89C32DBB224
:10B05000032B29D080212046FBF778FD204600F005
:10B0600042FCE4E7521A8261436A1944416200F0EB
:10B070000EFC00231A4619462046FBF787FDD6E74B
:10B0800043699942E1D8D0F898229342DDD2002258
:10B09000114600F0FCFB0021C4F898120B460A464A
:10B0A0002046FBF773FDC2E7D4F8B832DA68002A0D
:10B0B000D0D00022C4F8D422DB6820469847C9E7E4
:10B0C00041F08001FFF742FF90B994F89C32DBB267
:10B0D000032BB3D100F1AE0354F823305A69002A90
:10B0E000ACD0C4F8D4025B69294620469847A5E74E
:10B0F0000020A3E703780A8813440B8003781844E0
:10B100007047428803789A4218D930B583B0044614
:10B110000D46ADF806306288BDF806309A420AD96D
:10B120000DF10601FFF7E6FF4378052BF3D1837895
:10B13000AB42F0D100E0002003B030BD00207047EA
:10B140000346002002E00130C0B201331A78002A21
:10B15000F9D170470B7803704B7843708B78CA78BD
:10B1600043EA022343800B794A7943EA022383802E
:10B170008B79CA7943EA0223C380704710B504462D
:10B180008021FBF7E3FC00212046FBF7DFFC10BD2C
:10B1900030B583B004460D460023ADF806304A882A
:10B1A000130A013B062B00F2AB80DFE803F0041F1B
:10B1B00033A9A98D9A00D0F8B4321B680DF10601AD
:10B1C000007C9847EA88002A00F0A380BDF806308A
:10B1D000002B00F099809A4228BF1A46ADF806204D
:10B1E0000146204600F045FB03B030BD037C43B967
:10B1F000D0F8B8329B6A0DF10600984702234370DD
:10B20000E0E7D0F8B832DB6A0DF106009847022378
:10B210004370D7E7D2B2052A52D8DFE802F0031014
:10B220001D2A3744D0F8B4325B6823B10DF1060112
:10B23000007C9847C6E72946FFF7A0FFD4E7D0F87F
:10B24000B4329B6823B10DF10601007C9847B9E741
:10B250002946FFF793FFC7E7D0F8B432DB6823B184
:10B260000DF10601007C9847ACE72946FFF786FF01
:10B27000BAE7D0F8B4321B6923B10DF10601007CA6
:10B2800098479FE72946FFF779FFADE7D0F8B4323A
:10B290005B6923B10DF10601007C984792E72946CE
:10B2A000FFF76CFFA0E7D0F8B4329B6923B10DF132
:10B2B0000601007C984785E72946FFF75FFF93E783
:10B2C0002946FFF75BFF8FE7037C33B9D0F8B8322C
:10B2D0005B6B0DF10600984774E72946FFF74EFFB8
:10B2E00082E7037C43B9D0F8B8321B6B0DF106003E
:10B2F00098470723437065E72946FFF73FFF73E749
:10B300002946FFF73BFF6FE729462046FFF736FF48
:10B310006AE7204600F0DCFA66E738B504468B8819
:10B32000FBB9CB88EBB94B887F2B1AD803F07F058C
:10B3300090F89C32DBB2032B0CD080F89E52294649
:10B34000FBF714FC204600F0C3FA35B1022384F861
:10B350009C3209E0FFF712FF06E0012384F89C32DB
:10B3600002E02046FFF70AFF38BD000070B5044632
:10B370000E468D782F4B1D70012D10D890F89C3201
:10B38000DBB2022B0FD0032B26D0FFF7F7FE294BA1
:10B3900019782046FFF700FD0325284670BDFFF70A
:10B3A000EDFE0325F9E7A5B145602946FFF7EBFC63
:10B3B000054638B131462046FFF7E0FE022384F807
:10B3C0009C32EAE7204600F083FA032384F89C329B
:10B3D000E3E700F07DFAE0E7CDB141688D4225D08A
:10B3E000C9B2FFF7D9FC134B197861602046FFF70B
:10B3F000CAFC0546B0B131462046FFF7BFFE2179B1
:10B400002046FFF7C9FC022384F89C32C5E70223DB
:10B4100080F89C3245602946FFF7BEFC204600F0CC
:10B4200057FABAE7204600F053FAB6E700F050FAB0
:10B430000025B2E738C4002008B5CB88012B0BD11A
:10B4400090F89C32DBB2022B09D9032B09D10122DF
:10B45000011D00F00EFA01E0FFF790FE08BD5BB29F
:10B4600013B9FFF78BFEF9E70146002341F8083FC7
:10B47000012200F0FEF9F1E708B590F89C32013B9B
:10B48000022B12D8CB88022B0CD10123C360D0F839
:10B49000A4320BB10323C360022200F10C0100F0BF
:10B4A000E8F908BDFFF76AFEFBE7FFF767FEF8E77C
:10B4B00008B54B88012B04D0022B07D0FFF75EFEA6
:10B4C00008BDC0F8A43200F003FAF9E78B881B0A24
:10B4D00080F8A03200F0FCF9F2E708B590F89C3251
:10B4E000013B022B09D84B88012B00D008BD00235B
:10B4F000C0F8A43200F0ECF9F8E7FFF73FFEF5E7FB
:10B5000038B50C7804F06004202C06D0402C04D010
:10B510006CB1FFF733FE002407E0D0F8D432AE332D
:10B5200050F823309B6898470446204638BD4D7834
:10B53000092D1DD8DFE805F012191C161C08051C82
:10B540000F0BFFF725FEF0E7FFF7E7FEEDE7FFF74C
:10B550000DFF0446E9E7FFF76FFFE6E7FFF78CFF13
:10B560002C46E2E7FFF7A4FFDFE7FFF7B6FFDCE7D3
:10B57000FFF704FED9E770B505460C460B7803F0DB
:10B580006003202B07D0402B05D023B1FFF7F6FD39
:10B590000026304670BD95F89C32013B022B26D820
:10B5A0002179012905D921462846FFF7E7FD002624
:10B5B000EFE72846FFF7C8FC68B900F1AE0255F87E
:10B5C0002220916889B1C5F8D402936821462846A3
:10B5D0009847064600E00326E388002BD9D1002EC9
:10B5E000D7D1284600F074F9D3E70326F4E72146C3
:10B5F0002846FFF7C3FD0026CBE72DE9F0410646BC
:10B600000D468B88DFB20C7804F06004202C08D043
:10B61000402C06D0DCB1FFF7B1FD00242046BDE888
:10B62000F08139463046FFF791FC0446002840F08F
:10B63000F980C6F8D40200F1AE0356F823309B68B7
:10B64000002BEBD02946304698470446E6E791F8B0
:10B650000180B8F1010F31D0B8F1030F05D0B8F176
:10B66000000F67D0FFF78AFDD8E790F89C32DBB275
:10B67000022B04D0032B12D0FFF780FDCEE70FB1D1
:10B68000802F04D129463046FFF778FDC6E73946BA
:10B69000FBF75CFA80213046FBF758FABEE74B888F
:10B6A00023B91FB1802F01D0CB881BB1304600F0E9
:10B6B0000FF9B3E73946FBF749FAF7E790F89C3200
:10B6C000DBB2022B04D0032B12D0FFF757FDA5E706
:10B6D0000FB1802F04D129463046FFF74FFD9DE77B
:10B6E0003946FBF733FA80213046FBF72FFA95E70E
:10B6F0004B88002B92D117F07F0F17D1304600F006
:10B70000E7F839463046FFF721FC002886D1C6F815
:10B71000D40200F1AE0256F822209268002A00F00E
:10B720008380294630469047044677E73946FBF741
:10B7300015FAE3E790F89C22D2B2022A05D0032A38
:10B7400028D0FFF71BFD444668E70FB1802F14D1C6
:10B7500013F0800F15D107F07F0707EB8707B900BB
:10B7600001F5A87131440431002301F80E3F022293
:10B77000304600F07EF8444650E7FFF7FFFC4446B1
:10B780004CE707F07F0707EB8707B900103131441A
:10B790000431E9E75BB2002B20DB07F00F0202EB7C
:10B7A000820200EB820292F8634124B3002B25DB76
:10B7B00007F07F0303EB83039C0004F5A874344473
:10B7C00004340FB1802F22D10023A373022204F18D
:10B7D0000E01304600F04DF844461FE707F00F0217
:10B7E00002EB820200EB820292F82340002CDDD1B2
:10B7F000FFF7C4FC12E7FFF7C1FC0FE707F07F0378
:10B8000003EB83039C00103434440434D9E73946F5
:10B810003046FBF755F910B10123A373D6E7002397
:10B82000A373D3E70024F9E60446F7E600B370B546
:10B830000D4616460446FFF783FC01304300B3F57E
:10B84000007F06D89BB233802B7003236B700223DA
:10B850000AE04FF40073F6E7EA5401345A1CD2B2FE
:10B860000021A9540233DBB22278002AF4D170BD42
:10B87000704708B513460222C0F894224361416222
:10B8800083610A460021FBF779F9002008BD08B55D
:10B8900013460A460021FBF771F9002008BD08B5E0
:10B8A00013460322C0F89422C0F85431C0F8641142
:10B8B000C0F858310A460021FBF768F9002008BD9E
:10B8C00008B513460A460021FBF760F9002008BDC1
:10B8D00008B50422C0F8942200231A461946FBF743
:10B8E0004DF9002008BD08B50522C0F894220023B8
:10B8F0001A461946FBF74AF9002008BD10B5D0F8E2
:10B90000D43203F1B00250F822408CB100EB820037
:10B9100043687BB194F80002FF280DD09B6894F82F
:10B92000012221469847FF2384F80032002010BDF1
:10B930000320FCE70020FAE70020F8E70A23038051
:10B9400000487047C0040020F8B506460F4F82211A
:10B950003846FFF7D6FB054601213846FFF7D1FBF5
:10B96000044681213846FFF7CCFB0DB11022AA71A5
:10B970001CB1402222710022627118B14022027172
:10B9800000224271432333800048F8BD7C0400202C
:10B99000F8B506460F4F82213846FFF7B2FB054641
:10B9A00001213846FFF7ADFB044681213846FFF7F9
:10B9B000A8FB0DB11022AA711CB1402222710022F5
:10B9C000627118B140220271002242714323338018
:10B9D0000048F8BD7C040020F8B506460F4F8221D0
:10B9E0003846FFF78EFB054601213846FFF789FBF5
:10B9F000044681213846FFF784FB0DB11022AA715D
:10BA00001CB1002222710222627118B1002202715F
:10BA100002224271432333800048F8BD7C04002099
:10BA200038B5D0F8D432B03350F8235095B104462D
:10BA3000FBF75CF8C5F80C02D4F8D432B03304EB51
:10BA400083046368DB6805F50371D5F80402984741
:10BA5000002038BD0320FCE738B5D0F8C852D0F834
:10BA6000D432B03350F8234084B301F00F0303EB1A
:10BA7000830200EB820252694AB103EBC30C05EB6F
:10BA80008C05ED69B2FBF5FC05FB1C2292B100238D
:10BA9000C4F81432D0F8D432B03300EB83004368DA
:10BAA0001B69ABB10A4604F50471D4F80802984743
:10BAB000002038BD03EB830300EB830300245C61AB
:10BAC00023462246FBF75AF82046F2E70320F0E728
:10BAD0000020EEE7F0B583B0D0F8D43203F1B00225
:10BAE00050F8227000228DF80720ADF80420002FB6
:10BAF0007BD004460D46097811F0600634D0202E24
:10BB00006CD1EA882AB311F0800F07D16B7887F8DF
:10BB10000032EA883F2A13D8D2B212E0B03300EBE9
:10BB200083035B689B68394668789847EA88072AE8
:10BB300028BF072239462046FFF79BFE002651E02A
:10BB4000402287F8012239462046FFF7A8FE00264A
:10BB500048E0B03300EB830463689B680022294609
:10BB60006878984700263DE06F780B2F31D8DFE8E2
:10BB700007F006393030303030303030162690F84B
:10BB80009C32DBB2032B04D02946FFF7F7FA0326D9
:10BB900028E0022201A9FFF76CFE3E4622E090F861
:10BBA0009C32DBB2032B04D02946FFF7E7FA0326C9
:10BBB00018E001220DF10701FFF75BFE12E090F89B
:10BBC0009C32DBB2032B0DD02946FFF7D7FA0326B0
:10BBD00008E02946FFF7D2FA032603E02946FFF7DB
:10BBE000CDFA0326304603B0F0BD0326FAE738B598
:10BBF00004468121FAF7A2FF002584F8375001217D
:10BC00002046FAF79BFF84F8775182212046FAF705
:10BC100095FF84F84B506564D4F8D43203F1B00238
:10BC200054F822209AB1B03304EB83035B685B685D
:10BC30009847D4F8D432B03354F82300FAF760FFB1
:10BC4000D4F8D432B03344F82350C4F8BC520020A6
:10BC500038BD70B504464FF40770FAF74DFF002861
:10BC600049D005464FF407720021E4F7D5FBD4F81C
:10BC7000D432B03344F82350C4F8BC52237C002B98
:10BC800041D14FF40073022281212046FAF74BFF85
:10BC9000012684F837604FF40073022231462046B3
:10BCA000FAF741FF84F877611023636408230322C5
:10BCB00082212046FAF737FF012384F84B30002613
:10BCC000C5F80462D4F8D432B03304EB83035B6864
:10BCD0001B689847C5F81462C5F81862D5F80422A5
:10BCE00062B3257C1DBB4FF4007301212046FAF797
:10BCF0004DFF284670BDD4F8D432B033002244F84A
:10BD000023200225F5E74023022281212046FAF76D
:10BD10000AFF012684F8376040230222314620467C
:10BD2000FAF701FF84F8776110236364BEE74023CC
:10BD300001212046FAF72AFF0025DAE70225D8E795
:10BD400039B1D0F8D432B03300EB83004160002029
:10BD5000704703207047D0F8D432B03350F8233006
:10BD60002BB1C3F80812C3F810220020704703203B
:10BD70007047D0F8D432B03350F823301BB1C3F839
:10BD80000412002070470320704708B5D0F8D43261
:10BD9000B03350F823209AB1D2F814320BB10120FD
:10BDA00008BD0123C2F81432D2F810328362D2F8EF
:10BDB0001032D2F808228121FAF7E0FE0020EFE7E6
:10BDC0000320EDE710B5D0F8D432B03350F823207B
:10BDD00092B1047C44B94FF40073D2F804220121DB
:10BDE000FAF7D4FE204610BD4023D2F804220121E8
:10BDF000FAF7CCFE0024F5E70324F3E710B5034679
:10BE00000C4A0D490D48006840B10C4800680344D5
:10BE1000521A934206D8094A136010BD0748084CCD
:10BE20000460F2E7E4F710FA0C2303604FF0FF30F0
:10BE3000F3E700BF00000220000400003CC4002023
:10BE4000A00801200120704708B5E4F7FDF916238A
:10BE500003604FF0FF3008BD08B54FF0FF31FFF72A
:10BE6000F3FFFEE770B50C461646002506E0AFF37B
:10BE70000080214601F8010B01350C46B542F6DB86
:10BE8000304670BD70B50C461646002504E014F827
:10BE9000010BAFF300800135B542F8DB304670BDD1
:10BEA0004FF0FF3070474FF400534B600020704755
:10BEB0000120704700207047124A12F0070F1ED071
:10BEC000D11D21F00701C1F5705313440A460E48F5
:10BED0000260002141601344083B23F007030B4834
:10BEE000036059601960991A51601360084B19601A
:10BEF000084B1960084B4FF000421A6070474FF42E
:10BF00007053E4E748C400205400012044C40020DA
:10BF1000500001204C00012048000120164B1A4619
:10BF20001B688342FBD3516802EB010C844509D0A6
:10BF3000416800EB010C634509D00360904219D0C1
:10BF4000106070474068014451601046F0E710B43B
:10BF50000A4C2468A3420BD05B6819444160136803
:10BF60001B680360904200D010605DF8044B70477E
:10BF70000460F7E7704700BF5400012044C400206C
:10BF800070B50546FDF74CFE344B1B68A3B1344B2E
:10BF90001B681D424AD135B1083515F0070F02D094
:10BFA00025F007050835002D42D02E4B1B68AB420B
:10BFB0004DD32D4A146804E0FFF77EFFE7E72246E1
:10BFC0001C466368AB4202D22368002BF7D1234B97
:10BFD0001B68A3423DD01668083623681360636867
:10BFE0005B1B102B10D9601910F0070F08D04FF011
:10BFF000500383F31188BFF36F8FBFF34F8FFEE7BA
:10C0000043606560FFF78AFF626816490B689B1AF8
:10C010000B60164909688B4201D214490B60104B22
:10C020001B68134363600023236002E0002600E0E6
:10C030000026FDF78FFE16F0070F0CD04FF05003CF
:10C0400083F31188BFF36F8FBFF34F8FFEE7002696
:10C05000EFE70026EDE7304670BD00BF44C4002086
:10C06000480001204C000120540001205000012014
:10C0700080B338B50446A0F1080550F8043C164AD0
:10C080001268134208D14FF0500383F31188BFF3B5
:10C090006F8FBFF34F8FFEE750F8081C41B14FF090
:10C0A000500383F31188BFF36F8FBFF34F8FFEE709
:10C0B00023EA020340F8043CFDF7B2FD54F8041CE7
:10C0C000064A13680B4413602846FFF727FFFDF765
:10C0D00041FE38BD704700BF480001204C000120E0
:10C0E00050F8043C024A106823EA0000704700BF81
:10C0F0004800012070B505460C46FDF791FD20462D
:10C10000FFF73EFF064678B175B12846FFF7E8FF16
:10C110000838844200D30446224629463046E4F7D4
:10C12000E1F82846FFF7A4FFFDF714FE304670BD86
:10C1300038B505460C46FDF773FD05FB04F42046B3
:10C14000FFF71EFF0546034603E0002103F8011B2D
:10C150001446621E002CF8D1FDF7FCFD284638BDC0
:10C1600008B5034605490A6802440A6004490A689A
:10C1700013440B60FFF704FF08BD00BF5C00012003
:10C180006000012058B110B50446FFF7A9FF044A2A
:10C1900013681B1A13602046FFF76AFF10BD704733
:10C1A0006000012038B50C460C4A13680B4413603C
:10C1B0000B4A13680B44136058B10546FFF790FF14
:10C1C000074A13681B1A136021462846FFF792FF9F
:10C1D00038BD0846FFF7D4FEFAE700BF5C00012037
:10C1E0006000012010B501FB00F3054C22681A44E1
:10C1F0002260044C226813442360FFF799FF10BDAE
:10C200005C000120600001202DE9F04107460E4648
:10C21000144615A3D3E90023F8F7B0F80D4680467D
:10C220002060616010A3D3E9002338463146F8F757
:10C23000A5F8A260002A01DBBDE8F081084981FB76
:10C240000231D317C3EB21730133B8EB030165EB64
:10C25000E37521606560034901FB0322A260EBE7FF
:10C26000A12FB84400CA9A3B00CA9A3B00000000C4
:10C2700030B583B00D460024009401946846FDF764
:10C28000CFFE0099019A4FEA411C4CEAD26C53014F
:10C290009B1A6CEB010C4FEA4C2C4CEAD35C5B0212
:10C2A0009B1841EB0C0C4FEA8C1E4EEA936E9801E2
:10C2B000C31A6EEB0C0C98182A4641EB0C01FFF7E1
:10C2C000A3FF204603B030BD024B01221A700020AC
:10C2D000704700BF64000120202803D0212809D026
:10C2E00000207047074B0868186088888A79988012
:10C2F0009A71F5E7034B186808609A889B798A80E1
:10C300008B71EDE7D0040020F8B504460D460146D8
:10C310001648FFF72EFD2A68154B1B681344B3F52A
:10C32000006F17D9124E3368A3F5006515443068C5
:10C33000104FC3F5006221463844E3F7D3FF2A4685
:10C3400021463846E3F7CEFF35600848FFF73AFD4F
:10C350000020F8BD064E3368214606481844E3F72E
:10C36000C1FF2B68326813443360EEE7045F00209E
:10C370006C00012070000120074B1B784BB9074B64
:10C38000074A9A60074ADA60074A1A61024B01229B
:10C390001A700120704700BF6500012020040020B2
:10C3A000D9C2010809C30108C9C2010801207047A8
:10C3B00070B50846154691B2FAF786FA08B1002022
:10C3C00070BD00F073FD04460E4602E00120FDF74B
:10C3D0003DFD0B4B1B7843B900F068FD001B61EB82
:10C3E0000601642871F10003F0DB054B1B7823B1D3
:10C3F0002846034B00221A70E2E70020F9E700BF4D
:10C40000640001202DE9F041884617461D4600F0E2
:10C410004DFD04460E46164B1A68164B1B689A4291
:10C4200010D10120FDF712FD00F040FD001B61EB73
:10C4300006014FEAE57CA84271EB0C03EBDB002020
:10C44000BDE8F08100200A4B1A680A4B1B689A422B
:10C45000F6D0B842F4D2064A13680749CB5C08F814
:10C46000003013680133C3F30A0313600130EAE7B5
:10C47000680001206C0001207000012008B50E4802
:10C480000E4B036006234360002383604FF08072ED
:10C49000C2604FF4403202614FF480124261037671
:10C4A00043768376C3760377437700F06BF900B960
:10C4B00008BDF9F7DDFFFBE77008012000680040C8
:10C4C00070B588B0002303930493059306930793F4
:10C4D0000268224B9A4201D008B070BD002400943B
:10C4E00003F5E8331A6C42F080621A641A6C02F0A9
:10C4F00080620092009A01941A6C42F000721A64F1
:10C500001A6C02F000720192019A02941A6B42F0C6
:10C5100002021A631B6B03F002030293029B4FF4A7
:10C52000805303930225049503230693092307935D
:10C530000B4E03A93046FCF7FFFB4FF40053039367
:10C5400003A93046FCF7F8FB224629464020FCF7B9
:10C55000F7FC4020FCF72CFDBEE700BF0068004060
:10C560000004024008B5002343630E228263826404
:10C5700043628362C3620363C3630123036443644E
:10C5800000F12401014800F0A3F908BD7008012062
:10C59000082383610023036143617047F8B50D46AA
:10C5A00090F801C08278C17803791E0946EA011625
:10C5B0001C0204F4706443791C4387791021F2EE65
:10C5C000090ABAEE090A42EA0C2000F0C7F885ED24
:10C5D000000A0C21DFED0E0A9FED0E0A304600F036
:10C5E000BDF885ED010A0C21F3EE020ABBEE020A4A
:10C5F000204600F0B3F885ED020A0821DFED060AB7
:10C600009FED060A384600F0A9F885ED030AF8BD4B
:10C6100000008242000082C20000204200000000B0
:10C6200070B5434C4FF4347200212046E3F7F4FE1A
:10C63000404D3C2200212846E3F7EEFE3E4BA3622C
:10C64000102363613D4AA2604FF07F53E3602C608A
:10C650003B4921672021E1652265636504F14801BA
:10C6600069603849C4F8B8103021C4F8A410C4F87F
:10C670009820C4F89C3004F19001A9603248C4F8B5
:10C6800000014021C4F8EC10C4F8E020C4F8E43004
:10C6900004F1D801E9602D49C4F848115026C4F8C6
:10C6A0003461C4F82821C4F82C3104F590762E6149
:10C6B000274EC4F890616026C4F87C61C4F87021EC
:10C6C000C4F8743104F5B4766E61224EC4F8D861B2
:10C6D0007026C4F8C461C4F8B821C4F8BC3104F5AC
:10C6E000D876AE611C4EC4F820628026C4F80C6275
:10C6F000C4F80022C4F8043204F5FC762E62C4F8B3
:10C7000068029020C4F85402C4F84822C4F84C329D
:10C7100004F510706862C4F8B012A021C4F89C122D
:10C72000C4F89022C4F8943204F522746C6170BD90
:10C73000B05B0020905A0020C03C02080000484234
:10C74000D03C0208E03C0208F03C0208FC3C020835
:10C75000083D0208183D0208283D020807EE900A2D
:10C7600070EEC00AF8EEE77A67EEA00A01238B406C
:10C77000013B07EE903AF8EEE77A80EEA77A37EEC3
:10C78000000A7047002800F0A18038B5044690F8F0
:10C790002030D3B12268136843F001031360FCF723
:10C7A0003BFC054623685A6812F0010F10D1FCF7D4
:10C7B00033FC401B0A28F5D9636A43F400336362F3
:10C7C000052384F82030012038BDFFF779FEE1E72A
:10C7D0001A6822F002021A60FCF71EFC0546236864
:10C7E0005A6812F0020F0DD0FCF716FC401B0A2805
:10C7F000F5D9636A43F400336362052384F820307B
:10C800000120E1E7227E012A3DD01A6822F0800251
:10C810001A60637E012B3BD02268136823F040032B
:10C820001360A37E012B39D02268136823F0200304
:10C830001360E37E012B37D02268136843F01003A6
:10C840001360237F012B35D02268136823F008037F
:10C850001360637F012B33D02268136823F0040335
:10C860001360A368E26813432269134362691343A8
:10C870006268013A21681343CB61002060620123A2
:10C8800084F82030A0E71A6842F080021A60C0E7FE
:10C890002268136843F040031360C2E722681368FC
:10C8A00043F020031360C4E72268136823F01003E9
:10C8B0001360C6E72268136843F008031360C8E7F3
:10C8C0002268136843F004031360CAE7012070472D
:10C8D00090F82030013BDBB2012B05D9436A43F4C9
:10C8E000802343620120704730B5464BD3F80022C5
:10C8F00042F00102C3F80022D3F8002222F47C5255
:10C90000C3F80022D3F80022486A42EA0022C3F8A2
:10C9100000224A6902F01F02012000FA02F2D3F855
:10C920001C026FEA020C20EA0200C3F81C02CB6969
:10C93000C3B9344BD3F80C020CEA0000C3F80C0264
:10C940008C884869CD6844EA0544483043F8304053
:10C950008C68088840EA04404C6904F1480E03EBF7
:10C96000CE035860CB69012B1ED08B69002B33D1CD
:10C970002448D0F804320CEA0303C0F804320B69EF
:10C980008BBB2048D0F814320CEA0303C0F81432F1
:10C990000B6A012B2ED01B4AD2F8003223F0010380
:10C9A000C2F80032002030BD164BD3F80C02104301
:10C9B000C3F80C028C8848690D6844EA0544483085
:10C9C00043F8304088894C698D6840EA0540483416
:10C9D00003EBC4035860C8E70A48D0F80432134395
:10C9E000C0F80432CBE70748D0F814321343C0F83C
:10C9F0001432CDE70349D1F81C321A43C1F81C2286
:10CA0000C9E700BF0064004070B5044690F82050AC
:10CA1000EDB2012D06D0436A43F4002343620125A1
:10CA2000284670BD022380F820300268136823F086
:10CA300001031360FCF7F0FA064623685B6813F005
:10CA4000010F0CD0FCF7E8FA831B0A2BF5D9636AB7
:10CA500043F400336362052384F82030E0E70025C7
:10CA60006562DDE790F820C00CF1FF3C5FFA8CFCBA
:10CA7000BCF1010F00F2A58030B451B90468E4683C
:10CA800014F0030F10D1436A43F4001343620120F2
:10CA90007EE00468246914F0030F05D1436A43F46F
:10CAA00000134362012073E0056801F11B042401B7
:10CAB0002C5904F004049460002C6BD1056801F13A
:10CAC0001B0424012C59640D1460046801F11B0C33
:10CAD0004FEA0C1C54F80C4004F00204D4600468C3
:10CAE000A444DCF8045015F0080F5BD0082414614E
:10CAF000056801F11B0C05EB0C156D68C5F30725E6
:10CB00009561046804EB0C146468240C5461026899
:10CB100002EB0112D2F8B8211A70026802EB01127E
:10CB2000D2F8B821C2F307225A70026802EB011250
:10CB3000D2F8B821C2F307429A70026802EB0112E0
:10CB4000D2F8B821120EDA70026802EB0112D2F8A4
:10CB5000BC211A71026802EB0112D2F8BC21C2F3A7
:10CB600007225A71026802EB0112D2F8BC21C2F30B
:10CB700007429A71026802EB0112D2F8BC21120E30
:10CB8000DA71C1B90268D36843F02003D360002092
:10CB900030BC7047056801F11B0424012C59E408DE
:10CBA000546092E701F11B0504EB0514646804F07E
:10CBB0000F0414619CE70268136943F020031361BA
:10CBC000E5E7436A43F4802343620120704790F80D
:10CBD0002030013BDBB2012B05D9436A43F48023AB
:10CBE0004362012070470268536919435161002074
:10CBF000704770477047704770477047704770477D
:10CC00007047704770477047704770472DE9F84F7D
:10CC1000054603685C69D3F804809F68D3F80CB0BC
:10CC2000D3F810A0D3F8189014F001063BD017F0F9
:10CC3000010616D001229A6017F0020F08D117F0F2
:10CC4000040F0CD117F0080606D04FF4805608E008
:10CC5000FFF7CFFF002604E0FFF7CEFF01E04FF41F
:10CC6000006617F4807F0DD02B684FF480729A60B5
:10CC700017F4007F40F0868017F4806F00F0868004
:10CC800046F4005617F4803F0DD02B684FF48032E5
:10CC90009A6017F4003F40F0838017F4802F00F073
:10CCA000838046F4004614F0080F07D01BF0100FE5
:10CCB00004D046F400762B681022DA6014F0040FDA
:10CCC00002D01BF0080F79D114F0020F04D02B68AA
:10CCD000DB6813F0030F78D114F0400F07D01AF07F
:10CCE000100F04D046F480662B6810221A6114F0ED
:10CCF000200F02D01AF0080F6BD114F0100F04D0DF
:10CD00002B681B6913F0030F6AD114F4003F02D0A3
:10CD100018F0100F68D114F4803F02D018F0080FFB
:10CD200069D114F4004F7AD018F0040F74D014F4C1
:10CD3000807F04D019F0010F01D046F0010614F4F1
:10CD4000007F04D019F0020F01D046F0020614F45F
:10CD5000806F04D019F0040F01D046F0040614F4DB
:10CD6000006F59D019F0700956D0B9F1400F65D055
:10CD700058D8B9F1200F5ED0B9F1300F42D146F04A
:10CD8000200644E02846FFF735FF7BE717F4006FE5
:10CD900002D046F4804675E72846FFF72EFF71E77C
:10CDA0002846FFF728FF7EE717F4002F02D046F44D
:10CDB000803678E72846FFF721FF74E72B680822C2
:10CDC000DA602846FFF71CFF7EE72846FFF717FFCB
:10CDD00082E72B6808221A612846FFF713FF8CE7C9
:10CDE0002846FFF70EFF90E72B6810225A6028466E
:10CDF000FFF709FF8FE72B6808225A602846FFF7E4
:10CE000003FF8EE7B9F1100F01D146F008062A683A
:10CE1000936923F0700393612B6804225A609EB9D2
:10CE2000BDE8F88FB9F1500F0BD0B9F1600FEED11A
:10CE300046F48076EBE746F01006E8E746F0400659
:10CE4000E5E746F08006E2E76B6A1E436E6228461D
:10CE5000FFF7DBFEE4E70000DFF834D0FCF7F6F87C
:10CE60000C480D490D4A002302E0D458C450043345
:10CE7000C4188C42F9D30A4A0A4C002301E013601B
:10CE80000432A242FBD3E3F7F9F9F9F747FB704705
:10CE90000000022000000020D80400208C4C020872
:10CEA000D80400209C080120FEE7000010B584B0E3
:10CEB00069460120FFF7DCF99DE815000649A0FB53
:10CEC0000103001901FB023141EBE471034A002325
:10CED000F7F754FA04B010BD00CA9A3B40420F0065
:10CEE00010B584B069460120FFF7C2F9064A0098E0
:10CEF0000299019CA0FB0203401802FB043343EBA0
:10CF0000E17104B010BD00BF00CA9A3B024A034B56
:10CF100012681A60704700BFC80300207800002024
:10CF2000024A034B12681A60704700BFC803002012
:10CF3000EC01002038B50D460121044601F02CF922
:10CF400048B1A3681D70A268236901210A440B44FB
:10CF5000A26023616175A07D80F0010038BD00BF33
:10CF600038B50D460121044601F016F960B1A268FA
:10CF7000236912F8011B003918BF01212970013300
:10CF80000121A26023616175A07D80F0010038BDA0
:10CF900038B50D460121044601F0FEF848B1A368FA
:10CFA0001D70A268236901210A440B44A260236119
:10CFB0006175A07D80F0010038BD00BF38B50D4619
:10CFC0000121044601F0E8F850B1A3681B782B70EA
:10CFD000A268236901210A440B44A26023616175A0
:10CFE000A07D80F0010038BD2DE9F04182B00B46F4
:10CFF00002210446ADF8063001F022F90146204630
:10D00000677D01F061F90221204601F0B9F878BB93
:10D01000D4E90135AB4226D95E1BA3602369C6F172
:10D020000208334423614146204601F0B5F8002848
:10D030003BD0237D012B4AD09DF807302B70002E6A
:10D0400040D09DF806306B702369A268A07D023342
:10D050009E1B4244022380F00100A260266163759A
:10D0600002B0BDE8F0810221204601F095F890B1B0
:10D07000237D012BA36814D09DF807201A70A368A4
:10D080009DF806205A70A2682369023202330221F9
:10D09000A26023616175A07D80F0010002B0BDE84F
:10D0A000F081BDF806201A80EDE7A2682369A07D13
:10D0B0006775921B9B1B80F00100A260236102B088
:10D0C000BDE8F081A3689DF806201A70BCE72846E9
:10D0D0000DF1060529463246E3F704F9A0684246F9
:10D0E000A919E3F7FFF8AFE72DE9F04383B00D4648
:10D0F00002210446ADF8062001F0A2F801462046C0
:10D1000094F8158001F0E0F80221204601F038F88B
:10D1100070BBD4E90167BE4225D92369A660F61B1E
:10D120003344C6F1020923614946204601F034F830
:10D13000002839D0012D4AD09DF807303B70002ED1
:10D1400040D09DF806307B702369A268A07D023331
:10D150004A449B1B022180F00100A260236161759B
:10D1600003B0BDE8F0830221204601F015F888B134
:10D17000012DA36814D09DF807201A70A3689DF8AC
:10D1800006205A70A2682369023202330221A2608B
:10D1900023616175A07D80F0010003B0BDE8F083DC
:10D1A000BDF806201A80EDE7A2682369A07D84F807
:10D1B0001580921B9B1B80F00100A260236103B0CD
:10D1C000BDE8F083A3689DF806201A70BCE70DF156
:10D1D0000605294632463846E3F784F8A0684A46F1
:10D1E000A919E3F77FF8AFE72DE9F8430D460221CF
:10D1F000044601F025F80146204694F8158001F018
:10D2000063F80221204600F0BBFF60BBD4E9016750
:10D21000BE4223D92369A660F61B3344C6F1020936
:10D2200023614946204600F0B7FF002834D0237D13
:10D23000012B42D07B782B70002E3AD03B786B705C
:10D240002369A268A07D022102334A449B1B6175B9
:10D25000A260236180F00100BDE8F883022120462E
:10D2600000F09AFF80B1237D012BA36811D05B7879
:10D270002B70A3681B786B70A2682369023202339B
:10D280000221A26023616175A07D80F00100BDE8EC
:10D29000F8831B882B80EFE7A2682369A07D84F8C0
:10D2A0001580921B9B1BA260236180F00100BDE8EA
:10D2B000F883A3681B786B70C2E73946324628466C
:10D2C000E3F710F8A1684A46A819E3F70BF8B7E7A7
:10D2D0002DE9F0470E4602210446154600F0B0FF46
:10D2E0000146204694F8159000F0EEFF02212046FA
:10D2F00000F046FF70BBD4E90178474525D9236982
:10D30000A760A7EB08073B44C7F1020A2361514617
:10D31000204600F041FF002834D0012E43D098F879
:10D3200001302B70002F3AD098F800306B702369D1
:10D33000A268A07D022102335244DB1B6175A2600A
:10D34000236180F00100BDE8F0870221204600F053
:10D3500023FF78B1012EA36811D05B782B70A368EE
:10D360001B786B70A2682369023202330221A2602B
:10D3700023616175A07D80F00100BDE8F0871B8806
:10D380002B80EFE7A2682369A07D84F81590D21B5B
:10D39000DB1BA260236180F00100BDE8F087A36879
:10D3A0001B786B70C3E741463A462846E2F79AFF7E
:10D3B000A1685246E819E2F795FFB8E72DE9F04178
:10D3C00082B004460191042100F03AFF0146204654
:10D3D000677D00F079FF0421204600F0D1FE00288F
:10D3E00039D1D4E90135AB4230D95E1BA360236942
:10D3F000C6F10408334423614146204600F0CCFEC8
:10D4000000284CD0237D012B63D09DF807302B7072
:10D41000002E51D09DF806306B70012E50D09DF833
:10D420000530AB70022E4FD09DF80430EB702369AD
:10D43000A268A07D04339E1B4244042380F00100B7
:10D44000A2602661637502B0BDE8F0810421204628
:10D4500000F0A2FED0B1237D012BA3681CD09DF863
:10D4600007201A70A3689DF806205A70A3689DF8DB
:10D4700005209A70A3689DF80420DA70A2682369D9
:10D48000043204330421A26023616175A07D80F021
:10D49000010002B0BDE8F081019A1A60EEE7A268CF
:10D4A0002369A07D6775921B9B1B80F00100A26021
:10D4B000236102B0BDE8F081A3689DF806201A70D0
:10D4C000A3689DF805201A70A3689DF804201A70BF
:10D4D000ADE7284601AD29463246E2F703FFA068D2
:10D4E0004246A919E2F7FEFEA1E700BF2DE9F0438D
:10D4F00083B00D4604210446019200F0A1FE0146CE
:10D50000204694F8158000F0DFFE0421204600F04C
:10D5100037FE002838D1D4E90176B7422FD92369E4
:10D52000A760BF1B3B44C7F104092361494620465D
:10D5300000F032FE00284AD0012D63D09DF807305C
:10D540003370002F51D09DF806307370012F50D0EA
:10D550009DF80530B370022F4FD09DF80430F37062
:10D560002369A268A07D04334A44DB1B042180F0B8
:10D570000100A2602361617503B0BDE8F08304215E
:10D58000204600F009FEC8B1012DA3681CD09DF80B
:10D5900007201A70A3689DF806205A70A3689DF8AA
:10D5A00005209A70A3689DF80420DA70A2682369A8
:10D5B000043204330421A26023616175A07D80F0F0
:10D5C000010003B0BDE8F083019A1A60EEE7A2689B
:10D5D0002369A07D84F81580D21BDB1B80F001003D
:10D5E000A260236103B0BDE8F083A3689DF8062024
:10D5F0001A70A3689DF805201A70A3689DF804208E
:10D600001A70ADE701AD29463A463046E2F76AFEA8
:10D61000A0684A46E919E2F765FEA1E72DE9F8435B
:10D620000D460421044600F00BFE0146204694F806
:10D63000158000F049FE0421204600F0A1FD0028DD
:10D6400038D1D4E90176B7422FD92369A760BF1B2F
:10D650003B44C7F1040923614946204600F09CFD84
:10D66000002846D0237D012B5CD0F3782B70002F4F
:10D670004CD0B3786B70012F05F102034AD0737858
:10D68000AB70022F05F1030348D03378EB702369A8
:10D69000A268A07D042104334A44DB1B6175A260AB
:10D6A000236180F00100BDE8F8830421204600F0EA
:10D6B00073FDB0B1237D012BA36817D0DB782B70ED
:10D6C000A3689B786B70A3685B78AB70A3681B78CA
:10D6D000EB70A2682369043204330421A260236141
:10D6E0006175A07D80F00100BDE8F8831B682B60A8
:10D6F000EFE7A2682369A07D84F81580D21BDB1BAD
:10D70000A260236180F00100BDE8F883A3689B78E4
:10D710006B70AB1CA268527803F8012BA2681278D8
:10D720001A70B4E731463A462846E2F7DBFDA168B5
:10D730004A46E819E2F7D6FDA9E700BF2DE9F04710
:10D740000E4604210446154600F07AFD01462046A7
:10D7500094F8159000F0B8FD0421204600F010FD6B
:10D7600000283CD1D4E90137BB4233D9A3EB0708E9
:10D77000A3602369C8F1040A43442361514620464B
:10D7800000F00AFD002848D0012E61D0FB782B70F4
:10D79000B8F1000F50D0BB786B70B8F1010F05F1F4
:10D7A00002034DD07B78AB70B8F1020F05F1030393
:10D7B0004AD03B78EB702369A268A07D0421043332
:10D7C0005244A3EB08036175A260236180F001005D
:10D7D000BDE8F0870421204600F0DEFCA8B1012E50
:10D7E000A36817D0DB782B70A3689B786B70A36855
:10D7F0005B78AB70A3681B78EB70A2682369043276
:10D8000004330421A26023616175A07D80F00100D2
:10D81000BDE8F0871B682B60EFE7A2682369A07D55
:10D8200084F81590A2EB0802A3EB0803A260236121
:10D8300080F00100BDE8F087A3689B786B70AB1C9B
:10D84000A268527803F8012BA26812781A70B2E726
:10D85000394642462846E2F745FDA168524605EBA7
:10D860000800E2F73FFDA6E72DE9F041082182B06C
:10D870000446CDE9002300F0E3FC01462046677D25
:10D8800000F022FD0821204600F07AFC00284ED14D
:10D89000D4E90135AB4245D95E1BA3602369C6F1CB
:10D8A0000808334423614146204600F075FC0028F7
:10D8B00074D0237D012B00F09B809DF807302B70E6
:10D8C000002E78D09DF806306B70012E77D09DF831
:10D8D0000530AB70022E76D09DF80430EB70032E2D
:10D8E00075D09DF803302B71042E74D09DF8023052
:10D8F0006B71052E73D09DF80130AB71062E72D07E
:10D900009DF80030EB712369A268A07D08339E1B4F
:10D910004244082380F00100A2602661637502B0D2
:10D92000BDE8F0810821204600F036FC50B3237D8D
:10D93000012B2DD0A3689DF807201A70A3689DF8CD
:10D9400006205A70A3689DF805209A70A3689DF878
:10D950000420DA70A3689DF803201A71A3689DF86B
:10D9600002205A71A3689DF801209A71A3689DF85E
:10D970000020DA71A2682369083208330821A26006
:10D9800023616175A07D80F0010002B0BDE8F081E7
:10D990006B4603CBA36818605960EBE7A268236964
:10D9A000A07D6775921B9B1B80F00100A260236124
:10D9B00002B0BDE8F081A3689DF806201A70A36844
:10D9C0009DF805201A70A3689DF804201A70A368BA
:10D9D0009DF803201A70A3689DF802201A70A368AE
:10D9E0009DF801201A70A3689DF800201A708AE73C
:10D9F00028466D4629463246E2F774FCA068424646
:10DA0000A919E2F76FFC7EE72DE9F04182B00B46E1
:10DA100002210446ADF8063000F012FC0146204613
:10DA2000677D00F051FC0221204600F0A9FB78BB85
:10DA3000D4E90135AB4226D95E1BA3602369C6F148
:10DA40000208334423614146204600F0A5FB00282C
:10DA50003BD0237D012B4AD09DF807302B70002E40
:10DA600040D09DF806306B702369A268A07D023318
:10DA70009E1B4244022380F00100A2602661637570
:10DA800002B0BDE8F0810221204600F085FB90B194
:10DA9000237D012BA36814D09DF807201A70A3687A
:10DAA0009DF806205A70A2682369023202330221CF
:10DAB000A26023616175A07D80F0010002B0BDE825
:10DAC000F081BDF806201A80EDE7A2682369A07DE9
:10DAD0006775921B9B1B80F00100A260236102B05E
:10DAE000BDE8F081A3689DF806201A70BCE72846BF
:10DAF0000DF1060529463246E2F7F4FBA0684246DE
:10DB0000A919E2F7EFFBAFE72DE9F8430D46022133
:10DB1000044600F095FB0146204694F8158000F07D
:10DB2000D3FB0221204600F02BFB60BBD4E9016748
:10DB3000BE4223D92369A660F61B3344C6F102090D
:10DB400023614946204600F027FB002834D0237D7E
:10DB5000012B42D07B782B70002E3AD03B786B7033
:10DB60002369A268A07D022102334A449B1B617590
:10DB7000A260236180F00100BDE8F8830221204605
:10DB800000F00AFB80B1237D012BA36811D05B78E4
:10DB90002B70A3681B786B70A26823690232023372
:10DBA0000221A26023616175A07D80F00100BDE8C3
:10DBB000F8831B882B80EFE7A2682369A07D84F897
:10DBC0001580921B9B1BA260236180F00100BDE8C1
:10DBD000F883A3681B786B70C2E739463246284643
:10DBE000E2F780FBA1684A46A819E2F77BFBB7E79A
:10DBF0002DE9F04182B004460191042100F020FBA0
:10DC000001462046677D00F05FFB0421204600F0BE
:10DC1000B7FA002839D1D4E90135AB4230D95E1BBF
:10DC2000A3602369C6F104083344236141462046BA
:10DC300000F0B2FA00284CD0237D012B63D09DF870
:10DC400007302B70002E51D09DF806306B70012EDE
:10DC500050D09DF80530AB70022E4FD09DF80430A7
:10DC6000EB702369A268A07D04339E1B4244042309
:10DC700080F00100A2602661637502B0BDE8F0810A
:10DC80000421204600F088FAD0B1237D012BA3683F
:10DC90001CD09DF807201A70A3689DF806205A70C2
:10DCA000A3689DF805209A70A3689DF80420DA7097
:10DCB000A2682369043204330421A26023616175E0
:10DCC000A07D80F0010002B0BDE8F081019A1A60E9
:10DCD000EEE7A2682369A07D6775921B9B1B80F00D
:10DCE0000100A260236102B0BDE8F081A3689DF845
:10DCF00006201A70A3689DF805201A70A3689DF885
:10DD000004201A70ADE7284601AD29463246E2F7F5
:10DD1000E9FAA0684246A919E2F7E4FAA1E700BFD0
:10DD20002DE9F8430D460421044600F089FA014626
:10DD3000204694F8158000F0C7FA0421204600F030
:10DD40001FFA002838D1D4E90176B7422FD92369C8
:10DD5000A760BF1B3B44C7F1040923614946204625
:10DD600000F01AFA002846D0237D012B5CD0F3780E
:10DD70002B70002F4CD0B3786B70012F05F102038C
:10DD80004AD07378AB70022F05F1030348D0337883
:10DD9000EB702369A268A07D042104334A44DB1B95
:10DDA0006175A260236180F00100BDE8F883042161
:10DDB000204600F0F1F9B0B1237D012BA36817D004
:10DDC000DB782B70A3689B786B70A3685B78AB7073
:10DDD000A3681B78EB70A268236904320433042122
:10DDE000A26023616175A07D80F00100BDE8F88329
:10DDF0001B682B60EFE7A2682369A07D84F815807B
:10DE0000D21BDB1BA260236180F00100BDE8F88318
:10DE1000A3689B786B70AB1CA268527803F8012B47
:10DE2000A26812781A70B4E731463A462846E2F7FB
:10DE300059FAA1684A46E819E2F754FAA9E700BF7F
:10DE40002DE9F0430E4683B0082104468DED000B0A
:10DE500000F0F6F90146204694F8158000F034FAF7
:10DE60000821204600F08CF900284DD1D4E9015753
:10DE7000BD4244D92369A560ED1B2B44C5F10809B7
:10DE800023614946204600F087F9002872D0012E10
:10DE900000F09B809DF807303B70002D78D09DF8F6
:10DEA00006307B70012D77D09DF80530BB70022DB8
:10DEB00076D09DF80430FB70032D75D09DF80330AB
:10DEC0003B71042D74D09DF802307B71052D73D009
:10DED0009DF80130BB71062D72D09DF80030FB71AA
:10DEE0002369A268A07D08335D1B4A44082380F0A3
:10DEF0000100A2602561637503B0BDE8F0830821CD
:10DF0000204600F049F948B3012E2DD0A3689DF8B2
:10DF100007201A70A3689DF806205A70A3689DF820
:10DF200005209A70A3689DF80420DA70A3689DF814
:10DF300003201A71A3689DF802205A71A3689DF806
:10DF400001209A71A3689DF80020DA71A268236904
:10DF5000083208330821A26023616175A07D80F03A
:10DF6000010003B0BDE8F0836B4603CBA3681860E3
:10DF70005960EBE7A2682369A07D84F81580521BE5
:10DF80005B1B80F00100A260236103B0BDE8F08359
:10DF9000A3689DF806201A70A3689DF805201A70E2
:10DFA000A3689DF804201A70A3689DF803201A70D6
:10DFB000A3689DF802201A70A3689DF801201A70CA
:10DFC000A3689DF800201A708AE76E4631462A46FB
:10DFD0003846E2F787F9A0684A467119E2F782F9F4
:10DFE0007EE700BF2DE9F0470F460821044615469D
:10DFF00000F026F90146204694F8159000F064F9E7
:10E000000821204600F0BCF8002859D1D4E9016865
:10E01000464550D92369A660A6EB08063344C6F1ED
:10E02000080A23615146204600F0B6F8002873D054
:10E03000012F00F09A8098F807302B70002E78D0CE
:10E0400098F806306B70012E05F1020375D098F830
:10E050000530AB70022E05F1030372D098F804303E
:10E06000EB70032E05F104036FD098F803302B7189
:10E07000042E05F105036CD098F802306B71052E63
:10E0800005F1060369D098F80130AB71062E05F151
:10E09000070366D098F80030EB712369A268A07D71
:10E0A00008339E1B082352446375A260266180F0EA
:10E0B0000100BDE8F0870821204600F06DF808B3A4
:10E0C000012FA36823D0DB792B70A3689B796B7039
:10E0D000A3685B79AB70A3681B79EB70A368DB78EE
:10E0E0002B71A3689B786B71A3685B78AB71A36895
:10E0F0001B78EB71A2682369083208330821A260FB
:10E1000023616175A07D80F00100BDE8F0871A6889
:10E110005B686B602A60EDE7A2682369A07D84F8E4
:10E120001590921B9B1BA260236180F00100BDE84B
:10E13000F087A3689B796B70AB1CA268527903F8D7
:10E14000012BA268127903F8012BA268D27803F898
:10E15000012BA268927803F8012BA268527803F889
:10E16000012BA26812781A7097E74146324628467A
:10E17000E2F7B8F8A1685246A819E2F7B3F88CE7BD
:10E18000837D3BB9D0E901031944884234BF0020A4
:10E190000120704700207047837D43B9D0E90121F9
:10E1A000914210B5044605D20123184610BD002344
:10E1B0001846704782693AB1C169904780F00103FF
:10E1C000DBB2A075184610BD0120A075FAE700BFAC
:10E1D000C0E90612704700BF10B4019C01600A44F8
:10E1E00042600A191C44C0E9033482609DF808307B
:10E1F00003750022C0E906225DF8044B4275827562
:10E20000704700BF10B582B0049C009401240194B3
:10E21000FFF7E2FF02B010BD10B582B000240094F9
:10E22000FFF7F0FF02B010BD0023FFF7F5BF00BFFE
:10E23000B0FBF1F303FB1100081A013908407047E5
:10E24000437D8B4208D20069B0FBF1F301FB130060
:10E25000081A0139084070470020704738B5044655
:10E260000D46FFF7EDFFA368216965751A1863680D
:10E270009342084428BF13462061A36038BD00BF05
:10E2800082680068101A7047D0E90120101A7047A0
:10E2900038B5837D63B9D0E901329A4204460D4610
:10E2A00008D339B1836963B1C1699847A07508B1D2
:10E2B000002038BD2046FFF7E7FFA84228BF2846C8
:10E2C00038BD01238375F3E738B504460D46FFF7E3
:10E2D00057FF78B12369A2682B44236101232A44A4
:10E2E0006375A26038BDA2682369024403442D1AF5
:10E2F000A2602361294601222046FFF7C9FF0028BA
:10E30000F1D10123637538BD70B515460E46017D08
:10E310000446FFF7EBF80DB9012070BD217D2B46B7
:10E3200032462046BDE8704003F018B82DE9F041B0
:10E330001D4616460F461A46017D0446FFF7FEF9B4
:10E340002B689E423CBF0122A27513B90120BDE893
:10E35000F081217D3A462046BDE8F04103F030B817
:10E3600070B515460E46017D0446FFF7BFF80DB99E
:10E37000012070BD217D2B4632462046BDE870400D
:10E3800003F082B82DE9F0411D4616460F461A46A5
:10E39000017D0446FFF7D2F92B689E423CBF012263
:10E3A000A27513B90120BDE8F081217D3A462046CF
:10E3B000BDE8F04103F0CCB870B515460E46017DBE
:10E3C0000446FFF793F80DB9012070BD217D2B465F
:10E3D00032462046BDE8704003F0ECB82DE9F0412C
:10E3E0001D4616460F461A46017D0446FFF7A6F95C
:10E3F0002B689E423CBF0122A27513B90120BDE8E3
:10E40000F081217D3A462046BDE8F04103F026B96F
:10E4100010B500238EB0CDE901320323009304220E
:10E4200006AB0446039101F02DFA18B904462046C4
:10E430000EB010BD029905AA204601F059FB05A9AE
:10E44000044606A802F0E2FD20460EB010BD00BF53
:10E4500010B5C2F3074C8CB0CDE90221BCF1010F1D
:10E460000CBF03F0010200220E339DF83810019119
:10E470001A4401230093039904AB92B2044601F0BD
:10E4800001FA18B9044620460CB010BD02990F9A43
:10E49000204601F02DFB0F99044604A802F012FD5E
:10E4A00020460CB010BD00BF70B5ADF5167D11ACA7
:10E4B000ADF854320323CDE9022123729A9B9DF8D3
:10E4C0006C6201220021054622718DF81410CBB137
:10E4D0008DF81C2008934FF4007215A909A8FFF7C6
:10E4E000A3FE05A909A802F067F80D9B0096019408
:10E4F000DDE90221E36028469BB2FFF7A9FF0DF595
:10E50000167D70BD8DF81C30E5E700BF70B5ADF528
:10E51000187DCDE903320591054697A918460223D7
:10E520009DF878628DF8503000F00AFA9C9B0693B3
:10E530009D9B0A9303238DF8543001234FF40072FE
:10E540008DF8243017A900230BA88DF81C30FFF795
:10E550006BFE06A90BA802F051F80F9B169313ACA3
:10E56000DDE90421009601949BB22846FFF770FF75
:10E570000DF5187D70BD00BFF0B5ADF28C4D0546B0
:10E5800005911846032692A9CDE903329DF8A0749F
:10E590008DF83C6000F0D4F900234FF4007212A90A
:10E5A00006A88DF84C328DF854328DF84060FFF794
:10E5B0003BFE93A906A802F0D5F80A9B11930EAC76
:10E5C000DDE90421009701949BB22846FFF740FF44
:10E5D0000DF28C4DF0BD00BF70B5ADF5916DCDE97C
:10E5E00003320591054692A9184604239DF89864C4
:10E5F0008DF83C3000F0A4F900234FF400728DF840
:10E600004C328DF8543212A9032306A88DF84030FD
:10E61000FFF70AFE93A906A802F054F90A9B11938A
:10E620000EACDDE90421009601949BB22846FFF769
:10E630000FFF0DF5916D70BD2DE9F041ADF5227D17
:10E640001DACCDE90332BDF8A85205910646A1A93B
:10E650001846052323719DF8AC82032700F070F95A
:10E66000A89827720EA900F06BF90023ADF844506A
:10E670009DF8A5228DF86430003D18BF01258DF866
:10E6800046308DF84C308DF85430ADF840300123D1
:10E690008DF842508DF83A308ABBADF840304FF0DB
:10E6A000230E4FF0130C0B252122112109209DF878
:10E6B000A63223B9ADF840707246614628469DF8EF
:10E6C000A432012B25D0032B29D02BB34FF4007299
:10E6D00021A906A8FFF7A8FD0EA906A802F0A4F933
:10E6E0000A9BCDF800800194DDE90421E360304607
:10E6F0009BB2FFF7ADFE0DF5227DBDE8F0814FF036
:10E70000220E4FF0120C0A25202210210820022789
:10E71000CDE7ADF84010D9E7ADF84000D6E7ADF849
:10E720004020D3E72DE9F041ADF5247D1FACCDE9C4
:10E730000332BDF8B05205910646A3A91846062338
:10E7400023719DF8B482032700F0FAF8AA98277283
:10E750000EA900F0F5F80023ADF844509DF8AD2265
:10E760008DF87030003D18BF01258DF864308DF8AC
:10E7700046308DF84C308DF85430ADF840300123E0
:10E780008DF842508DF83A308ABBADF840304FF0EA
:10E79000230E4FF0130C0B252122112109209DF887
:10E7A000AE3223B9ADF840707246614628469DF8F6
:10E7B000AC32012B25D0032B29D02BB34FF40072A0
:10E7C00023A906A8FFF730FD0EA906A802F0F0F86D
:10E7D0000A9BCDF800800194DDE90421E360304616
:10E7E0009BB2FFF735FE0DF5247DBDE8F0814FF0BB
:10E7F000220E4FF0120C0A25202210210820022799
:10E80000CDE7ADF84010D9E7ADF84000D6E7ADF858
:10E810004020D3E770B5ADF51A7DCDE903320591FF
:10E82000054699A9184607239DF894628DF858303B
:10E8300000F086F89E9B06939F9B0793A09B0893EE
:10E84000A29B0C93A19B0A9301234FF400728DF8B5
:10E850002C308DF8243019A903230DA88DF85C30D5
:10E86000FFF7E2FC06A90DA802F00AF9119B189324
:10E8700015ACDDE90421009601949BB22846FFF710
:10E88000E7FD0DF51A7D70BD70B5ADF51A7DCDE9CA
:10E8900003320591054699A9184608239DF894620C
:10E8A0008DF8583000F04CF89E9B06939F9B079381
:10E8B000A09B0893A29B0C93A19B0A9301234FF466
:10E8C00000728DF82C308DF8243019A903230DA87F
:10E8D0008DF85C30FFF7A8FC06A90DA802F004F93A
:10E8E000119B189315ACDDE90421009601949BB2AD
:10E8F0002846FFF7ADFD0DF51A7D70BD82B00023EF
:10E900008DF80610BDF8062060F30F0362F31F4375
:10E91000184602B0704700BF4378017882B003F018
:10E920000F028DF806201B09BDF8062003EB01132A
:10E93000002063F30F0062F31F4002B0704700BF76
:10E940000246C0F3034382B0C2F30B1C03EB021078
:10E9500081F800C0487002B0704700BF00B58BB0AE
:10E960000146042202A8FFF75FFC0DF105030DF13B
:10E97000060201A902A801F03DFA9DF804300D2B12
:10E9800003D000200BB05DF804FB9DF8053013F0B8
:10E99000020F14BF022001200BB05DF804FB00BF82
:10E9A00070B50025ADF5347D04464FF424720E4653
:10E9B00010A82946CDE90355E1F72EFD03A93046FD
:10E9C00002F010FBBDF80C30ADF84030204601F0ED
:10E9D00087F82B4600900C2205A908A8FFF712FC27
:10E9E00010A908A802F070FB089B2A462946204679
:10E9F00001F020F808A8FFF743FC236F024605A9A1
:10EA0000D3E90004A0470DF5347D70BD70B592B018
:10EA100005460E46144601F063F805A90090002350
:10EA20000AA81122FFF7EEFB182202FB0454002370
:10EA3000052250340A210AA801F0C2F903A9204690
:10EA400003F0DEF840BAADF80E0003A90AA88DF86D
:10EA5000106002F0A9FB00220A9B1146284600F034
:10EA6000E9FF0AA8FFF70CFC2B6F024605A9D3E9C2
:10EA70000004A04712B070BD10B59FED0D7B0023C0
:10EA8000C0E91C130446C0E91E33C0E92033C0E9C5
:10EA90002233C0E9243380ED267B80F8A030812129
:10EAA00000F034FF04F10800BDE8104001F0A4B804
:10EAB0000000000000000000C0E92012704700BF05
:10EAC000C0E92212704700BFC0E92912704700BF99
:10EAD000C0E92B12704700BF10B584B0CDE900210A
:10EAE000044600F0FDFFDDE90021034604F10800C3
:10EAF00004B0BDE8104001F0C9B800BF10B588B03F
:10EB0000CDE904210446039300F0EAFFDDE9033276
:10EB10000090059904F1080001F0CCF80022C3B27E
:10EB200063F30702C0F3072363F30F22C0F3074325
:10EB300063F31742030E63F31F62104608B010BD63
:10EB400082B0083002B001F0CFB800BF10B584B079
:10EB50000B4C0094083001F0DDF80022C3B263F3DF
:10EB60000702C0F3072363F30F22C0F3074363F3E5
:10EB70001742030E63F31F62104604B010BD00BFBE
:10EB80005DE9010810B50446FEF7AAF9D4E9263478
:10EB9000C01A044A4FF0000361EB0401F5F7EEFBE5
:10EBA00010BD00BF40420F0010B50446FEF798F9B3
:10EBB000D4E92632C01A61EB020110BD2DE9F047FD
:10EBC000037E84B00446002B35D04FF00009484640
:10EBD0000DF1020803AF02AE06E0237E09F1010940
:10EBE0005FFA89F0834226D90122114604EB001511
:10EBF00000F0AEFF0835844643463A463146284683
:10EC0000CDF804C003F082F80028E6D0029BBDF8DE
:10EC100002209DF80410204600F00CFF236F039A99
:10EC20005D6818680299A84709F10109237E5FFA17
:10EC300089F08342D8D894F848308BB34FF000095C
:10EC40000DF1020803AF02AE48460122022100EB9B
:10EC5000800500F07DFF04EBC505203501900DE037
:10EC6000BDF802209DF80410029B00F0E3FE236F24
:10EC7000039AD3F804A002991868D04743463A464D
:10EC80003146284603F060FA03462046002BE7D1C0
:10EC900094F8483009F101095FFA89F08342D4D829
:10ECA00004B0BDE8F08700BF2DE9F0410D46ADF599
:10ECB000247D69460746284602F0A2F802A90446C8
:10ECC00028469DF80580FEF74BF99DF80830044072
:10ECD000E4B25BB987A92846FEF742F99DF81C32D9
:10ECE00006464BB90DF5247DBDE8F08103A9284601
:10ECF00001F02EFF0440EDE788A92846FEF75EF9F3
:10ED00003442EFD00028EDD09DF820320D2BE9D110
:10ED10008AA92846FEF7F8FE40B1BDF92832002B3B
:10ED200007DDB8F1000F14BF0120022087F8B500FD
:10ED3000D8E70020FAE700BF2DE9F04F97B0C14EA9
:10ED4000099204460D464FF001080DF12F030CAA5D
:10ED50000DF12E01284601F04DF8002800F03E810B
:10ED60009DF82E309DF82620023B0D2BEDD801A1F9
:10ED700051F823F0D3EF01084BED0108C3EF010870
:10ED800061EF010857EF01084BED01084BED010859
:10ED9000B7EE010847EE010807EE01084BED010848
:10EDA0004BED01084BED0108ADED010810A9284617
:10EDB00002F058FAD4F89090B9F1000F00F01681E3
:10EDC000FEF78EF8159F02460B46149800218C46DC
:10EDD000C0FB067CCDE9047C1098119F8C46C0FBDB
:10EDE000067CE246BC46DDE91207C0FB0671CDE9B0
:10EDF00002CACDE90071D4F8941006912046C847A4
:10EE000084F8A080A1E710A9284602F00BFA00219F
:10EE10009DF8440000F0C6FEC0F307270F90394666
:10EE200004F1080000F0ACFF00288ED0BDF84010BF
:10EE3000BDF8422002F0D8FE9DF83C103A4620462C
:10EE4000FFF7E4FD81E710A9284602F0C3F900218D
:10EE50009DF8440000F0A6FE0D90C0F3072104F1D8
:10EE6000080000F079FF074600283FF46EAF9DF8D8
:10EE700042309DF84310BDF8402001EB032189B2D8
:10EE800003F00CFA384603F0C9F90DF1380AADF871
:10EE9000320006E0236F0F9AD3F804900E99186899
:10EEA000C8470DF132030FAA5146384603F0B8F9AE
:10EEB0000028EFD149E79DF825308DF835300DF168
:10EEC000380A9DF827308DF8373051469DF82430A8
:10EED000BDF830709DF82F908DF8362028468DF8BB
:10EEE000343001F0D7FE50460FA90DF1320200F088
:10EEF0001DFED4F880B00F99BDF832A01091043FE8
:10EF000009F00E09BFB2BBF1000F06D0D4F884306F
:10EF10000093524600232046D847E26F6AB1606FE3
:10EF20000021023802E00131914206D030F8023F60
:10EF30005345F8D1A36F00225A54BDF83210029104
:10EF40000F9901910D9900914B463A46294620466A
:10EF500003F062FAF9E629462046FFF7A5FEF4E63B
:10EF6000002A3ED010A9284602F090F80EA90DAA5A
:10EF700010A800F0DBFDD4F880A00E999DF8449015
:10EF8000BDF834700F91BAF1000F06D0D4F8843078
:10EF900000933A464B462046D047E26F002A3FF4A2
:10EFA000D4AE606F0021023803E0013191423FF49A
:10EFB000CCAE30F8023FBB42F7D1A36F03F801900B
:10EFC000C3E6002A7FF4C1AE2946204600F0F4FCD7
:10EFD000BBE629462046FFF7E3FCB6E617B0BDE8DE
:10EFE000F08F2946204600F0F3FCAEE6FDF778FFEF
:10EFF000149B159A4F46C3FB06271218129B1398B1
:10F0000047EB01014F46C3FB06073B468446DDE95B
:10F010001070C7FB06091CEB000C4F4643EB0703BF
:10F02000B2EB0C0C61EB0303DA0F12EB0C0243F1B1
:10F030000003520842EAC3725B10C4F89820C4F877
:10F040009C30DDE600CA9A3B2DE9F04F0B1E9DB0C7
:10F05000B8BF6FF0004380460593FDF727FF98F88F
:10F0600048208146002A00F0A18000266FF000436E
:10F070004FF0FF3B039330460F460FE0D3E90E23DA
:10F0800003995A4506F1010673EB0101F0B201DA6A
:10F090009346039398F84830834260D900EB80048C
:10F0A0000221012200F054FDE40004F12005454452
:10F0B00001463B464A462846099103F085F808EB8D
:10F0C00004030028DAD09DF824309DF825500493DD
:10F0D000404600F005FD01350DF1500A05EB8505B0
:10F0E00008EBC5050023112200900CA95046FFF73C
:10F0F00089F8002305220B21504600F061FE688943
:10F10000012103F053FA2B89ADF82A300246049B03
:10F11000ADF828200AA950468DF82C3002F06EF880
:10F1200000221146149B404600F084FC5046FFF735
:10F13000A7F8D8F8703002460CA9D3E9000544447A
:10F14000A847D4E90E2303995A4506F1010673EB4B
:10F150000101F0B29CDB98F8483083429ED8039AB4
:10F160006FF000439A4208BFBBF1FF3F1ED0ABEBEC
:10F1700009030599D8F87020002B08BF0123994294
:10F18000A8BF19469468106889460B4608AA07A9C3
:10F19000A04768B9059BA3EB0903002B05933FF734
:10F1A0005CAF044620461DB0BDE8F08F059BE0E74C
:10F1B000DDE9071204460CA8FFF736F800250DF12B
:10F1C0001A0306AA0CA940468DF8185000F046FC18
:10F1D00018B920461DB0BDE8F08F29469DF81800EB
:10F1E00000F0E0FCC0F30745012DCDE90900BDF8B2
:10F1F0001AA0C0F307264BD0022D0FD0002DE8D166
:10F200002946284600F0CEFC0CA9024640460A9248
:10F21000FFF792FD20461DB0BDE8F08F314608F1A2
:10F2200008009DF8249000F0ABFD074638B30E9A15
:10F2300003920CA8FFF728F803460DF1190000907F
:10F24000039A5146384602F0D5FBC0B19DF81930FB
:10F2500093B314AD4FF0020A0AE08DF828908DF8B0
:10F2600029608DF82AA00A9A29464046FFF764FDD6
:10F2700004222946384602F03DFC0028EDD14046E4
:10F2800032464946FFF7C2FB20461DB0BDE8F08F6D
:10F29000314608F1080000F069FD002899D0514678
:10F2A00002F014FB002894D08DF82A500A9A0CA979
:10F2B0004046FFF741FD8CE78DF82A500A9A0CA9C9
:10F2C0004046FFF739FDC4E770B504460D46FDF72B
:10F2D000EDFD06462046FFF771FC29462046FFF764
:10F2E000B3FEFDF7E3FD831BE91A0029F6DC04F108
:10F2F0000800BDE8704000F04DBD00BF70B5044689
:10F300000D46FDF7D3FD06462046FFF757FC0023C8
:10F3100084F8B430294605E0FDF7C8FD831BE91ADF
:10F32000002907DD2046FFF78FFE94F8B40000287F
:10F33000F2D070BD94F8B40070BD00BF2DE9F0416B
:10F3400006460D46FDF7B2FD07463046FFF736FC90
:10F35000002D06F10808A8BF2C4607DA0EE0FFF7DB
:10F3600073FEFDF7A3FDC31BEC1A07D4404600F063
:10F3700011FD034621463046002BF0D04046BDE843
:10F38000F04100F007BD00BF2DE9F843089C064698
:10F390000F4691461D46FFF711FC24B12246FF217E
:10F3A0002846E1F739F8C6E91D95F467FDF77EFDBB
:10F3B000013DA9F10209804639463046FFF744FE77
:10F3C000FDF774FDA0EB0800391A44B32846AC469B
:10F3D000012302E0A3420DD201331CF801EFBEF17C
:10F3E000FF0FF7D1A34239F8132013D2002AF3D02C
:10F3F0000029E2DC0023F3672C4401E0012B12D842
:10F4000010F8013F8442F9D1012B8CBF002001206C
:10F41000BDE8F8830029EDDD002ACED1EAE7F467E4
:10F420000120BDE8F8830020BDE8F883000000005B
:10F43000F0B593B004460D4600F052FB14220DEBDC
:10F440000201009000230AA8FEF7DCFE0023082238
:10F450000E210AA800F0B4FCFDF742FD1CA3D3E97D
:10F4600000230E460746F4F789FF3146039018A3A0
:10F47000D3E900233846F4F781FF03A90AA80492D0
:10F4800001F0E2FE002211460A9B204600F0D2FA6B
:10F490000AA8FEF7F5FE236F024605A9D3E9000688
:10F4A000B047FDF703FD0023064684F8A030294647
:10F4B00000E050B92046FFF7C7FDFDF7F7FC831BBE
:10F4C000E91A002994F8A000F3DC13B0F0BD00BFE6
:10F4D00000CA9A3B000000002DE9F04F04469DB0A1
:10F4E000FF2060710393002B00F0B6808A4691469E
:10F4F0004FF0000B236F4A46D3E900055146A84759
:10F50000FDF7D4FC4FF47A73054609E0FDF7CEFC15
:10F51000401BC0F57A73002B40DD6079FF2845D190
:10F52000226F08A99668106809AAB0470028EDD094
:10F53000DDE908120CA8FEF777FE00260DF11E0388
:10F5400007AA0CA920468DF81C6000F087FA002855
:10F55000DCD031469DF81C0000F024FBC0F30747C7
:10F56000BDF81E300293012FCDE90A00C0F3072633
:10F570005CD0022F20D0002FC8D13946384600F089
:10F5800011FB0CA902460B902046FFF7D5FBFDF7B7
:10F590008DFC401BC0F57A73002BBEDC039B6079A9
:10F5A0000BF1010B5B4501D0FF28A3D0FF3818BF3A
:10F5B00001201DB0BDE8F08F9DF82830049331463E
:10F5C00004F1080000F0DCFB804648B30E9A059277
:10F5D0000CA8FEF759FE03460DF11D000090059A98
:10F5E0000299404602F006FAD0B19DF81D30002B7A
:10F5F0003AD0049F0AE04FF002038DF82C708DF88A
:10F600002D608DF82E300B9AFFF796FB14A904227B
:10F61000404602F06FFA034614A92046002BEAD1B7
:10F62000049932462046FFF7F1F96FE7314604F1BD
:10F63000080000F09BFB00283FF468AF029902F03D
:10F6400045F900283FF462AF8DF82E700B9A0CA993
:10F650002046FFF771FB59E7236FD3E90004A04769
:10F6600001201DB0BDE8F08F8DF82E700B9A0CA90B
:10F670002046FFF761FBBCE730B58FB004460D466E
:10F6800000F02EFA00231022009002A906A8FEF72F
:10F69000B9FD06A9204600F073F900221146069B29
:10F6A000204600F0C7F906A8FEF7EAFD2B46024601
:10F6B00002A92046FFF710FF18B16079B0FA80F078
:10F6C00040090FB030BD00BF2DE9F04F00F1080B2D
:10F6D000ABB00446584600F099FA204600F000FA14
:10F6E000002300901C220BA912A8FEF78BFD236FAC
:10F6F0001A8A043A92B212A9204600F017F9129918
:10F70000204600F083F912A8FEF7BAFDFF236371CB
:10F710000A23DA4603938346236F5A46D3E900054A
:10F720000BA9A847FDF7C2FB4FF47A73054609E021
:10F73000FDF7BCFB401BC0F57A73002B627938DD06
:10F74000FF2A3CD1226F07A99668106808AAB04723
:10F750000028EDD0DDE907121AA8FEF765FD0026A6
:10F760000DF11A0306AA1AA920468DF8186000F0B8
:10F7700075F90028DCD031469DF8180000F012FA27
:10F78000C0F30746012ECDE90900BDF81A90C0F379
:10F79000072753D0022E18D0002EC9D1314630464B
:10F7A00000F000FA1AA902460A902046FFF7C4FAB0
:10F7B000BEE7039B013B039301D0FF2AACD0002A94
:10F7C00051D000202BB0BDE8F08F9DF82430049379
:10F7D0003946504600F0D4FA804648B31C9A059248
:10F7E0001AA8FEF751FD03460DF119000090059A85
:10F7F0004946404602F0FEF8D0B19DF81930002B82
:10F8000038D0049E0AE04FF002038DF828608DF88E
:10F8100029708DF82A300A9AFFF78EFA22A904225D
:10F82000404602F067F9034622A92046002BEAD1A0
:10F8300004993A462046FFF7E9F879E739465046F9
:10F8400000F094FA00283FF473AF494602F03EF806
:10F8500000283FF46DAF8DF82A600A9A1AA9204655
:10F86000FFF76AFA64E7504600F0D0F901202BB0A8
:10F87000BDE8F08F8DF82A600A9A1AA92046FFF792
:10F880005BFABEE72DE9F04782B082461046154686
:10F890001E469DF828709DF82C800191C1F3072425
:10F8A00000F0CEFA9DF8063005F10409012B8144E1
:10F8B0001DD0022B16D121460AF1080000F04CFAA7
:10F8C000044658B14946324602F0D0FA04462CB1FB
:10F8D0004346AAB23946304600F072FA204602B0DA
:10F8E000BDE8F0870024204602B0BDE8F08721463D
:10F8F0000AF1080000F028FA04460028EED0494634
:10F90000324602F0E3F90446E1E700BF130E43700C
:10F91000C2F30723C2F3074C0170C3700921FF2310
:10F9200080F802C00271C1804371704730B589B060
:10F930000023124D0793ADF81C2001220193C280D1
:10F940008DF804202A680092AA88ADF80620D0F825
:10F95000012002920C460278039319468DF80C2080
:10F9600020461022CDE90433069300F029FA6946B7
:10F97000204601F0A5FA09B030BD00BF08360208E4
:10F9800010B50C4B82B0B3F808C0ADF806C00C46F9
:10F9900002224FF40073C280ADF804300422002329
:10F9A0000321204600F00CFA01A9204601F02EFBAD
:10F9B00002B010BD0836020810B588B004460846EB
:10F9C00001A901F033FB9DF80430637108B010BD4C
:10F9D00010B5044684B0084602A901F057FBE3883D
:10F9E000022B01D004B010BD0DF10A00FEF794FF08
:10F9F0009DF808209DF8093003EB02239BB2022BEF
:10FA000004BF9DF80C30637104B010BD10B508221E
:10FA10008AB004460DEB0200FEF706FC14F8011B49
:10FA2000009400231A4601F0800102A800F092FB26
:10FA30000AB010BD30B58DB004460D46039219468C
:10FA400004A80822FEF7F0FB14F8011B039B0094A6
:10FA50002A4604A800F07EFB0DB030BD2DE9F04130
:10FA6000074684B008460C4615461E46FEF70CFCB9
:10FA7000082803D8002004B0BDE8F0810DF10C087F
:10FA800033462A46CDF8008020460DF10B0100F0E8
:10FA90007FFB3A789DF80B309342EBD11B061CD4C8
:10FAA0009DF80C207B789A4203D0012080F0010061
:10FAB000E1E79DF80D20BB789A4207F10201F4D1ED
:10FAC0009DF80E2011F8013F9A42EED19DF80F20CB
:10FAD0004B789A42E9D10020E8E70120CBE700BF4C
:10FAE00090F90030002BACBF08200420704700BF05
:10FAF00010B5C38882B04FF6F4740191A3F10A01E6
:10FB000089B2A1420ED801339CB2C3F30721DBB204
:10FB1000C480019811705370911CFEF711FF2046AC
:10FB200002B010BD0A2300211C46F1E770B504465F
:10FB300002300D461646FEF7EFFEC0F30F43288055
:10FB40006B802278637803EB0223338070BD00BFA3
:10FB5000012982B01DD002294FF0000C1ED00023D5
:10FB60006CF3070360F30F2361F3174362F31F6322
:10FB7000DAB2002062F30700C3F3072262F30F201A
:10FB8000C3F3074262F317401B0E63F31F6002B01A
:10FB9000704700F1010C5FFA8CFCE0E780F0800C0C
:10FBA000DDE700BF82B030B1030620D4421ED2B2DE
:10FBB0004FF0010C01E084460246002360F3070386
:10FBC00062F30F236CF3174361F31F63DAB2002073
:10FBD00062F30700C3F3072262F30F20C3F3074267
:10FBE00062F317401B0E63F31F6002B0704780F092
:10FBF00080024FF0020CE0E70023037480F84030ED
:10FC000080F8443080F86030704700BF70B5037CE6
:10FC1000044653B106460025304602F051F8237CD5
:10FC20000135AB4206F11006F6D894F8443063B1C2
:10FC300004F142060025304601F044FE94F84430B9
:10FC40000135AB4206F10206F5D894F8403063B1B5
:10FC500004F118060025304602F0DEF894F8403032
:10FC60000135AB4206F12806F5D894F8603063B14F
:10FC700004F148060025304601F098FE94F8603003
:10FC80000135AB4206F11806F5D870BD10B5047CFD
:10FC900004F1010C82B080F810C000EB041002F0F7
:10FCA00005F801221146204602B0BDE81040FFF7DA
:10FCB0004FBF00BF10B584B084469DF81800009077
:10FCC0009CF84040282000FB04C004F1010E1830CD
:10FCD0008CF840E002F068F801220221204604B0CE
:10FCE000BDE81040FFF734BF10B590F8444003461C
:10FCF000621C04F1210082B003EB400083F8442031
:10FD000001F0DCFD00220121204602B0BDE81040D8
:10FD1000FFF71EBF10B584B08446069800909CF88B
:10FD20006040182000FB04C004F1010E48308CF83C
:10FD300060E001F00FFE00220221204604B0BDE881
:10FD40001040FFF705BF00BF037C8B428CBF00EB68
:10FD500001100020704700BF90F840308B4283BFF5
:10FD6000282303FB010018300020704790F844302E
:10FD70008B4286BF213100EB41000020704700BF5D
:10FD800090F860308B4283BF182303FB010048309A
:10FD90000020704790F8403083B170B5064600F1FE
:10FDA0001805002401E0283538B1284602F0A4FAED
:10FDB00096F840300134A342F5D870BD0120704759
:10FDC000F8B504460E46042115461F46FEF746FACE
:10FDD000012347EA03023146237520462B4600F0F3
:10FDE000F7F92046FEF750FAA84234BF0020012060
:10FDF000F8BD00BF2DE9F04104460D46042116462A
:10FE00009846FEF72BFA2046FEF73EFA03288CBFF1
:10FE10000127002702D83846BDE8F0813346424624
:10FE20002046294600F0E8F998F8003003F0010276
:10FE300003F0FE0388F8003022753846BDE8F081F3
:10FE400010F0030018BFC0F1040070472DE9F04125
:10FE50000C468AB091F8C110064604F10800FFF77D
:10FE60007BFF054602F052FA68B9D4E92E312046EC
:10FE7000984718B901200AB0BDE8F081284602F081
:10FE800045FA0028F6D02989EB89287B6A68B2FBFD
:10FE9000F1F8B3FBF1F201FB1231C0F57F4089B2FA
:10FEA00008FB01F1FC30A8F10408D4F8C430404448
:10FEB00087B2DB1BC4F8C4302B68043119444246B6
:10FEC00051F8043C009302A80023FEF79BF9D4F8F4
:10FED000C42002F10803434528D93A4600230D21E6
:10FEE00002A8FFF76DFF2989EB89B3FBF1F201FB53
:10FEF00012339BB26A68B2FBF1F202FB03F32A6889
:10FF000042F80380E889012102F050FB0499039A2A
:10FF1000E881521A3046FEF787F930460F492246EB
:10FF2000FEF756F900200AB0BDE8F08192B2022334
:10FF30000D2102A8FFF744FF2889EB89B3FBF0F1FC
:10FF400000FB1133D4F8C4206968B1FBF0F19BB217
:10FF500001FB03F329680832CA50D3E74DFE0108BC
:10FF6000F0B587B0072702920C9A0391002504325E
:10FF7000CDE900751C460646FFF784FC80F00102BF
:10FF8000D2B2A27512B1284607B0F0BD05AA0299F7
:10FF90003046FFF7ADFD05A90546204601F0F4F80F
:10FFA000D4E90121A669E769521A2046FEF73CF917
:10FFB00020463A463146FEF70BF9284607B0F0BD19
:10FFC0002DE9F04F91B0054605910830C1F30721A6
:10FFD0001E460492FFF7C0FE9DF81630012B00F07C
:10FFE00091800446002800F08D8002F08FF90028EF
:10FFF00000F083802289E789B7FBF2F902FB1979C7
:020000040802F0
:100000001FFA89F96368B3FBF2F22368039202FBDB
:1000100009F909F104099944237B59F8048C4345F3
:10002000A2F1040B7AD3ABF1040AAAEB030A5A46F5
:100030000023494608A8CDF80080FEF7E3F81A9B94
:100040001FFA8AFA524603F1080ADA4534BF02233E
:1000500000230D2108A8FFF7B3FE2189B7FBF1F2B9
:1000600001FB127292B26368B3FBF1F302FB03F37C
:100070002268384642F803B0012102F097FA039B48
:1000800008F10401A3F10802A2EB08024944074663
:100090003046FEF7C9F81A9BE7811A1DB2F5803F7A
:1000A00028BF0022002392B207213046FFF788FEC6
:1000B000049907AA2846FFF71BFD044618B307A9B1
:1000C000304601F061F8D6E901213046521AFEF7B8
:1000D000ABF8059BC5F8C0301B9BC5F8B8301C9B1E
:1000E0001B49C5F8C4A03046C5F8BC302A46FEF707
:1000F0006FF8204611B0BDE8F08F1C991B9B284675
:10010000984720B90024204611B0BDE8F08F204662
:1001100002F0FCF800287FF46DAFF3E738460121C8
:1001200002F044FA2189B0FBF1F201FB12091FFA37
:1001300089F26368B3FBF1F9236802FB09F909F15D
:10014000040999440746237B59F8048C6BE700BFE8
:100150004DFE0108F0B583B01646044601930D46E6
:10016000089FFCF715FF31462046FCF711FF019A66
:1001700001212046FCF7B8FF2B0601D503B0F0BDE6
:1001800004223946204603B0BDE8F04001F04AB9E8
:10019000F0B583B01646044601930D46089FFCF760
:1001A0000DFF31462046FCF709FF019A0121204648
:1001B000FDF78EF895F90030002B01DA03B0F0BDA1
:1001C00004223946204603B0BDE8F04001F08EB964
:1001D00030B583B0154604460193FCF7D9FE294695
:1001E0002046FCF7D5FE019A0121204603B0BDE868
:1001F0003040FCF779BF00BF30B583B015460446E8
:100200000193FCF7DBFE29462046FCF7D7FE019A56
:100210000121204603B0BDE83040FDF759B800BFCA
:100220002DE9F84304220E46054601F0FBF80222B0
:100230000746311D284601F0F5F838400222B11D6D
:10024000C7B2284601F0EEF80422074006F1080183
:10025000284601F0E7F8317B07402846FCF798FE76
:10026000717B07402846FCF765FE737B07EA0008B0
:100270003BB9B18B2846FCF7B7FE08EA0000BDE8A1
:10028000F88331692846FDF799F83369E3B1C0B1C5
:1002900037464FF0000901E0083794B179692846E4
:1002A00001F032FAB9690446284601F02DFA3369A3
:1002B00009F1010904409945E4B2EDD308EA0408C4
:1002C000D7E74FF00008D4E708EA0008D1E700BFFD
:1002D0002DE9F84304220C46054601F007F90222F5
:1002E0000746211D284601F001F938400222A11DD0
:1002F000C6B2284601F0FAF80422064004F10801CB
:10030000284601F0F3F804F10C0106402846FCF7FA
:1003100055FE04F10D0106EA00072846FCF720FE11
:10032000637B07403BB904F11C012846FCF75CFFE6
:100330003840BDE8F88304F110012846FDF76EF956
:100340002369012B03D90123AB750027EBE70BB31E
:100350000028FAD0A0464FF0000901E0002EF4D0AA
:10036000D8F814104FF40072284601F0DDF94FF46C
:1003700000720646D8F81810284601F0D5F923690E
:1003800009F101090640994508F10808F6B2E5D3DC
:100390003740C8E70740C6E72DE9F84304220F4677
:1003A000054601F03FF802220446391D284601F0B7
:1003B00039F820400222B91DC4B2284601F032F8B3
:1003C000397A04402846FCF7B5FD3B7A00EA040878
:1003D00013B94046BDE8F883F9682846FCF7EEFFFC
:1003E000FB6803B3D0B13E464FF0000901E0083688
:1003F000A4B13169284601F087F97169044628469D
:1004000001F082F9FB6809F1010904409945E4B261
:10041000EDD308EA04084046BDE8F8834FF0000831
:100420004046BDE8F88308EA0008D2E770B50D46FB
:1004300009780646FCF7ACFD044630B12B78022B58
:100440000CD0032B10D0012B08D0022205F502712D
:10045000304600F0E7FF2040C0B270BD696830460A
:1004600001F052F90446F0E72946304651F8042FCE
:100470000431FDF775FF0446E7E700BF70B50B7860
:10048000013B0C4605460D2B54D8DFE803F030073E
:100490001B1B07070707530C0C0C4E49BDE87040A7
:1004A0000431FFF7C3BF0979FCF772FDE8B1237986
:1004B000012B01D0022B3DD1A1682846BDE8704038
:1004C00001F022B90979FCF763FD064620B12379D2
:1004D000022B39D0032B2FD0022204F503712846BA
:1004E00000F0A0FF3040C0B270BD002070BD09799F
:1004F000FCF74EFD064658B12379022B03D0032B9F
:1005000028D0012B04D1A168284601F0FDF8064649
:10051000B4F90C122846FDF777FA3040C0B270BD2E
:10052000BDE870400431FFF77BBEBDE87040043188
:10053000FFF732BF012070BDA26804F10C0128460C
:10054000FDF70EFF0646C7E7A168284601F0DCF874
:100550000646C1E7A26804F10C012846FDF700FF3A
:100560000646D5E770B506460D46FCF727FD04465E
:1005700030B12B78022B0CD0032B12D0012B08D0DA
:10058000022205F50271304600F0B0FF2040C0B2F3
:1005900070BD69684FF40072304601F0C5F804463A
:1005A000EEE72B1D4FF4007205F108013046FDF710
:1005B000E9FE0446E4E700BF70B50D46097806463B
:1005C000FCF7B8FC2B7804464BB9297A3046FCF787
:1005D000B1FC2B7A0440E4B243B9204670BD69688F
:1005E000304601F091F80440E4B2EEE7E9683046A5
:1005F00001F08AF80440204670BD00BF70B50D467A
:100600000968064601F080F8297904463046FCF76F
:1006100091FC2B790440E4B243B9297B3046FCF7C6
:1006200089FC2B7B04403BB9204670BDA96830464D
:1006300001F06AF80440F0E72969304601F064F8F7
:100640000440E4B2204670BD2DE9F0410C46097823
:100650000646FCF76FFC237805466BB994F8281022
:100660003046FCF767FC94F828300540EDB2002BCB
:1006700069D12846BDE8F08161683046FCF79EFEEE
:100680006368002B6BD0002867D0A168304601F06A
:100690003BF86368012B53D900285ED0E1683046EF
:1006A00001F032F86368022B4AD9002855D021693D
:1006B000304601F029F86368032B41D900284CD05B
:1006C0006169304601F020F86368042B38D90028AE
:1006D00043D0A169304601F017F86368052B2FD984
:1006E00000283AD0E169304601F00EF86368062B25
:1006F00026D990B3216A304601F006F86368072BCB
:100700001ED950B3616A304600F0FEFF6368082BC3
:1007100016D910B3A16A304600F0F6FF6368092BC2
:100720000ED9D0B104F12C08092700E0A8B158F87F
:10073000041B304600F0E8FF626801379742F5D3AA
:100740000540EDB28AE7E26A04F130013046FDF778
:1007500007FE05402846BDE8F08100257EE72840D9
:10076000C5B27BE770B50D4609780646FCF7E2FB9B
:100770002B7804464BB9297A3046FCF7DBFB2B7A01
:100780000440E4B243B9204670BD6968304600F0C9
:10079000BBFF0440E4B2EEE705F10C013046FFF781
:1007A00053FF0440204670BD2DE9F0410C46097806
:1007B0000646FCF7BFFB237805466BB994F8281072
:1007C0003046FCF7B7FB94F828300540EDB2002B1B
:1007D00069D12846BDE8F08161683046FCF7EEFD3E
:1007E0006368002B6BD0002867D0A168304600F00A
:1007F0008BFF6368012B53D900285ED0E168304637
:1008000000F082FF6368022B4AD9002855D0216985
:10081000304600F079FF6368032B41D900284CD0A3
:100820006169304600F070FF6368042B38D90028F6
:1008300043D0A169304600F067FF6368052B2FD9CC
:1008400000283AD0E169304600F05EFF6368062B6D
:1008500026D990B3216A304600F056FF6368072B13
:100860001ED950B3616A304600F04EFF6368082B12
:1008700016D910B3A16A304600F046FF6368092B11
:100880000ED9D0B104F12C08092700E0A8B158F81E
:10089000041B304600F038FF626801379742F5D3F9
:1008A0000540EDB28AE7E26A04F130013046FDF717
:1008B00057FD05402846BDE8F08100257EE7284029
:1008C000C5B27BE770B50D4609780646FCF732FBEA
:1008D0002B7804464BB9297A3046FCF72BFB2B7A50
:1008E0000440E4B243B9204670BD6968304600F068
:1008F0000BFF0440E4B2EEE705F10C013046FFF7D0
:1009000053FF0440204670BD2DE96843884609889E
:100910008146FCF769FB98F8021006464846FCF74A
:1009200009FB98F802300640F5B2EBB998F80610CA
:100930004846FCF7FFFA98F8063005407BBB98F86C
:100940000C104846FCF7F6FA98F80C300540F3B95D
:1009500098F814104846FCF7EDFA98F81430054062
:100960004BB92846BDE86883B8F804104846FCF740
:100970003BFB0540DAE7D8F8182008F11C0148468F
:10098000FDF7EEFC2840C5B22846BDE86883D8F8DC
:1009900010104846FCF712FD2840C5B2D8E7D8F839
:1009A00008104846FCF70AFD2840C5B2C7E700BF5B
:1009B000F8B502220C46064600F034FDA178054643
:1009C0003046FCF7B7FAA3780540EDB20BB92846DC
:1009D000F8BD04F108013046FFF796FF94F82C109B
:1009E00007463046FCF7A6FA94F82C303840C7B2D8
:1009F0005BB994F838103046FCF79CFA94F838301C
:100A000007404BB93D402846F8BDD4E90C23304699
:100A1000FCF72AFF0740ECE7E16B304600F074FE7C
:100A20000740FFB2EEE700BFF8B502220D460646CA
:100A300000F0F8FCA97804463046FCF77BFAAB7866
:100A40000440E4B20BB92046F8BD05F10801304678
:100A5000FFF75AFF95F82C1007463046FCF76AFA64
:100A600095F82C303840C7B213B93C402046F8BD49
:100A7000D5E90C233046FCF7F7FE0740F5E700BF49
:100A80002DE9B8410F460968804600F03DFE7968BF
:100A90000546404600F038FEB9680540404600F083
:100AA00033FEECB20440397B4046FCF743FA3B7B13
:100AB00004404BB9397D4046FCF73CFA3B7D04408D
:100AC00043B92046BDE8B8813969404600F01CFEB4
:100AD0000440EFE7B969404600F016FE0440E4B276
:100AE0002046BDE8B88100BF2DE9B8410F4609682E
:100AF000804600F009FE79680546404600F004FE95
:100B0000B9680540404600F0FFFDECB20440397B77
:100B10004046FCF70FFA3B7B04404BB9397D404619
:100B2000FCF708FA3B7D044043B92046BDE8B88194
:100B30003969404600F0E8FD0440EFE7B9694046F6
:100B400000F0E2FD0440E4B22046BDE8B88100BFF9
:100B500070B505460E46FCF731FA68B13378013BB3
:100B600004460D2B09D8DFE803F0410A23230A0AC3
:100B70000A0A081010105C560024204670BD311D72
:100B80002846BDE87040FFF7EDBC311D2846FCF754
:100B900015FA0028F0D03379012B01D0022BECD1CB
:100BA000B16828464FF40072BDE8704000F0BCBD4B
:100BB000311D2846FCF702FA044670B13379022B46
:100BC0004CD0032B09D106F108034FF4007206F153
:100BD0000C012846FDF7D6FB0446022206F50371F8
:100BE000284600F083FC2040C4B2C6E7311D2846E9
:100BF000FCF7E4F9044630B13379022B36D0032BED
:100C00003CD0012B32D006F503712846FCF77CFF5F
:100C10002040C4B2B1E7311D2846BDE87040FFF75F
:100C200057BB0422B118284600F060FC022206F1EE
:100C300008010446284600F059FC0222044006F14F
:100C40000A01284600F052FCE4B2034606F10C010A
:100C500028461C40FCF784F904408EE7B1684FF445
:100C60000072284600F060FD0446B6E7B1684FF414
:100C70000072284600F058FD0446C4E706F1080358
:100C80004FF4007206F10C012846FDF77BFB044689
:100C9000B9E700BF70B5022205460E4600F026FCFB
:100CA00002220446B118284600F020FC2040C0B2C1
:100CB00070BD00BF2DE9F0470D4609780746FCF7E7
:100CC00067F9814638B12B78062B00F082800D2B16
:100CD00016D0052B02D04846BDE8F087B5F90810BC
:100CE0003846FCF791FED5E9042381463846FCF7E7
:100CF000BBFD09EA00005FFA80F94846BDE8F087CD
:100D0000B5F908103846FCF77FFEE9688146384699
:100D1000FCF754FBEB68002BEBD020B305F10C087B
:100D2000002606EB460A05EBCA0A9AF81010384668
:100D3000FCF72EF9002853D09AF8103006EB460144
:100D40007400C900032B54D8DFE803F032211002ED
:100D500041443846896800F0D7FCEA68013696427B
:100D600042D20028DDD14FF00009B4E708314144F8
:100D70001022384600F056FB344405EBC403044609
:100D8000596A3846FCF71AFB2040C0B2E5E7083143
:100D900041440422384600F045FB344405EBC403CB
:100DA0000446198B3846FCF71FF92040C0B2D4E73F
:100DB000083141440222384600F034FB344405EB4C
:100DC000C4030446997D3846FCF7E2F82040C0B2DF
:100DD000C3E7B5F908103846BDE8F047FCF714BE84
:100DE000EA680136B242BED809EA00095FFA89F919
:100DF00071E7EB6801369E420AF1180A95D36AE75B
:100E00002DE9F041022206460F4600F06FFB022258
:100E1000B9180546304600F069FB391D804630465A
:100E2000FCF7CCF8791D04463046FCF7C7F805EA14
:100E300008052C402040C0B2BDE8F0812DE9F0410A
:100E40000E4609780746FCF7A3F871780446384641
:100E5000FCF79EF8B17804403846FCF76BF8B3789D
:100E6000E4B204404BB9317A3846FCF763F8337A80
:100E7000044043B92046BDE8F0817168384600F06F
:100E800043FC0440EFE771893846FCF7ADF8B189BF
:100E900005463846FCF7A8F8F18905403846FCF7C6
:100EA000A3F8318A80463846FCF79EF8EDB225401B
:100EB00008EA050500EA05042046BDE8F08100BF08
:100EC000FFF7AEB9F8B5022207460E4600F0AAFABF
:100ED0000222B1180546384600F0A4FA31790446DA
:100EE0003846FCF755F870B133792C40013BE4B239
:100EF0000D2B09D8DFE803F04C0A23230A0A0A0A5B
:100F000008121212453E00242046F8BD06F10801E1
:100F10003846FFF78BFA04402046F8BD317A384650
:100F2000FCF736F80028EED0337A012B01D0022BE3
:100F3000EAD1F168384600F0E7FB0440E4E7317A93
:100F40003846FCF725F8054658B1337A022B34D0E1
:100F5000032B06D1F26806F110013846FDF700FABE
:100F60000546022206F50471384600F05BFA284077
:100F70000440C9E706F108013846FFF751F904407B
:100F8000C2E706F108013846FFF706FA0440BBE75E
:100F9000317A3846FBF7FCFF054630B1337A022B35
:100FA00011D0032B15D0012B0DD0B6F910123846F5
:100FB000FCF72AFD28400440A6E7F168384600F017
:100FC000A3FB0546CDE7F168384600F09DFB0546DA
:100FD000EBE7F26806F110013846FDF7C1F9054666
:100FE000E3E700BF70B5022205460E4600F07EFA28
:100FF0000222B1180446284600F078FA311D044058
:101000002846FCF70BFBE4B2204070BD70B502220D
:1010100005460E4600F006FA02220446B11828469C
:1010200000F000FA2040C0B270BD00BF2DE9F041D1
:1010300005460E46FBF7C2FF711C04462846FBF727
:10104000BDFF0422B1188046284600F04FFA06F191
:10105000080107460222284600F048FA04EA08037D
:10106000DBB203EA07040222074606F10A0128461A
:1010700000F03CFA06F10C01034628461D46FBF73A
:101080006FFF3C4025402840BDE8F0812DE9F0414C
:10109000022206460F4600F029FA0222B918054638
:1010A000304600F023FA391D80463046FBF786FFB4
:1010B000791D04463046FBF781FF05EA08052C4000
:1010C0002040C0B2BDE8F0812DE9F04102220C467B
:1010D000054600F0A7F90222A1188046284600F034
:1010E000A1F9217907462846FBF752FF61790646A8
:1010F0002846FBF74DFF08EA070806EA08060640FF
:10110000217A2846FBF716FF237AF7B206466BB919
:1011100094F81C122846FBF70DFF94F81C3230405F
:10112000C6B283B906EA0700BDE8F081217B2846F4
:10113000FBF72EFF88B104F10C012846FFF79EF95A
:101140003040C6B2E4E704F508712846FFF7B2FD67
:10115000064006EA0700BDE8F0810646D8E700BF72
:1011600070B5022205460E4600F05CF90222B11865
:101170000446284600F056F9311D04402846FFF782
:101180005DFEE4B2204070BD70B5022205460E46F9
:1011900000F048F902220446B118284600F042F94E
:1011A0002040C0B270BD00BF70B50C460E4634F88A
:1011B000021B0546FBF718FF02222146044628467B
:1011C00000F030F9317904402846FBF7E1FEE4B243
:1011D000204070BD70B505460E46FCF705F80222AA
:1011E000B1180446284600F081F9311D0440284614
:1011F000FBF7E4FEE4B2204070BD00BF70B50D46C1
:1012000009880646FBF7F0FE698804463046FBF77E
:10121000EBFE297904403046FBF7BAFEE4B22040E9
:1012200070BD00BF70B505460E46FBF7DDFFB11C73
:1012300004462846FBF7D8FF311D04402846FBF73B
:10124000BDFEE4B2204070BD70B50D46096806468B
:10125000FCF7CEFC696804463046FCF7AFF8204046
:10126000C0B270BD2DE9F04105460E46FCF758FDB1
:10127000311D07462846FCF7D1F906F108018046E2
:101280002846FCF74DFD06F10C0104462846FCF704
:10129000C5F907EA08073C4006F11001044028465A
:1012A000FCF73EFD06F1140107462846FCF7B6F9A7
:1012B000E4B23C402040BDE8F08100BF2DE9F041A0
:1012C0000C2204460D4600F0ADF8032205F10C0196
:1012D0000746204600F0A6F8E97B80462046FBF74B
:1012E00057FE296906462046FCF782FC69690346D9
:1012F000204607EA08071C46FCF760F83E403440E9
:101300002040C0B2BDE8F0812DE9F0410C22044636
:101310000D4600F0EBF8032205F10C0107462046CC
:1013200000F0E4F805F10F0180462046FBF746FE89
:1013300005F1100106462046FCF7F2FC05F1140108
:101340000346204607EA08071C46FCF767F93E40BB
:1013500034402040C0B2BDE8F08100BF2DE9F0412B
:1013600019461F4605469046FCF70AFFE0B93E467F
:1013700009E0A868DEF7B6FFAB682869234420447B
:10138000361BAB602861314601222846FCF780FFFE
:10139000B91B4144044602460028EAD10123A87D36
:1013A0006B755840BDE8F0813A46A8684146DEF7C3
:1013B00099FFAA682B693A443B44AA602B61EDE788
:1013C0002DE9F04119461F4605469046FCF7D8FE28
:1013D000E0B93E4609E0A968DEF784FFAB682869FA
:1013E00023442044361BAB60286101223146284645
:1013F000FCF74EFF0446B81B40442246002CEAD1BD
:101400000123A87D6B755840BDE8F0813A46A96874
:101410004046DEF767FFAA682B693A443B44AA605E
:101420002B61EDE72DE9F041884611461746054648
:10143000FCF7A6FEE0B93E4609E0A868DEF752FFD9
:10144000AA682B6922442344361BAA602B613146CB
:1014500001222846FCF71CFFB91B41440446024602
:101460000028EAD10123A87D6B755840BDE8F081C2
:101470003A46A8684146DEF735FFAA682B693A4428
:101480003B44AA602B61EDE72DE9F04119461F4668
:1014900005469046FCF774FEE0B93E4609E0A868B0
:1014A000DEF720FFAB68286923442044361BAB607D
:1014B0002861314601222846FCF7EAFEB91B414467
:1014C000044602460028EAD10123A87D6B755840E6
:1014D000BDE8F0813A46A8684146DEF703FFAA68F6
:1014E0002B693A443B44AA602B61EDE72DE9F041BA
:1014F0008846114617460546FCF742FEE0B93E46CF
:1015000009E0A968DEF7EEFEAA682B6922442344AD
:10151000361BAA602B61012231462846FCF7B8FE33
:101520000446B81B40442246002CEAD10123A87D82
:101530006B755840BDE8F0813A46A9684046DEF731
:10154000D1FEAA682B693A443B44AA602B61EDE7BF
:101550002DE9F04119461F4605469046FCF710FE5E
:10156000E0B93E4609E0A968DEF7BCFEAB68286931
:1015700023442044361BAB602861012231462846B3
:10158000FCF786FE0446B81B40442246002CEAD1F4
:101590000123A87D6B755840BDE8F0813A46A968E3
:1015A0004046DEF79FFEAA682B693A443B44AA6096
:1015B0002B61EDE72DE9F0418846082104461646E7
:1015C0001F46FCF73DFE01462046657DFCF77CFE8C
:1015D000B8F1010F65750FD0002547B1B6EC020BCD
:1015E000414620460135FCF72BFCAF42F6D1A07DE9
:1015F00080F00100BDE8F081FF0039462046FCF78D
:10160000BFFDF8B9B8460AE0A068DEF76BFEA26835
:1016100023692A442B44A8EB0508A26023614146B4
:1016200008222046FCF734FEA7EB080131440546AA
:1016300002460028E8D1A07D0823637580F00100F0
:10164000BDE8F0813A46A0683146DEF74BFEA2685D
:1016500023693A441F44A2602761ECE72DE9F04179
:1016600088460821054614461F46FCF7E9FD014659
:1016700028466E7DFCF728FEB8F1010F6E7510D07C
:1016800000264FB12246414628460136FCF7AAFC07
:10169000B74204F10804F5D1A87D80F00100BDE84F
:1016A000F081FF0039462846FCF76AFDF8B9B846D4
:1016B0000AE0A968DEF716FEAA682B6932443344B3
:1016C000A8EB0608AA602B61082241462846FCF7D1
:1016D000DFFD0646A7EB080020443246002EE8D185
:1016E000A87D08236B7580F00100BDE8F0813A46C3
:1016F000A9682046DEF7F6FDAA682B693A441F4424
:10170000AA602F61ECE700BF10B582B0044608461E
:101710000191F3F775FD0199421C204602B0BDE826
:101720001040FCF7F1BD00BF00B583B001ABFCF782
:10173000FDFD03B05DF804FB014B1878704700BF56
:10174000980801202DE9F04F934689B090F80022C7
:1017500005938A46002104468DF81E1022B300F23C
:1017600002290DF11F0805AF0DF11E064FF400759B
:1017700002E0059B002B0FDDD4F874122346CDE95F
:101780000278CDE900562246484601F02DF900289E
:10179000EFD09DF81E30B3B10F4B9DF81F201A708B
:1017A000002009B0BDE8F08F0DF11F020092D0F8C3
:1017B00074524FF400720146A8470028ECD09DF8FF
:1017C0001E30002BE8D1CBF800000120CAF8004001
:1017D00009B0BDE8F08F00BF9808012030B590F83F
:1017E000004287B0154674B9D0F870420DF1170366
:1017F000A04708B1A84215D00C4B9DF817201A70CD
:10180000002007B030BD0B4600220DF11701CDE9D5
:1018100001210246D0F87012009500F2022000F07B
:10182000EBFEE6E7012007B030BD00BF98080120BD
:1018300010B4019CC0F87042C0E99A23029B80F862
:1018400000125DF8044BC0F87432704738B5D0F818
:10185000683203B3D0F86C220446E2B1D0F87022AB
:10186000CAB1D0F87422B2B1C0F88C1298470546BC
:1018700088B194F800328BB90B490C4B0C4AC4F870
:1018800080324FF40073C4E99E41C4F88422A4F866
:101890008832284638BD0025284638BD002104F28C
:1018A000022000F0A3FEE7E7DD1702084517020853
:1018B00039170208D0F86C32184700BF4FF6FF7393
:1018C000038070474FF6FF730380704738B50446B6
:1018D00000880D4600F072FE0346002B4FEAD070E0
:1018E000B8BF258038BD00BF70B505460C462B68D3
:1018F000096820896268B2FBF0F2A3EB010CBCFB23
:10190000F2FC0CF1010C1FFA8CF3B3FBF0F600FBB8
:1019100016339BB202FB03F3181D0844267D50F8D2
:10192000042C16B1002640F8046C032A01D80120CB
:1019300070BD0833194428462B69043AFCF76CFC47
:10194000284603492246FCF743FC002070BD00BF37
:10195000E918020800B5C0E900124FF0000E019A24
:101960000381026180F814E0D3B1C1F800E0B0F85F
:1019700008C0BCF1010F13D90123B3FBFCF10CFB30
:10198000113189B24268B2FBFCF201FB02F201683C
:1019900041F802E00133B0F808C09BB29C45ECD896
:1019A0004FF0FF33C3605DF804FB00BF0189E9B16C
:1019B0004FF0000C00B56346E646B3FBF1F201FBC5
:1019C00012339BB24268B2FBF1F202FB03F30268EE
:1019D00042F803E00CF1010C01891FFA8CF39942E3
:1019E000EBD84FF0FF33C3605DF804FB4FF0FF33DB
:1019F000C36070472DE9F84304460D46018980898C
:101A000090461F4600F0D2FD29460646A08900F008
:101A1000D5FD00280ADB0026E089294600F0CEFD2E
:101A2000002800DAE5813046BDE8F88330462946D3
:101A300000F0C4FD0028EEDB2369404698470121F1
:101A40008146A08900F0B2FDB9F1000F01D18542B5
:101A500047D02289B5FBF2F002FB105080B26368D8
:101A6000B3FBF2F300FB03F320680433184450F88F
:101A7000043C002BCFD141463A46DEF733FC2189A6
:101A8000B5FBF1F201FB125292B26368B3FBF1F3C2
:101A900002FB03F32268D750089A01231370B9F1AF
:101AA000000FB8D0A6893046012100F07FFD2289C1
:101AB0006368B3FBF2F30646B0FBF2F002FB106082
:101AC00080B200FB03F320680433184450F8043C50
:101AD000002BA0D023699847022808D00128E2D023
:101AE00099E7089BA581012683F8009094E70126D9
:101AF00092E700BF2DE9F04704460F468089012197
:101B0000904600F053FD2289B0FBF2F602FB160668
:101B1000B6B26368B3FBF2F306FB03F32668043343
:101B20001E4456F8049CB9F1000F23D023690546E2
:101B300030469847824600B3B4F80CA001215046C5
:101B400000F034FD2189B0FBF1F2824601FB120264
:101B5000D4E9000392B2B3FBF1F302FB03F30433C5
:101B6000184450F8043C2BB12369984702281BD035
:101B70000128E3D00020BDE8F0874A4631463846C8
:101B8000FCF752FB2189B5FBF1F201FB125292B234
:101B90006368B3FBF1F302FB03F3226842F803A08E
:101BA0000120A581BDE8F0872089B5FBF0F300FB9B
:101BB0001355ADB26368B3FBF0F303FB05F523687F
:101BC0000020585106EB0801A9EB08023846FCF743
:101BD0002BFB384603492246FCF7FAFAA4F80CA07E
:101BE0000120C8E7E918020838B511460446C08943
:101BF000154600F0E3FC0028B8BFE58138BD00BF02
:101C00002DE9F8430389858904460E46D3B1284659
:101C1000012703E0674515D2A0890137B9B200F06A
:101C2000C5FCB4F808C0B0FBFCF30CFB13039AB27C
:101C3000D4E90013B3FBFCF302FB03F3CB58002BF6
:101C4000E8D10546358001212846E78900F0B2FC3D
:101C50000146384600F0AEFC054618B34FF00009C7
:101C60004F464FF001081FFA89F1308800F09EFCC2
:101C7000B4F808C0B0FBFCF3D4E9001203FB1C006D
:101C800083B2B2FBFCF202FB03F308FA09F2CB5871
:101C900009F101090BB91743BFB24D45E3D13846ED
:101CA000BDE8F88307463846BDE8F8834FF6FF7C69
:101CB000C0E9013201600373A0F80EC0704700BF95
:101CC000027B42604FF6FF73C3817047F0B5044654
:101CD00083B040680D461646FEF7B2F863681844B4
:101CE000A368421993422CBF0127002702D238462D
:101CF00003B0F0BD0090216830460023FCF782FA63
:101D0000616838462944616003B0F0BD2DE9F041B7
:101D100004461D464068237B98428CBF012600265E
:101D200002D83046BDE8F0818846E0890121174697
:101D300000F03CFC2368E0812880C8F8003063682C
:101D40003B60237B63603046BDE8F08138B50268B4
:101D50000C4609682389A2EB010C6268B2FBF3F21E
:101D6000BCFBF2FC0CF1010C1FFA8CFCBCFBF3FE7B
:101D700003FB1EC39BB202FB03F394F80CC0CA58CA
:101D80006344A2EB0C02083305461944043A036984
:101D9000FCF742FA284603492246FCF719FA0020CC
:101DA00038BD00BF4D1D020810B49DF804C003816A
:101DB000C0E9001280F80CC0D3B1C1F800C0B0F87F
:101DC00008C0BCF1010F13D90123B3FBFCF10CFBDC
:101DD000113189B242680468B2FBFCF201FB02F2E5
:101DE000017BA1500133B0F808C09BB29C45ECD8F0
:101DF0004FF0FF326FF00043C0E9062305495DF85C
:101E0000044BC0F80E104FF6FF7200234282038489
:101E1000704700BF0000FFFF0189B1B14FF0000C17
:101E20006346B3FBF1F201FB12339BB24268B2FB93
:101E3000F1F2016802FB03F3027BCA500CF1010CC2
:101E400001891FFA8CF39942EBD84FF0FF326FF003
:101E50000043C0E906230449C0F80E104FF6FF7294
:101E600000234282038470470000FFFF2DE9F04FFA
:101E7000044691B00089E68923680492B6FBF0F22B
:101E800000FB126292B26568B5FBF0F505FB023209
:101E9000043252F8048C94F80C9003928B462F1F56
:101EA000002800F04C814FF0000CE2466146B1FB87
:101EB000F0F200FB121292B205FB02F20CF1010CDF
:101EC0009A584A4508BF0AF1010A1FFA8CF108BF67
:101ED0001FFA8AFA8142EAD340460421CDF814A0C1
:101EE000FCF7A6F9804408EB0B02BA4240F2CD8021
:101EF000227B5A44BA4240F2B580C9F57F43FC3395
:101F0000BAB213449BB20AFB03F9D9450593069371
:101F1000C0F0B78008F10403BB4280F0DB80A2F17F
:101F20000409A9EB0809059B1FFA89F9ABEB090B1A
:101F3000BBFBF3F203FB12B3002B00F0C8800132AD
:101F400092B20693524500F29C800DF1200B002ABC
:101F500042D0CDF81C804FF0000ADDF814800595C2
:101F60000DF1200B154600E0C1462089B6FBF0F2CA
:101F700000FB12618AB26368B3FBF0F1236802FBD5
:101F800001F104311944584651F8042C0092002301
:101F90003A46FCF737F94A4600230D215846FDF72B
:101FA0000FFF2189B6FBF1F201FB126292B2636866
:101FB000B3FBF1F302FB03F322683046D750012153
:101FC00000F0F4FA0AF1010A1FFA8AF39D4206466C
:101FD000CAD8DDF81C80059D2089B6FBF0F300FB14
:101FE000136399B26368B3FBF0F301FB03F3216859
:101FF000043319443A4651F8040C00900023584623
:10200000FCF700F9DDF8189058461FFA89F2022310
:102010000D21FDF7D5FE039B2789207B08F10401E4
:102020000B441946B6FBF7F307FB1363A5F108024F
:102030009DB204306368B3FBF7F305FB03F3256837
:102040004844E850049DA2EB08022846FCF7ECF84F
:1020500028463C492246FCF7BBF80120E68111B036
:10206000BDE8F08F0121E08900F0A0FA2189054642
:10207000608A00F09BFA0146284600F09FFA00288B
:1020800042DD002011B0BDE8F08F2189608A059201
:1020900000F08CFA0146304600F090FA0028059ACC
:1020A000EFDC2789B6FBF7F307FB13639DB2636888
:1020B0002468B3FBF7F305FB03F3DDE90310E250FB
:1020C0000023CDF80080FCF79DF80120DAE793B2F9
:1020D0001A4637E730460121079200F067FAB4F854
:1020E00008C0B0FBFCF10CFB1101064688B2636826
:1020F000B3FBFCF12368079A00FB01F104310B44A8
:10210000039353F8048C0AE72189B5FBF1F301FB33
:1021100013539AB26368B3FBF1F32168049802FB8E
:1021200003F30433227B19445A4441F8042C237BE3
:1021300000930023FCF766F8E5810120A2E78246C0
:10214000CAE600BF4D1D0208F8B504460F46008AD6
:10215000012116461D4600F029FA28802289B0FB8D
:10216000F2F302FB130C1FFA8CFC6368B3FBF2F36F
:102170000CFB03FC2368E1890CF1040C63443B6015
:1021800023689C445CF8043C336000F017FA002894
:1021900001DD0020F8BD237B32689A42F9D9618ABB
:1021A000208A00F007FA23898342F2D02888E38945
:1021B0002082984201D00120F8BD012100F0F6F9FB
:1021C000E0810120F8BD00BF70B5018A0446408A55
:1021D00015461E4600F0F2F9002807DB4FF0FF32EB
:1021E0006FF00043C4E90623002070BD94F820007E
:1021F00040B9012384F82030643546F10006C4E973
:10220000065670BDD4E90623954276EB0303A5BFBD
:10221000013084F8200000200120EDE7408A70475B
:102220002DE9F04190F8218082B0B8F1000F11D073
:10223000044618880E4617461D46012100F0B6F9DF
:102240002880218A00F0BAF9002807DD4FF0000845
:1022500084F82180404602B0BDE8F08121892888B9
:102260002368B0FBF1F201FB120C1FFA8CF2019310
:102270006368B3FBF1FC019B02FB0CFC0CF1040C4A
:10228000634433602368634453F8043C3B60227B1F
:102290009A42D2D0404602B0BDE8F081F8B504467B
:1022A0000E461046012100F085F9618A00F082F99E
:1022B000C0B1054600270121608A00F077F9B4F823
:1022C00008C0B0FBFCF1D4E900230CFB110189B27A
:1022D0000137B3FBFCF301FB03F3BD42217B6082BA
:1022E000D150E8D1003E4FF0000318BF012684F81A
:1022F000203084F82160F8BD018A408A08B500F0DA
:102300005DF9B0FA80F0400908BD00BF0289DAB17A
:1023100030B5002143680568047BB3FBF2FE084634
:102320000B46B3FBF2FC02FB1C339BB20EFB03F328
:10233000013155F803C0644508BF01308BB208BFB6
:1023400080B29342EDD330BD1046704730B595B0A2
:10235000CDE90421189D03930022002D14BF012113
:10236000114604468DF81C308DF81D208DF81E2076
:102370008DF8241021D02A686B68CDF82620CDF87E
:102380002A30102208230021CDE90031204605998A
:102390000CABFDF777FA18B90446204615B030BDEE
:1023A000049906AA2046FDF7A3FB06A904460CA83B
:1023B000FEF7D6FE204615B030BD0822E2E700BF8A
:1023C00010B594B000230292059201930122ADF85A
:1023D0001C308DF81E30CDF82630CDF82A30082379
:1023E0008DF82420009310220CAB04460391FDF7D6
:1023F00049FA18B90446204614B010BD059906AA3A
:102400002046FDF775FB06A904460CA8FEF7A8FEBA
:10241000204614B010BD00BF2DE9F04395B0BDF8C3
:10242000786013B115B0BDE8F0830C461546D1E9CC
:10243000012107461C9804901D980590521A0CA87B
:1024400099469DF87680FBF7EFFED4E906120CA8BA
:10245000FBF7BEFEE2699AB1B8F1070F82F814905B
:1024600040D0B8F1080F2ED0B8F1060F11D00123DB
:10247000137529462046FBF727FF15B0BDE8F0830A
:10248000B8F1070F2ED0B8F1080F1CD0B8F1060F25
:10249000EFD1D7F88880B8F1000F11D00CABCDE99F
:1024A000003506238DF81630D7F88C30029332466B
:1024B000DDE904313846C0470123E26987F8B430CA
:1024C000002AD4D1D5E7D7F8A430002BF8D006A93C
:1024D0000CA8DDF84080FEF717FFA0B9E269002ADA
:1024E000C5D1C6E7D7F8AC303BB106A90CA8DDF8DA
:1024F0004080FEF7CFFB60BBE269A3682B44A3607A
:10250000002AB4D1B5E7DDE90D21109B521AA8EBE2
:1025100003080CA8FBF788FEA844D4E906120CA80F
:10252000FBF756FE1FFA88F80CAB0093CDF8048039
:1025300008218DF81610D7F8A810029106AB324684
:102540000599D7F8A4603846B047012387F8B4301E
:10255000C4E7DDE90D21109B521A0CA8A8EB030873
:10256000FBF762FED4E906120CA8FBF731FE0CABB8
:1025700000939DF818109DF81930A8441FFA88F8A8
:10258000CDF8048003EB012307218DF81610D7F84E
:10259000B010029132469BB2D7F8AC60059938462C
:1025A000B047012387F8B430A6E700BF084480B2E3
:1025B000704700BF401A80B2704700BF884211D0F8
:1025C00009D3884210D9401AB0F5004FD4BF01207A
:1025D0004FF0FF3070470B1AB3F5004FF1DA4FF0B0
:1025E000FF30704700207047012070470023417082
:1025F00003708385704700BF2DE9F04F174642787E
:1026000083B00E46A2F17D019A4601294FF07E0368
:10261000044680F83830DDF838B09DF8340040F2D8
:102620003781A0F17D0184F8392001294FF00202A1
:1026300084F8622040F28F800C9B84F83A00DDB26F
:10264000A5F17D010322012984F8622040F29A80DD
:10265000A1180C9B81F83850C3F30721A1F17D002C
:102660000132012884F8622040F2A080A0180132D3
:10267000D2B280F8381084F86220002B00F0A980D4
:102680004FF00009C8461AF80830A3F17D0101296E
:1026900040F2C380292A00F29F80A1180132D2B2F1
:1026A00081F8383084F8622089EA03038C49DBB270
:1026B00008F1010831F8133083EA19290C9B4345CE
:1026C000E1D84FEA19235FFA89F801934FF0000926
:1026D000A8F17D0A5FFA8AF1012921D9292A40F25D
:1026E000AF80002500E060B105F13801521B5B4668
:1026F00021443846B04794F8622005449542F2D30D
:1027000003D0002003B0BDE8F08F5FFA8AF14FF0EC
:102710000003012984F862304FF0000200F290803B
:10272000511CC9B22929DCD8A5182144023288F0ED
:10273000200848464FF07D03D2B285F838304FF07C
:10274000010981F8388084F86220002840F08580F3
:10275000DDF80480BCE711464FF0030C04220C9B0B
:102760002144DDB24FF07D0E81F838E0A444A5F19C
:102770007D0180F0200001298CF8380084F8622067
:102780003FF666AF0C9BA01885F020054FF07D0C3E
:10279000C3F3072180F838C080F83950A1F17D00DB
:1027A0000232012884F862203FF660AF501CA51861
:1027B00054FA80F0023281F02001D2B24FF07D0C49
:1027C00085F838C080F8381084F86220002B7FF438
:1027D00057AF0193984679E7002501E0002890D093
:1027E00005F13801521B5B4621443846B04794F846
:1027F000622005449542F1D383D14FF0000384F861
:1028000062300C9B434564D91AF80830A3F17D016E
:1028100001294FF000023FF63DAF511CC9B22929F2
:10282000DAD8A01821444FF07D05023280F83850E4
:10283000D2B283F0200081F8380084F8622033E7B8
:10284000A11801324846D2B281F838804FF0010910
:1028500084F8622000283FF47BAF002502E00028C6
:102860003FF44FAF05F13801521B5B462144384617
:10287000B04794F8622005449542F0D37FF441AF0D
:10288000002384F862300C9B98B203B0BDE8F08F4F
:102890007D2182F0200284F83910A0F17D0184F8B6
:1028A0003A2001294FF0030284F8622004D811462F
:1028B0004FF0040C052252E70C9B84F83B00DDB27C
:1028C000A5F17D010422012984F862203FF6C0AE03
:1028D00058E74FEA19235FFA89F801930022F5E6D9
:1028E000484702082DE9F04F044683B01F46DDF843
:1028F00034B089469246FAF7D9FA94F82C3094F815
:102900002D60B342804661D01CD8751EED1AEDB221
:1029100000265D451FD8AB195B4584BFABEB0506B0
:10292000F6B2EDB94FF0000BFAF7C0FA3B68A0EB36
:102930000808A3EB0803584623EAE3733B6003B09F
:10294000BDE8F08F002E49D0C3F12A05EDB2013E5B
:102950005D45F6B2DFD95FFA8BF50026002DE1D098
:1029600094F82C1002310C9B00933B6821442A46BA
:102970005046C84794F82C301A4A03445908A2FB21
:10298000012189082A2202FB1131834684F82C1088
:102990000028C7D0A842C7D1002EC5D00C9B0093F9
:1029A00002313246214400235046C84794F82C1087
:1029B0000C4A0B185908A2FB011292082A2101FBAC
:1029C000123300EB050B84F82C30ADE70026BBF189
:1029D000280FA685BFD902212925C4E7C3F12905FF
:1029E000EDB296E7310CC3302DE9F04F1E4690F85A
:1029F0002C5090F82D309D4283B004468846914675
:102A000000F088812378C14DC14F072BFDD8DFE846
:102A100013F01501F600D600B90090004D0030000B
:102A2000080094F82C1094F82D30994200F04A8157
:102A3000E21892787D2A00F0998101335808A5FBAD
:102A4000001080082A2101FB10337E2A84F82D30E3
:102A500000F05282A38EE18E03EB02239BB2002290
:102A60009942A386227000F07981002003B0BDE86E
:102A7000F08F94F82C1094F82D30994200F03181A9
:102A8000E21890787D2800F0908101335A08A5FB68
:102A9000021292082A2101FB12337E2884F82D307D
:102AA00000F01A820723A0862370AEE7638EB4F885
:102AB00030E09E4538D907EE908A2A2120E09BF825
:102AC00002C0BCF17D0F00F0D480BCF17E0F84F811
:102AD0002D2000F0198206F803C0B4F836A0638EEA
:102AE000B4F830E08AEA0C00C0B2013337F81020A5
:102AF0009BB282EA1A2273456386E28680F02081C7
:102B000094F82D0094F82CA000F1010C4FEA5C021F
:102B1000A5FB02829208824504EB000B01FB12C266
:102B2000CDD117EE908A9E4540F011810623237087
:102B30006BE794F82C0094F82D30984200F0C28096
:102B4000E21891787D2900F04C8101335A08A5FBE9
:102B5000020292082A2000FB12337E2984F82D30CD
:102B600000F0CA81238E03EB01230C999BB2002055
:102B70008B4223866086E08640F2DF80207003B0BF
:102B8000BDE8F08F94F82C1094F82D30994200F0A5
:102B9000A880E21890787D2800F0648101335A08FB
:102BA000A5FB021292082A2101FB12337E2884F829
:102BB0002D3000F0918104232086237025E794F8BE
:102BC0002C0094F82D20904200F0B380A31899783F
:102BD0007D2900F0648101325008A5FB0030800897
:102BE0002A2303FB10227E2984F82D2000F08881FF
:102BF00063788B420CBF03230023237005E794F80E
:102C00002C1094F82D300022994284F82E206CD09C
:102C1000E21890787D2800F0018101335A08A5FB65
:102C2000021292082A2101FB12337E2884F82E001A
:102C300084F82D3059D002232370E6E694F82CA0B6
:102C400094F82D204FF02A0E511C4B08A5FB03C30E
:102C50009B080EFB1313924504EB0200DAB23FF41B
:102C600004AF837884F82D207E2BEDD101232370CF
:102C7000CBE600F1010C4FEA5C02A5FB0282920850
:102C800001FB12C204EB020CD2B2924500F1020029
:102C90003FF447AF42089CF802A0A5FB02829208CD
:102CA00001FB1200BAF17E0F8AF0200C84F82D008F
:102CB0007FF411AF9E4517EE908A3FF437AF0123A2
:102CC0002370A2E60F9B0093012301930E9B4A46BB
:102CD00041462046FFF706FE00283FF4C6AE2378A3
:102CE00093E60F9B00930223EFE70F9B00930423CF
:102CF00001934A460E9B41462046FFF7F3FD00280C
:102D0000EDD194F82E307E2BE9D0AEE6310CC330F5
:102D1000484702080F9B0093052301930E9BFFF782
:102D2000E1FD94F82D2094F82C309A423FF49DAEAA
:102D300068E60F9B00930323C7E70523237064E62F
:102D400017EE908A3FF4F2AEBCF17E0F8ED0AEEB60
:102D50000303023301930F9B0093B7E70D9A94F896
:102D60002E301370208E03B0BDE8F08F03F1010CFC
:102D70004FEA5C02A5FB020292082A2000FB12C265
:102D80005FFA82FC61459DD0023322445908927853
:102D9000A5FB01C1890800FB11337E2A84F82D3080
:102DA00000F0AA8082F0200254E6581C4208A5FBDD
:102DB00002C292084FF02A0C0CFB1202D0B28142E0
:102DC0008FD02244023390785A08A5FB0212920851
:102DD0000CFB12337E2884F82D307DD080F020004B
:102DE00060E6591C4A08A5FB02C292084FF02A0C63
:102DF0000CFB1212D1B288423FF464AF224402337A
:102E000091785A08A5FB020292080CFB12337E2926
:102E100084F82D3070D081F02001A3E603F1010C7D
:102E20004FEA5C02A5FB020292082A2000FB12C2B4
:102E30005FFA82FC61453FF458AF22440233917837
:102E400084F82E105A08A5FB02C2920800FB123328
:102E50007E2984F82D303FF448AF81F0200184F8BA
:102E60002E10E8E6581C4208A5FB02C292084FF05B
:102E70002A0C0CFB1202D0B281423FF432AF224442
:102E8000023390785A08A5FB021292080CFB123309
:102E90007E2884F82D301FD080F020008BE6511C56
:102EA0004B08A5FB03C39B084FF02A0C0CFB131324
:102EB000D9B288423FF43DAF0232234450089B7898
:102EC000A5FB001080080CFB10227E2B84F82D201F
:102ED00016D083F020018BE60F9B00930223019311
:102EE0004A460E9B41462046FFF7FCFC00287FF433
:102EF000F6AE0123237088E50F9B00930123EEE7D4
:102F00000F9B00930323EAE717EE908AAEE600BF1B
:102F1000F8B500BFF8BC08BC9E467047F8B500BFC6
:082F2000F8BC08BC9E46704796
:102F28000400002000000000000000000000000075
:102F38000000000000000000000000000000000089
:102F48000000000000000000000000000000000079
:102F58000000000000000000000000000000000069
:102F68000000000000000000000000000000000059
:102F78000000000000000000000000000000000049
:102F88000000000000000000000000000000000039
:102F9800010000000A00000001020000000000001B
:102FA8000000000000000000000000000000000019
:102FB8000000000000000000000000000000000009
:102FC80000000000000000000000000000000000F9
:102FD80000000000000000000000000000000000E9
:102FE80000000000000000000000000000000000D9
:102FF80000000000000000000000000000000000C9
:1030080000000000000000000000000000000000B8
:1030180000000000000000000000000000000000A8
:103028000000000000000000000000000000000098
:103038000000000000000000000000000000000088
:103048000000000000000000000000000000000078
:103058000000000000000000000000000000000068
:103068000000000000000000010000000A0000004D
:103078000102000000000000000000000000000045
:103088000000000000000000000000000000000038
:103098000000000000000000000000000000000028
:1030A8000000000000000000000000000000000018
:1030B8000000000000000000010000000500000002
:1030C80002020000000000000000000000000000F4
:1030D80000000000000000000000000000000000E8
:1030E80000000000000000000000000000000000D8
:1030F80000000000000000000000000000000000C8
:103108000000000000000000010000000A000000AC
:1031180001020000000000000000000000000000A4
:103128000000000000000000000000000000000097
:103138000000000000000000000000000000000087
:103148000000000000000000000000000000000077
:103158000000000000000000010000000500000061
:103168000202000000000000000000000000000053
:103178000000000000000000000000000000000047
:103188000000000000000000000000000000000037
:103198000000000000000000000000000000000027
:1031A8000000000000000000000000000000000017
:1031B8000000000000000000000000003C64647390
:1031C8003E3C7061727469636970616E743E3C72F2
:1031D8007470733E3C6E616D653E25733C2F6E6165
:1031E8006D653E3C2F727470733E3C2F7061727433
:1031F80069636970616E743E3C2F6464733E0000BD
:103208007271000052657175657374007272000006
:103218005265706C790000003C6464733E3C257311
:103228002070726F66696C655F6E616D653D222501
:10323800732220736572766963655F6E616D653DA3
:103248002225732220726571756573745F747970B5
:10325800653D22257322207265706C795F747970E0
:10326800653D222573223E3C726571756573745FF6
:10327800746F7069635F6E616D653E25733C2F7274
:103288006571756573745F746F7069635F6E616D86
:10329800653E3C7265706C795F746F7069635F6ED0
:1032A800616D653E25733C2F7265706C795F746F34
:1032B8007069635F6E616D653E3C2F25733E3C2FE0
:1032C8006464733E000000002568755F2568690026
:1032D800727400003C6464733E3C746F7069633EB2
:1032E8003C6E616D653E25733C2F6E616D653E3C9D
:1032F80064617461547970653E25733C2F64617410
:1033080061547970653E3C2F746F7069633E3C2F41
:103318006464733E000000003C6464733E3C646176
:1033280074615F7772697465723E3C686973746F23
:1033380072794D656D6F7279506F6C6963793E5023
:103348005245414C4C4F43415445445F57495448BA
:103358005F5245414C4C4F433C2F686973746F7200
:10336800794D656D6F7279506F6C6963793E3C7108
:103378006F733E3C72656C696162696C6974793E11
:103388003C6B696E643E25733C2F6B696E643E3CF2
:103398002F72656C696162696C6974793E3C2F7142
:1033A8006F733E3C746F7069633E3C6B696E643E3C
:1033B8004E4F5F4B45593C2F6B696E643E3C6E61C6
:1033C8006D653E25733C2F6E616D653E3C6461748E
:1033D80061547970653E25733C2F6461746154793A
:1033E80070653E3C686973746F7279516F733E3CC7
:1033F8006B696E643E4B4545505F414C4C3C2F6BAE
:10340800696E643E3C2F686973746F7279516F738B
:103418003E3C2F746F7069633E3C2F646174615F3A
:103428007772697465723E3C2F6464733E000000D5
:103438003C6464733E3C646174615F726561646599
:10344800723E3C686973746F72794D656D6F7279FD
:10345800506F6C6963793E505245414C4C4F434123
:103468005445445F574954485F5245414C4C4F437B
:103478003C2F686973746F72794D656D6F727950FE
:103488006F6C6963793E3C716F733E3C72656C6921
:103498006162696C6974793E3C6B696E643E257340
:1034A8003C2F6B696E643E3C2F72656C6961626982
:1034B8006C6974793E3C2F716F733E3C746F706910
:1034C800633E3C6B696E643E4E4F5F4B45593C2FE3
:1034D8006B696E643E3C6E616D653E25733C2F6E74
:1034E800616D653E3C64617461547970653E257315
:1034F8003C2F64617461547970653E3C68697374EB
:103508006F7279516F733E3C6B696E643E4B4545F3
:10351800505F414C4C3C2F6B696E643E3C2F686990
:1035280073746F7279516F733E3C2F746F70696357
:103538003E3C2F646174615F7265616465723E3CF4
:103548002F6464733E00000002000000083F020878
:103558006C3502086435020884000020143F020814
:10356800783F0208DC3F0208743D02080040020868
:103578001440020805000000440000008C000020F0
:10358800815A0008855A00080200000064400208B9
:10359800AC350208A4350208F80100207040020882
:1035A800CC400208DC3F0208743D020828410208AA
:1035B8003841020802000000140000000002002048
:1035C800A55E0008A95E000828410208C440020858
:1035D800010000000C00000090020020D55E0008E9
:1035E800D95E00086C41020884410208020000000C
:1035F8000800000028030020F5600008F9600008B2
:1036080058524345010F0000FFFE00000000000073
:103618000000000000000000010000000A00000097
:10362800010200000000000000000000000000008F
:103638000000000000000000000000000000000082
:103648000000000000000000000000000000000072
:103658000000000000000000000000000000000062
:103668000000000000000000000000000000000052
:103678000000000000000000D44102080000000023
:103688000000000000000000010000000A00000027
:10369800010200000000000000000000000000001F
:1036A8000000000000000000000000000000000012
:1036B8000000000000000000000000000000000002
:1036C80000000000000000000000000000000000F2
:1036D80000000000000000000000000000000000E2
:1036E800010000000A0000000102000000000000C4
:1036F80000000000000000000000000000000000C2
:1037080000000000000000000000000000000000B1
:1037180000000000000000000000000000000000A1
:103728000000000000000000000000000000000091
:103738000000000000000000000000000000000081
:103748000000000000000000000000000000000071
:103758000000000000000000000000000000000061
:103768000000000000000000000000000000000051
:10377800010000000A000000010200000000000033
:103788000000000000000000000000000000000031
:103798000000000000000000000000000000000021
:1037A8000000000000000000000000000000000011
:1037B8000000000000000000000000000000000001
:1037C80001000000010000000101000000000000ED
:1037D80000000000000000000000000000000000E1
:1037E80000000000000000000000000000000000D1
:1037F80000000000000000000000000000000000C1
:1038080000000000000000000000000000000000B0
:103818000000000000000000010000000A00000095
:10382800010200000000000000000000000000008D
:103838000000000000000000000000000000000080
:103848000000000000000000000000000000000070
:103858000000000000000000000000000000000060
:10386800000000000000000001000000010000004E
:10387800010100000000000000000000000000003E
:103888000000000000000000000000000000000030
:103898000000000000000000000000000000000020
:1038A8000000000000000000000000000000000010
:1038B8000000000000000000000000000000000000
:1038C80000000000000000000000000000000000F0
:1038D800D1C00008D5C000080000000000000000AA
:1038E8000000000000000000D5C00008D9C0000892
:1038F800DDC000080000000000000000000000001B
:10390800D9C00008DDC00008E1C0000800000000C0
:10391800000000000000000000000000000000009F
:10392800000000000000000000000000000000008F
:10393800000000000000000000000000000000007F
:10394800000000000000000000000000000000006F
:10395800000000000000000000000000000000005F
:10396800000000000000000000000000000000004F
:10397800000000000000000000000000000000003F
:10398800000000000000000000000000000000002F
:10399800000000000000000000000000000000001F
:1039A800000000000000000000000000000000000F
:1039B80000000000000000000000000000000000FF
:1039C800047DC12502000000FFD7F232000000008C
:1039D80000000000D4420208F44202082C43020806
:1039E80050430208A0430208CC43020808440208D6
:1039F80000000000B8440208D44402080845020840
:103A0800404502088C450208B4450208F045020802
:103A180000000000604602087C460208C44602080E
:103A2800EC460208184702081C470208000000007C
:103A3800047DC12502000000FFD7F232000000001B
:103A48000000000005040600010002030000000059
:103A58000000000000000000B0490208D449020834
:103A6800044A02085C4A02088C4A0208D04A020842
:103A7800144B0208684B0208B84B0208000000000B
:103A8800010000000100000001000000010000002A
:103A9800010000000100000001000000010000001A
:103AA800010000000A0000000B0000000020202098
:103AB80020202020202028282828282020202020D6
:103AC80020202020202020202020202020881010A6
:103AD8001010101010101010101010101004040402
:103AE80004040404040404101010101010104141C0
:103AF80041414141010101010101010101010101AE
:103B080001010101010101011010101010104242C1
:103B1800424242420202020202020202020202027D
:103B2800020202020202020210101010200000001D
:103B3800000000000000000000000000000000007D
:103B4800000000000000000000000000000000006D
:103B5800000000000000000000000000000000005D
:103B6800000000000000000000000000000000004D
:103B7800000000000000000000000000000000003D
:103B8800000000000000000000000000000000002D
:103B9800000000000000000000000000000000001D
:103BA800000000000000000000000000000000000D
:103BB800626173655F6C696E6B0000004572726FBD
:103BC80072206F6E2064656661756C7420616C6C20
:103BD8006F6361746F727320286C696E6520256449
:103BE800290A0000637562656D785F6E6F64650011
:103BF80063686174746572006A6F696E745F737468
:103C080061746573000000006A6F696E745F31004B
:103C180064656661756C745461736B00183C0208C6
:103C2800000000000000000000000000000000008C
:103C3800E02E00003000000000000000000000003E
:103C480053544D3332205669727475616C20436F3A
:103C58006D506F727400000053544D6963726F6544
:103C68006C656374726F6E6963730000434443202C
:103C7800436F6E666967000043444320496E74656C
:103C8800726661636500000000000000000000002B
:103C980001020304060708090000000001020304EA
:103CA80049444C4500000000546D7251000000006A
:103CB800546D72205376630072696768745F68692F
:103CC800705F79617700000072696768745F68697E
:103CD800705F726F6C6C000072696768745F686906
:103CE800705F70697463680072696768745F6B6E8F
:103CF8006565000072696768745F616E6B6C65006A
:103D08006C6566745F6869705F79617700000000B0
:103D18006C6566745F6869705F726F6C6C00000038
:103D28006C6566745F6869705F70697463680000C9
:103D3800232D302B20000000686C4C006566674519
:103D4800464700003031323334353637383941424E
:103D580043444546000000003031323334353637AD
:103D6800383961626364656600000000726F7369C8
:103D7800646C5F74797065737570706F72745F6D61
:103D88006963726F787263656464735F63000000CF
:103D98003A3A000025732573257325732573257317
:103DA800257300005F00000064647300726571751C
:103DB80065737465720000007265706C69657200E5
:103DC8002573257300000000424553545F4546465D
:103DD8004F52540052454C4941424C4500000000A6
:103DE8007061727469636970616E745F70726F6616
:103DF800696C650025735F5F7400000025735F5F61
:103E08006477000025735F5F64720000556E657803
:103E180070656374656420636F6E646974696F6E3E
:103E28003A20737472696E672063617061636974A4
:103E38007920776173207A65726F20666F722061CE
:103E48006C6C6F63617465642064617461212045E2
:103E5800786974696E672E0A00000000556E6578EF
:103E680070656374656420636F6E646974696F6EEE
:103E78003A20737472696E672073697A6520776176
:103E880073206E6F6E2D7A65726F20666F72206474
:103E980065616C6C6F636174656420646174612131
:103EA8002045786974696E672E0A0000556E65783A
:103EB800706563746564206265686176696F723ADB
:103EC80020737472696E67206361706163697479C5
:103ED80020776173206E6F6E2D7A65726F20666F22
:103EE80072206465616C6C6F6361746564206461E1
:103EF8007461212045786974696E672E0A00000094
:103F080073656E736F725F6D73677300726F736939
:103F1800646C5F74797065737570706F72745F69C3
:103F28006E74726F7370656374696F6E5F635F5FE1
:103F38006765745F6D6573736167655F74797065D4
:103F48005F737570706F72745F68616E646C655FC3
:103F58005F73656E736F725F6D7367735F5F6D73A9
:103F6800675F5F4A6F696E7453746174650000001F
:103F7800726F7369646C5F74797065737570706F54
:103F880072745F6D6963726F787263656464735F7E
:103F9800635F5F6765745F6D6573736167655F74A1
:103FA8007970655F737570706F72745F68616E6445
:103FB8006C655F5F73656E736F725F6D7367735F58
:103FC8005F6D73675F5F4A6F696E74537461746580
:103FD80000000000726F7369646C5F7479706573B8
:103FE8007570706F72745F696E74726F73706563E9
:103FF80074696F6E5F63000073656E736F725F6DD7
:104008007367735F5F6D7367000000004A6F696EC6
:1040180074537461746500006865616465720000BA
:104028006E616D6500000000706F736974696F6E72
:104038000000000076656C6F636974790000000009
:104048006566666F7274000073656E736F725F6D7C
:104058007367733A3A6D7367000000007374645FA6
:104068006D73677300000000726F7369646C5F742E
:10407800797065737570706F72745F696E74726F42
:104088007370656374696F6E5F635F5F6765745FA4
:104098006D6573736167655F747970655F7375705B
:1040A800706F72745F68616E646C655F5F7374646F
:1040B8005F6D7367735F5F6D73675F5F537472697A
:1040C8006E670000726F7369646C5F7479706573F2
:1040D8007570706F72745F6D6963726F7872636503
:1040E8006464735F635F5F6765745F6D6573736155
:1040F80067655F747970655F737570706F72745FF0
:1041080068616E646C655F5F7374645F6D73677319
:104118005F5F6D73675F5F537472696E670000005D
:104128007374645F6D7367735F5F6D73670000001E
:1041380048656164657200007374616D7000000009
:104148006672616D655F6964000000006461746196
:10415800000000007374645F6D7367733A3A6D739F
:10416800670000006275696C74696E5F696E7465DA
:104178007266616365735F5F6D73670054696D652F
:10418800000000006E616E6F736563006275696C94
:1041980074696E5F696E74657266616365733A3AD5
:1041A8006D736700524F535F4C4F43414C484F5318
:1041B800545F4F4E4C5900002E0000002F000000A5
:1041C8002F25730025732F2573000000524F535F6E
:1041D80044495341424C455F4C4F414E45445F4D25
:1041E800455353414745530025732F5F61637469F5
:1041F8006F6E2F73656E645F676F616C00000000FF
:1042080025732F5F616374696F6E2F63616E6365D9
:104218006C5F676F616C000025732F5F6163746961
:104228006F6E2F6765745F726573756C740000003C
:1042380025732F5F616374696F6E2F6665656462AD
:1042480061636B0025732F5F616374696F6E2F73F1
:104258007461747573000000617267756D656E74C2
:1042680020656E765F6E616D65206973206E756C72
:104278006C000000617267756D656E7420656E76FE
:104288005F76616C7565206973206E756C6C0000D3
:10429800484F4D4500000000756E6B6E6F776E20BD
:1042A800726573756C7420636F646520666F722025
:1042B80072776D20746F706963206E616D6520760A
:1042C800616C69646174696F6E000000746F706975
:1042D80063206E616D65206D757374206E6F742038
:1042E800626520656D70747900000000746F7069F4
:1042F80063206E616D65206D757374206265206141
:1043080062736F6C7574652C206974206D75737495
:10431800206C6561642077697468206120272F27E5
:1043280000000000746F706963206E616D65206D18
:10433800757374206E6F7420656E64207769746875
:10434800206120272F270000746F706963206E6139
:104358006D65206D757374206E6F7420636F6E7455
:1043680061696E2063686172616374657273206F3E
:1043780074686572207468616E20616C7068616E23
:10438800756D65726963732C20275F272C206F7207
:1043980020272F2700000000746F706963206E616A
:1043A8006D65206D757374206E6F7420636F6E7405
:1043B80061696E20726570656174656420272F27B6
:1043C80000000000746F706963206E616D65206D78
:1043D800757374206E6F742068617665206120742F
:1043E8006F6B656E20746861742073746172747386
:1043F80020776974682061206E756D6265720000AF
:10440800746F706963206C656E6774682073686F79
:10441800756C64206E6F7420657863656564202709
:1044280032353555202D203855270000726D775FBD
:1044380076616C69646174655F6E616D65737061E6
:10444800636528293A20756E6B6E6F776E20726DE2
:10445800775F76616C69646174655F66756C6C5FC3
:10446800746F7069635F6E616D652829207265736A
:10447800756C74202725642700000000756E6B6E2C
:104488006F776E20726573756C7420636F64652036
:10449800666F7220726D77206E616D6573706163EF
:1044A800652076616C69646174696F6E0000000054
:1044B8006E616D657370616365206D757374206ED0
:1044C8006F7420626520656D707479006E616D652A
:1044D8007370616365206D75737420626520616215
:1044E800736F6C7574652C206974206D75737420F6
:1044F8006C6561642077697468206120272F270024
:104508006E616D657370616365206D757374206E7F
:104518006F7420656E642077697468206120272F86
:10452800272C20756E6C657373206F6E6C79206113
:1045380020272F27000000006E616D65737061638E
:1045480065206D757374206E6F7420636F6E74616F
:10455800696E2063686172616374657273206F7439
:10456800686572207468616E20616C7068616E7530
:104578006D65726963732C20275F272C206F72206A
:10458800272F27006E616D657370616365206D75F7
:104598007374206E6F7420636F6E7461696E20721D
:1045A8006570656174656420272F27006E616D65ED
:1045B8007370616365206D757374206E6F74206805
:1045C800617665206120746F6B656E207468617414
:1045D8002073746172747320776974682061206E27
:1045E800756D6265720000006E616D657370616360
:1045F800652073686F756C64206E6F7420657863CE
:104608006565642027524D575F4E414D45535041D3
:1046180043455F4D41585F4E414D455F4C454E47C0
:1046280054482700756E6B6E6F776E2072657375D0
:104638006C7420636F646520666F7220726D7720DA
:104648006E6F6465206E616D652076616C6964616A
:1046580074696F6E000000006E6F6465206E616D96
:1046680065206D757374206E6F7420626520656DAA
:10467800707479006E6F6465206E616D65206D756C
:104688007374206E6F7420636F6E7461696E20633B
:10469800686172616374657273206F7468657220F3
:1046A8007468616E20616C7068616E756D657269A1
:1046B8006373206F7220275F270000006E6F6465A8
:1046C800206E616D65206D757374206E6F74207334
:1046D8007461727420776974682061206E756D62E8
:1046E800657200006E6F6465206E616D65206C6593
:1046F8006E6774682073686F756C64206E6F7420C1
:104708006578636565642027323535270000000029
:1047180063647200726D775F6D6963726F7872633C
:104728006564647300000000726F7369646C5F7481
:10473800797065737570706F72745F630000000044
:104748000000C1C081C1400101C3C003800241C251
:1047580001C6C006800741C70005C1C581C4400421
:1047680001CCC00C800D41CD000FC1CF81CE400ED1
:10477800000AC1CA81CB400B01C9C009800841C8E1
:1047880001D8C018801941D9001BC1DB81DA401A51
:10479800001EC1DE81DF401F01DDC01D801C41DC21
:1047A8000014C1D481D5401501D7C017801641D651
:1047B80001D2C012801341D30011C1D181D0401061
:1047C80001F0C030803141F10033C1F381F2403251
:1047D8000036C1F681F7403701F5C035803441F421
:1047E800003CC1FC81FD403D01FFC03F803E41FED1
:1047F80001FAC03A803B41FB0039C1F981F84038E1
:104808000028C1E881E9402901EBC02B802A41EA50
:1048180001EEC02E802F41EF002DC1ED81EC402C20
:1048280001E4C024802541E50027C1E781E6402650
:104838000022C1E281E3402301E1C021802041E060
:1048480001A0C060806141A10063C1A381A2406250
:104858000066C1A681A7406701A5C065806441A420
:10486800006CC1AC81AD406D01AFC06F806E41AED0
:1048780001AAC06A806B41AB0069C1A981A84068E0
:104888000078C1B881B9407901BBC07B807A41BA50
:1048980001BEC07E807F41BF007DC1BD81BC407C20
:1048A80001B4C074807541B50077C1B781B6407650
:1048B8000072C1B281B3407301B1C071807041B060
:1048C8000050C190819140510193C0538052419250
:1048D8000196C056805741970055C1958194405420
:1048E800019CC05C805D419D005FC19F819E405ED0
:1048F800005AC19A819B405B0199C05980584198E0
:104908000188C04880494189004BC18B818A404A4F
:10491800004EC18E818F404F018DC04D804C418C1F
:104928000044C184818540450187C047804641864F
:104938000182C042804341830041C181818040405F
:10494800524F535F444F4D41494E5F494400000068
:1049580025732F25732573007B6E6F64657D0000BA
:104968007B6E737D000000007B6E616D6573706106
:1049780063657D00756E6B6E6F776E2072657375FB
:104988006C7420636F646520666F722072636C209C
:10499800746F706963206E616D652076616C6964FF
:1049A8006174696F6E000000746F706963206E61D6
:1049B8006D65206D757374206E6F74206265206557
:1049C8006D70747920737472696E6700746F7069A2
:1049D80063206E616D65206D757374206E6F742031
:1049E800656E642077697468206120666F727761EC
:1049F800726420736C61736800000000746F7069E2
:104A080063206E616D65206D757374206E6F742000
:104A1800636F6E7461696E20636861726163746547
:104A28007273206F74686572207468616E20616C9F
:104A38007068616E756D65726963732C20275F27D6
:104A48002C20277E272C20277B272C206F722027BD
:104A58007D270000746F706963206E616D65207436
:104A68006F6B656E206D757374206E6F7420737430
:104A780061727420776974682061206E756D626553
:104A880072000000746F706963206E616D65206D3F
:104A9800757374206E6F74206861766520756E6D0D
:104AA8006174636865642028756E62616C616E6309
:104AB800656429206375726C79206272616365731D
:104AC80020277B7D27000000746F706963206E616A
:104AD8006D65206D757374206E6F742068617665DE
:104AE8002074696C646520277E2720756E6C657359
:104AF800732069742069732074686520666972730D
:104B0800742063686172616374657200746F7069A0
:104B180063206E616D65206D757374206E6F7420EF
:104B28006861766520612074696C646520277E273A
:104B38002074686174206973206E6F7420666F6CCE
:104B48006C6F776564206279206120666F72776187
:104B5800726420736C61736820272F27000000009F
:104B6800737562737469747574696F6E206E616DA4
:104B780065206D757374206E6F7420636F6E746139
:104B8800696E2063686172616374657273206F7403
:104B9800686572207468616E20616C7068616E75FA
:104BA8006D6572696373206F7220275F27000000AC
:104BB800737562737469747574696F6E206E616D54
:104BC80065206D757374206E6F74207374617274D0
:104BD80020776974682061206E756D6265720000C7
:104BE8005245454E54206D616C6C6F63207375633C
:104BF80063656564656400002E2E2F2E2E2F2E2EE1
:104C08002F2E2E2F2E2E2F2E2E2F2E2E2F2E2E2FB6
:104C18006E65776C69622F6C6962632F7374646C5C
:104C280069622F72616E642E630000002C20667525
:104C38006E6374696F6E3A200000000061737365DB
:104C48007274696F6E2022257322206661696C6513
:104C5800643A2066696C6520222573222C206C69D1
:0C4C68006E65202564257325730A00008A
:084C7400880DFE7F0100000025
:0C4C7C00290200080DCF010821CF01081B
:044C8800010200081D
:104C8C0004000020000000006C2F02084C2F0208CA
:104C9C002C2F0208000000000000000000000000A3
:104CAC0000000000000000000000000000000000F8
:104CBC0000000000000000000000000000000000E8
:104CCC0000000000000000000000000000000000D8
:104CDC0000000000000000000000000000000000C8
:104CEC0000000000213F00081D3F0008193F00088C
:104CFC00153F0008000000000000000050350208BD
:104D0C00790C0108755B0008815E000820400208E0
:104D1C001200000000000000000000000000000075
:104D2C000000000000000000000000000000000077
:104D3C000000000000000000000000000000000067
:104D4C0000000000000000002840020810000000D5
:104D5C000000000000000000010000000000000046
:104D6C00000000001400000000000000195A0008A8
:104D7C001D5A0008E15A0008295A00083D5A00083B
:104D8C00895A0008304002080200000000000000B0
:104D9C000000000001000000000000000000000006
:104DAC002000000000000000555A0008595A000865
:104DBC00ED5A0008615A0008715A0008A55A0008FB
:104DCC003C4002080200000000000000000000004F
:104DDC000100000000000000000000002C0000009A
:104DEC0000000000C55A0008D95A0008F55A0008FE
:104DFC001D5B00082D5B0008595B00084840020849
:104E0C000200000000000000000000000100000093
:104E1C00000000000000000038000000000000004E
:104E2C00C15A0008D15A0008C95A00080D5B000885
:104E3C00FD5A00083D5B00080000000074350208B4
:104E4C00F9530008743D0208D0010020F953000802
:104E5C005040020814400208E55D0008815C00081F
:104E6C00795C0008715C0008A15B00080000000080
:104E7C0090350208790C0108DD5E0008ED60000831
:104E8C004041020812000000000000000000000079
:104E9C000000000000000000000000000000000006
:104EAC0000000000000000000000000000000000F6
:104EBC000000000000000000000000004841020853
:104ECC0010000000000000000000000000000000C6
:104EDC0000000000000000000800000000000000BE
:104EEC0000000000000000000000000000000000B6
:104EFC00000000000000000000000000B4350208B3
:104F0C00F953000800000000D0350208F9530008DE
:104F1C0054410208100000000000000000000000D6
:104F2C000000000000000000000000000000000075
:104F3C000000000000000000000000000000000065
:104F4C00000000000000000000000000743D02089A
:104F5C00D8020020F95300085C41020838410208CD
:104F6C00A15F0008395F0008E55F0008155F0008C5
:104F7C00F95E0008743D020800030020F953000894
:104F8C005C410208C44002082560000875600008F6
:104F9C00CD6000085D600008216000080000000082
:104FAC00EC350208F9530008904102080D0000008E
:104FBC0000000000000000000000000000000000E5
:104FCC0000000000000000000000000000000000D5
:104FDC0000000000000000000000000000000000C5
:104FEC00000000008C4102080C00000000000000D2
:104FFC0000000000000000000000000000000000A5
:10500C000400000000000000000000000000000090
:10501C000000000000000000000000000000000084
:10502C00743D0208AC030020F953000894410208B7
:10503C00844102085D610008416100087D6100083F
:10504C00196100089D61000830470208DC3F020826
:10505C00456701085167010815680108F1670108E7
:10506C00DD6701083168010855680108120100026A
:10507C0002020040830440570002010203010000B9
:10508C00040309041A0300000000000000000000E3
:10509C000000000000000000000000000000000004
:1050AC00A1680108796801087D6801088568010814
:1050BC008168010801000000100000000024F400C9
:1050CC00AAAAAAAA53BC0108EFBB0108D5BA0108C9
:1050DC0000000000FDB8010859BA010821BA010806
:1050EC00000000000000000000000000D9B9010819
:1050FC0091B9010849B901083DB9010809024300F9
:10510C00020100C032090400000102020100052462
:10511C0000100105240100010424020205240600EC
:10512C00010705820308001009040100020A0000AF
:10513C000007050102400000070581024000000045
:10514C000A060002000000400100000040C40020DC
:08515C0000C201000000080080
:040000050801CE59C7
:00000001FF
