ARM GAS  /tmp/ccQHGLbt.s 			page 1


   1              		.cpu cortex-m4
   2              		.eabi_attribute 27, 1
   3              		.eabi_attribute 28, 1
   4              		.eabi_attribute 20, 1
   5              		.eabi_attribute 21, 1
   6              		.eabi_attribute 23, 3
   7              		.eabi_attribute 24, 1
   8              		.eabi_attribute 25, 1
   9              		.eabi_attribute 26, 1
  10              		.eabi_attribute 30, 1
  11              		.eabi_attribute 34, 1
  12              		.eabi_attribute 18, 4
  13              		.file	"usbd_conf.c"
  14              		.text
  15              	.Ltext0:
  16              		.cfi_sections	.debug_frame
  17              		.section	.text.HAL_PCD_MspInit,"ax",%progbits
  18              		.align	1
  19              		.global	HAL_PCD_MspInit
  20              		.arch armv7e-m
  21              		.syntax unified
  22              		.thumb
  23              		.thumb_func
  24              		.fpu fpv4-sp-d16
  26              	HAL_PCD_MspInit:
  27              	.LVL0:
  28              	.LFB138:
  29              		.file 1 "USB_DEVICE/Target/usbd_conf.c"
   1:USB_DEVICE/Target/usbd_conf.c **** /* USER CODE BEGIN Header */
   2:USB_DEVICE/Target/usbd_conf.c **** /**
   3:USB_DEVICE/Target/usbd_conf.c ****   ******************************************************************************
   4:USB_DEVICE/Target/usbd_conf.c ****   * @file           : Target/usbd_conf.c
   5:USB_DEVICE/Target/usbd_conf.c ****   * @version        : v1.0_Cube
   6:USB_DEVICE/Target/usbd_conf.c ****   * @brief          : This file implements the board support package for the USB device library
   7:USB_DEVICE/Target/usbd_conf.c ****   ******************************************************************************
   8:USB_DEVICE/Target/usbd_conf.c ****   * @attention
   9:USB_DEVICE/Target/usbd_conf.c ****   *
  10:USB_DEVICE/Target/usbd_conf.c ****   * Copyright (c) 2026 STMicroelectronics.
  11:USB_DEVICE/Target/usbd_conf.c ****   * All rights reserved.
  12:USB_DEVICE/Target/usbd_conf.c ****   *
  13:USB_DEVICE/Target/usbd_conf.c ****   * This software is licensed under terms that can be found in the LICENSE file
  14:USB_DEVICE/Target/usbd_conf.c ****   * in the root directory of this software component.
  15:USB_DEVICE/Target/usbd_conf.c ****   * If no LICENSE file comes with this software, it is provided AS-IS.
  16:USB_DEVICE/Target/usbd_conf.c ****   *
  17:USB_DEVICE/Target/usbd_conf.c ****   ******************************************************************************
  18:USB_DEVICE/Target/usbd_conf.c ****   */
  19:USB_DEVICE/Target/usbd_conf.c **** /* USER CODE END Header */
  20:USB_DEVICE/Target/usbd_conf.c **** 
  21:USB_DEVICE/Target/usbd_conf.c **** /* Includes ------------------------------------------------------------------*/
  22:USB_DEVICE/Target/usbd_conf.c **** #include "stm32f4xx.h"
  23:USB_DEVICE/Target/usbd_conf.c **** #include "stm32f4xx_hal.h"
  24:USB_DEVICE/Target/usbd_conf.c **** #include "usbd_def.h"
  25:USB_DEVICE/Target/usbd_conf.c **** #include "usbd_core.h"
  26:USB_DEVICE/Target/usbd_conf.c **** 
  27:USB_DEVICE/Target/usbd_conf.c **** #include "usbd_cdc.h"
  28:USB_DEVICE/Target/usbd_conf.c **** 
  29:USB_DEVICE/Target/usbd_conf.c **** /* USER CODE BEGIN Includes */
ARM GAS  /tmp/ccQHGLbt.s 			page 2


  30:USB_DEVICE/Target/usbd_conf.c **** 
  31:USB_DEVICE/Target/usbd_conf.c **** /* USER CODE END Includes */
  32:USB_DEVICE/Target/usbd_conf.c **** 
  33:USB_DEVICE/Target/usbd_conf.c **** /* Private typedef -----------------------------------------------------------*/
  34:USB_DEVICE/Target/usbd_conf.c **** /* Private define ------------------------------------------------------------*/
  35:USB_DEVICE/Target/usbd_conf.c **** /* Private macro -------------------------------------------------------------*/
  36:USB_DEVICE/Target/usbd_conf.c **** 
  37:USB_DEVICE/Target/usbd_conf.c **** /* USER CODE BEGIN PV */
  38:USB_DEVICE/Target/usbd_conf.c **** /* Private variables ---------------------------------------------------------*/
  39:USB_DEVICE/Target/usbd_conf.c **** 
  40:USB_DEVICE/Target/usbd_conf.c **** /* USER CODE END PV */
  41:USB_DEVICE/Target/usbd_conf.c **** 
  42:USB_DEVICE/Target/usbd_conf.c **** PCD_HandleTypeDef hpcd_USB_OTG_FS;
  43:USB_DEVICE/Target/usbd_conf.c **** void Error_Handler(void);
  44:USB_DEVICE/Target/usbd_conf.c **** 
  45:USB_DEVICE/Target/usbd_conf.c **** /* External functions --------------------------------------------------------*/
  46:USB_DEVICE/Target/usbd_conf.c **** void SystemClock_Config(void);
  47:USB_DEVICE/Target/usbd_conf.c **** 
  48:USB_DEVICE/Target/usbd_conf.c **** /* USER CODE BEGIN 0 */
  49:USB_DEVICE/Target/usbd_conf.c **** 
  50:USB_DEVICE/Target/usbd_conf.c **** /* USER CODE END 0 */
  51:USB_DEVICE/Target/usbd_conf.c **** 
  52:USB_DEVICE/Target/usbd_conf.c **** /* USER CODE BEGIN PFP */
  53:USB_DEVICE/Target/usbd_conf.c **** /* Private function prototypes -----------------------------------------------*/
  54:USB_DEVICE/Target/usbd_conf.c **** USBD_StatusTypeDef USBD_Get_USB_Status(HAL_StatusTypeDef hal_status);
  55:USB_DEVICE/Target/usbd_conf.c **** 
  56:USB_DEVICE/Target/usbd_conf.c **** /* USER CODE END PFP */
  57:USB_DEVICE/Target/usbd_conf.c **** 
  58:USB_DEVICE/Target/usbd_conf.c **** /* Private functions ---------------------------------------------------------*/
  59:USB_DEVICE/Target/usbd_conf.c **** 
  60:USB_DEVICE/Target/usbd_conf.c **** /* USER CODE BEGIN 1 */
  61:USB_DEVICE/Target/usbd_conf.c **** 
  62:USB_DEVICE/Target/usbd_conf.c **** /* USER CODE END 1 */
  63:USB_DEVICE/Target/usbd_conf.c **** 
  64:USB_DEVICE/Target/usbd_conf.c **** /*******************************************************************************
  65:USB_DEVICE/Target/usbd_conf.c ****                        LL Driver Callbacks (PCD -> USB Device Library)
  66:USB_DEVICE/Target/usbd_conf.c **** *******************************************************************************/
  67:USB_DEVICE/Target/usbd_conf.c **** /* MSP Init */
  68:USB_DEVICE/Target/usbd_conf.c **** 
  69:USB_DEVICE/Target/usbd_conf.c **** void HAL_PCD_MspInit(PCD_HandleTypeDef* pcdHandle)
  70:USB_DEVICE/Target/usbd_conf.c **** {
  30              		.loc 1 70 1 view -0
  31              		.cfi_startproc
  32              		@ args = 0, pretend = 0, frame = 32
  33              		@ frame_needed = 0, uses_anonymous_args = 0
  34              		.loc 1 70 1 is_stmt 0 view .LVU1
  35 0000 30B5     		push	{r4, r5, lr}
  36              	.LCFI0:
  37              		.cfi_def_cfa_offset 12
  38              		.cfi_offset 4, -12
  39              		.cfi_offset 5, -8
  40              		.cfi_offset 14, -4
  41 0002 89B0     		sub	sp, sp, #36
  42              	.LCFI1:
  43              		.cfi_def_cfa_offset 48
  71:USB_DEVICE/Target/usbd_conf.c ****   GPIO_InitTypeDef GPIO_InitStruct = {0};
  44              		.loc 1 71 3 is_stmt 1 view .LVU2
ARM GAS  /tmp/ccQHGLbt.s 			page 3


  45              		.loc 1 71 20 is_stmt 0 view .LVU3
  46 0004 0023     		movs	r3, #0
  47 0006 0393     		str	r3, [sp, #12]
  48 0008 0493     		str	r3, [sp, #16]
  49 000a 0593     		str	r3, [sp, #20]
  50 000c 0693     		str	r3, [sp, #24]
  51 000e 0793     		str	r3, [sp, #28]
  72:USB_DEVICE/Target/usbd_conf.c ****   if(pcdHandle->Instance==USB_OTG_FS)
  52              		.loc 1 72 3 is_stmt 1 view .LVU4
  53              		.loc 1 72 15 is_stmt 0 view .LVU5
  54 0010 0368     		ldr	r3, [r0]
  55              		.loc 1 72 5 view .LVU6
  56 0012 B3F1A04F 		cmp	r3, #1342177280
  57 0016 01D0     		beq	.L4
  58              	.LVL1:
  59              	.L1:
  73:USB_DEVICE/Target/usbd_conf.c ****   {
  74:USB_DEVICE/Target/usbd_conf.c ****   /* USER CODE BEGIN USB_OTG_FS_MspInit 0 */
  75:USB_DEVICE/Target/usbd_conf.c **** 
  76:USB_DEVICE/Target/usbd_conf.c ****   /* USER CODE END USB_OTG_FS_MspInit 0 */
  77:USB_DEVICE/Target/usbd_conf.c **** 
  78:USB_DEVICE/Target/usbd_conf.c ****     __HAL_RCC_GPIOA_CLK_ENABLE();
  79:USB_DEVICE/Target/usbd_conf.c ****     /**USB_OTG_FS GPIO Configuration
  80:USB_DEVICE/Target/usbd_conf.c ****     PA11     ------> USB_OTG_FS_DM
  81:USB_DEVICE/Target/usbd_conf.c ****     PA12     ------> USB_OTG_FS_DP
  82:USB_DEVICE/Target/usbd_conf.c ****     */
  83:USB_DEVICE/Target/usbd_conf.c ****     GPIO_InitStruct.Pin = GPIO_PIN_11|GPIO_PIN_12;
  84:USB_DEVICE/Target/usbd_conf.c ****     GPIO_InitStruct.Mode = GPIO_MODE_AF_PP;
  85:USB_DEVICE/Target/usbd_conf.c ****     GPIO_InitStruct.Pull = GPIO_NOPULL;
  86:USB_DEVICE/Target/usbd_conf.c ****     GPIO_InitStruct.Speed = GPIO_SPEED_FREQ_VERY_HIGH;
  87:USB_DEVICE/Target/usbd_conf.c ****     GPIO_InitStruct.Alternate = GPIO_AF10_OTG_FS;
  88:USB_DEVICE/Target/usbd_conf.c ****     HAL_GPIO_Init(GPIOA, &GPIO_InitStruct);
  89:USB_DEVICE/Target/usbd_conf.c **** 
  90:USB_DEVICE/Target/usbd_conf.c ****     /* Peripheral clock enable */
  91:USB_DEVICE/Target/usbd_conf.c ****     __HAL_RCC_USB_OTG_FS_CLK_ENABLE();
  92:USB_DEVICE/Target/usbd_conf.c **** 
  93:USB_DEVICE/Target/usbd_conf.c ****     /* Peripheral interrupt init */
  94:USB_DEVICE/Target/usbd_conf.c ****     HAL_NVIC_SetPriority(OTG_FS_IRQn, 5, 0);
  95:USB_DEVICE/Target/usbd_conf.c ****     HAL_NVIC_EnableIRQ(OTG_FS_IRQn);
  96:USB_DEVICE/Target/usbd_conf.c ****   /* USER CODE BEGIN USB_OTG_FS_MspInit 1 */
  97:USB_DEVICE/Target/usbd_conf.c **** 
  98:USB_DEVICE/Target/usbd_conf.c ****   /* USER CODE END USB_OTG_FS_MspInit 1 */
  99:USB_DEVICE/Target/usbd_conf.c ****   }
 100:USB_DEVICE/Target/usbd_conf.c **** }
  60              		.loc 1 100 1 view .LVU7
  61 0018 09B0     		add	sp, sp, #36
  62              	.LCFI2:
  63              		.cfi_remember_state
  64              		.cfi_def_cfa_offset 12
  65              		@ sp needed
  66 001a 30BD     		pop	{r4, r5, pc}
  67              	.LVL2:
  68              	.L4:
  69              	.LCFI3:
  70              		.cfi_restore_state
  78:USB_DEVICE/Target/usbd_conf.c ****     /**USB_OTG_FS GPIO Configuration
  71              		.loc 1 78 5 is_stmt 1 view .LVU8
ARM GAS  /tmp/ccQHGLbt.s 			page 4


  72              	.LBB2:
  78:USB_DEVICE/Target/usbd_conf.c ****     /**USB_OTG_FS GPIO Configuration
  73              		.loc 1 78 5 view .LVU9
  74 001c 0025     		movs	r5, #0
  75 001e 0195     		str	r5, [sp, #4]
  78:USB_DEVICE/Target/usbd_conf.c ****     /**USB_OTG_FS GPIO Configuration
  76              		.loc 1 78 5 view .LVU10
  77 0020 164C     		ldr	r4, .L5
  78 0022 236B     		ldr	r3, [r4, #48]
  79 0024 43F00103 		orr	r3, r3, #1
  80 0028 2363     		str	r3, [r4, #48]
  78:USB_DEVICE/Target/usbd_conf.c ****     /**USB_OTG_FS GPIO Configuration
  81              		.loc 1 78 5 view .LVU11
  82 002a 236B     		ldr	r3, [r4, #48]
  83 002c 03F00103 		and	r3, r3, #1
  84 0030 0193     		str	r3, [sp, #4]
  78:USB_DEVICE/Target/usbd_conf.c ****     /**USB_OTG_FS GPIO Configuration
  85              		.loc 1 78 5 view .LVU12
  86 0032 019B     		ldr	r3, [sp, #4]
  87              	.LBE2:
  78:USB_DEVICE/Target/usbd_conf.c ****     /**USB_OTG_FS GPIO Configuration
  88              		.loc 1 78 5 view .LVU13
  83:USB_DEVICE/Target/usbd_conf.c ****     GPIO_InitStruct.Mode = GPIO_MODE_AF_PP;
  89              		.loc 1 83 5 view .LVU14
  83:USB_DEVICE/Target/usbd_conf.c ****     GPIO_InitStruct.Mode = GPIO_MODE_AF_PP;
  90              		.loc 1 83 25 is_stmt 0 view .LVU15
  91 0034 4FF4C053 		mov	r3, #6144
  92 0038 0393     		str	r3, [sp, #12]
  84:USB_DEVICE/Target/usbd_conf.c ****     GPIO_InitStruct.Pull = GPIO_NOPULL;
  93              		.loc 1 84 5 is_stmt 1 view .LVU16
  84:USB_DEVICE/Target/usbd_conf.c ****     GPIO_InitStruct.Pull = GPIO_NOPULL;
  94              		.loc 1 84 26 is_stmt 0 view .LVU17
  95 003a 0223     		movs	r3, #2
  96 003c 0493     		str	r3, [sp, #16]
  85:USB_DEVICE/Target/usbd_conf.c ****     GPIO_InitStruct.Speed = GPIO_SPEED_FREQ_VERY_HIGH;
  97              		.loc 1 85 5 is_stmt 1 view .LVU18
  86:USB_DEVICE/Target/usbd_conf.c ****     GPIO_InitStruct.Alternate = GPIO_AF10_OTG_FS;
  98              		.loc 1 86 5 view .LVU19
  86:USB_DEVICE/Target/usbd_conf.c ****     GPIO_InitStruct.Alternate = GPIO_AF10_OTG_FS;
  99              		.loc 1 86 27 is_stmt 0 view .LVU20
 100 003e 0323     		movs	r3, #3
 101 0040 0693     		str	r3, [sp, #24]
  87:USB_DEVICE/Target/usbd_conf.c ****     HAL_GPIO_Init(GPIOA, &GPIO_InitStruct);
 102              		.loc 1 87 5 is_stmt 1 view .LVU21
  87:USB_DEVICE/Target/usbd_conf.c ****     HAL_GPIO_Init(GPIOA, &GPIO_InitStruct);
 103              		.loc 1 87 31 is_stmt 0 view .LVU22
 104 0042 0A23     		movs	r3, #10
 105 0044 0793     		str	r3, [sp, #28]
  88:USB_DEVICE/Target/usbd_conf.c **** 
 106              		.loc 1 88 5 is_stmt 1 view .LVU23
 107 0046 03A9     		add	r1, sp, #12
 108 0048 0D48     		ldr	r0, .L5+4
 109              	.LVL3:
  88:USB_DEVICE/Target/usbd_conf.c **** 
 110              		.loc 1 88 5 is_stmt 0 view .LVU24
 111 004a FFF7FEFF 		bl	HAL_GPIO_Init
 112              	.LVL4:
ARM GAS  /tmp/ccQHGLbt.s 			page 5


  91:USB_DEVICE/Target/usbd_conf.c **** 
 113              		.loc 1 91 5 is_stmt 1 view .LVU25
  91:USB_DEVICE/Target/usbd_conf.c **** 
 114              		.loc 1 91 5 view .LVU26
 115 004e 636B     		ldr	r3, [r4, #52]
 116 0050 43F08003 		orr	r3, r3, #128
 117 0054 6363     		str	r3, [r4, #52]
  91:USB_DEVICE/Target/usbd_conf.c **** 
 118              		.loc 1 91 5 view .LVU27
 119              	.LBB3:
  91:USB_DEVICE/Target/usbd_conf.c **** 
 120              		.loc 1 91 5 view .LVU28
 121 0056 0295     		str	r5, [sp, #8]
  91:USB_DEVICE/Target/usbd_conf.c **** 
 122              		.loc 1 91 5 view .LVU29
 123 0058 636C     		ldr	r3, [r4, #68]
 124 005a 43F48043 		orr	r3, r3, #16384
 125 005e 6364     		str	r3, [r4, #68]
  91:USB_DEVICE/Target/usbd_conf.c **** 
 126              		.loc 1 91 5 view .LVU30
 127 0060 636C     		ldr	r3, [r4, #68]
 128 0062 03F48043 		and	r3, r3, #16384
 129 0066 0293     		str	r3, [sp, #8]
  91:USB_DEVICE/Target/usbd_conf.c **** 
 130              		.loc 1 91 5 view .LVU31
 131 0068 029B     		ldr	r3, [sp, #8]
 132              	.LBE3:
  91:USB_DEVICE/Target/usbd_conf.c **** 
 133              		.loc 1 91 5 view .LVU32
  91:USB_DEVICE/Target/usbd_conf.c **** 
 134              		.loc 1 91 5 view .LVU33
  94:USB_DEVICE/Target/usbd_conf.c ****     HAL_NVIC_EnableIRQ(OTG_FS_IRQn);
 135              		.loc 1 94 5 view .LVU34
 136 006a 2A46     		mov	r2, r5
 137 006c 0521     		movs	r1, #5
 138 006e 4320     		movs	r0, #67
 139 0070 FFF7FEFF 		bl	HAL_NVIC_SetPriority
 140              	.LVL5:
  95:USB_DEVICE/Target/usbd_conf.c ****   /* USER CODE BEGIN USB_OTG_FS_MspInit 1 */
 141              		.loc 1 95 5 view .LVU35
 142 0074 4320     		movs	r0, #67
 143 0076 FFF7FEFF 		bl	HAL_NVIC_EnableIRQ
 144              	.LVL6:
 145              		.loc 1 100 1 is_stmt 0 view .LVU36
 146 007a CDE7     		b	.L1
 147              	.L6:
 148              		.align	2
 149              	.L5:
 150 007c 00380240 		.word	1073887232
 151 0080 00000240 		.word	1073872896
 152              		.cfi_endproc
 153              	.LFE138:
 155              		.section	.text.HAL_PCD_MspDeInit,"ax",%progbits
 156              		.align	1
 157              		.global	HAL_PCD_MspDeInit
 158              		.syntax unified
 159              		.thumb
ARM GAS  /tmp/ccQHGLbt.s 			page 6


 160              		.thumb_func
 161              		.fpu fpv4-sp-d16
 163              	HAL_PCD_MspDeInit:
 164              	.LVL7:
 165              	.LFB139:
 101:USB_DEVICE/Target/usbd_conf.c **** 
 102:USB_DEVICE/Target/usbd_conf.c **** void HAL_PCD_MspDeInit(PCD_HandleTypeDef* pcdHandle)
 103:USB_DEVICE/Target/usbd_conf.c **** {
 166              		.loc 1 103 1 is_stmt 1 view -0
 167              		.cfi_startproc
 168              		@ args = 0, pretend = 0, frame = 0
 169              		@ frame_needed = 0, uses_anonymous_args = 0
 170              		.loc 1 103 1 is_stmt 0 view .LVU38
 171 0000 08B5     		push	{r3, lr}
 172              	.LCFI4:
 173              		.cfi_def_cfa_offset 8
 174              		.cfi_offset 3, -8
 175              		.cfi_offset 14, -4
 104:USB_DEVICE/Target/usbd_conf.c ****   if(pcdHandle->Instance==USB_OTG_FS)
 176              		.loc 1 104 3 is_stmt 1 view .LVU39
 177              		.loc 1 104 15 is_stmt 0 view .LVU40
 178 0002 0368     		ldr	r3, [r0]
 179              		.loc 1 104 5 view .LVU41
 180 0004 B3F1A04F 		cmp	r3, #1342177280
 181 0008 00D0     		beq	.L10
 182              	.LVL8:
 183              	.L7:
 105:USB_DEVICE/Target/usbd_conf.c ****   {
 106:USB_DEVICE/Target/usbd_conf.c ****   /* USER CODE BEGIN USB_OTG_FS_MspDeInit 0 */
 107:USB_DEVICE/Target/usbd_conf.c **** 
 108:USB_DEVICE/Target/usbd_conf.c ****   /* USER CODE END USB_OTG_FS_MspDeInit 0 */
 109:USB_DEVICE/Target/usbd_conf.c ****     /* Peripheral clock disable */
 110:USB_DEVICE/Target/usbd_conf.c ****     __HAL_RCC_USB_OTG_FS_CLK_DISABLE();
 111:USB_DEVICE/Target/usbd_conf.c **** 
 112:USB_DEVICE/Target/usbd_conf.c ****     /**USB_OTG_FS GPIO Configuration
 113:USB_DEVICE/Target/usbd_conf.c ****     PA11     ------> USB_OTG_FS_DM
 114:USB_DEVICE/Target/usbd_conf.c ****     PA12     ------> USB_OTG_FS_DP
 115:USB_DEVICE/Target/usbd_conf.c ****     */
 116:USB_DEVICE/Target/usbd_conf.c ****     HAL_GPIO_DeInit(GPIOA, GPIO_PIN_11|GPIO_PIN_12);
 117:USB_DEVICE/Target/usbd_conf.c **** 
 118:USB_DEVICE/Target/usbd_conf.c ****     /* Peripheral interrupt Deinit*/
 119:USB_DEVICE/Target/usbd_conf.c ****     HAL_NVIC_DisableIRQ(OTG_FS_IRQn);
 120:USB_DEVICE/Target/usbd_conf.c **** 
 121:USB_DEVICE/Target/usbd_conf.c ****   /* USER CODE BEGIN USB_OTG_FS_MspDeInit 1 */
 122:USB_DEVICE/Target/usbd_conf.c **** 
 123:USB_DEVICE/Target/usbd_conf.c ****   /* USER CODE END USB_OTG_FS_MspDeInit 1 */
 124:USB_DEVICE/Target/usbd_conf.c ****   }
 125:USB_DEVICE/Target/usbd_conf.c **** }
 184              		.loc 1 125 1 view .LVU42
 185 000a 08BD     		pop	{r3, pc}
 186              	.LVL9:
 187              	.L10:
 110:USB_DEVICE/Target/usbd_conf.c **** 
 188              		.loc 1 110 5 is_stmt 1 view .LVU43
 189 000c 064A     		ldr	r2, .L11
 190 000e 536B     		ldr	r3, [r2, #52]
 191 0010 23F08003 		bic	r3, r3, #128
ARM GAS  /tmp/ccQHGLbt.s 			page 7


 192 0014 5363     		str	r3, [r2, #52]
 116:USB_DEVICE/Target/usbd_conf.c **** 
 193              		.loc 1 116 5 view .LVU44
 194 0016 4FF4C051 		mov	r1, #6144
 195 001a 0448     		ldr	r0, .L11+4
 196              	.LVL10:
 116:USB_DEVICE/Target/usbd_conf.c **** 
 197              		.loc 1 116 5 is_stmt 0 view .LVU45
 198 001c FFF7FEFF 		bl	HAL_GPIO_DeInit
 199              	.LVL11:
 119:USB_DEVICE/Target/usbd_conf.c **** 
 200              		.loc 1 119 5 is_stmt 1 view .LVU46
 201 0020 4320     		movs	r0, #67
 202 0022 FFF7FEFF 		bl	HAL_NVIC_DisableIRQ
 203              	.LVL12:
 204              		.loc 1 125 1 is_stmt 0 view .LVU47
 205 0026 F0E7     		b	.L7
 206              	.L12:
 207              		.align	2
 208              	.L11:
 209 0028 00380240 		.word	1073887232
 210 002c 00000240 		.word	1073872896
 211              		.cfi_endproc
 212              	.LFE139:
 214              		.section	.text.HAL_PCD_SetupStageCallback,"ax",%progbits
 215              		.align	1
 216              		.global	HAL_PCD_SetupStageCallback
 217              		.syntax unified
 218              		.thumb
 219              		.thumb_func
 220              		.fpu fpv4-sp-d16
 222              	HAL_PCD_SetupStageCallback:
 223              	.LVL13:
 224              	.LFB140:
 126:USB_DEVICE/Target/usbd_conf.c **** 
 127:USB_DEVICE/Target/usbd_conf.c **** /**
 128:USB_DEVICE/Target/usbd_conf.c ****   * @brief  Setup stage callback
 129:USB_DEVICE/Target/usbd_conf.c ****   * @param  hpcd: PCD handle
 130:USB_DEVICE/Target/usbd_conf.c ****   * @retval None
 131:USB_DEVICE/Target/usbd_conf.c ****   */
 132:USB_DEVICE/Target/usbd_conf.c **** #if (USE_HAL_PCD_REGISTER_CALLBACKS == 1U)
 133:USB_DEVICE/Target/usbd_conf.c **** static void PCD_SetupStageCallback(PCD_HandleTypeDef *hpcd)
 134:USB_DEVICE/Target/usbd_conf.c **** #else
 135:USB_DEVICE/Target/usbd_conf.c **** void HAL_PCD_SetupStageCallback(PCD_HandleTypeDef *hpcd)
 136:USB_DEVICE/Target/usbd_conf.c **** #endif /* USE_HAL_PCD_REGISTER_CALLBACKS */
 137:USB_DEVICE/Target/usbd_conf.c **** {
 225              		.loc 1 137 1 is_stmt 1 view -0
 226              		.cfi_startproc
 227              		@ args = 0, pretend = 0, frame = 0
 228              		@ frame_needed = 0, uses_anonymous_args = 0
 229              		.loc 1 137 1 is_stmt 0 view .LVU49
 230 0000 08B5     		push	{r3, lr}
 231              	.LCFI5:
 232              		.cfi_def_cfa_offset 8
 233              		.cfi_offset 3, -8
 234              		.cfi_offset 14, -4
 138:USB_DEVICE/Target/usbd_conf.c ****   USBD_LL_SetupStage((USBD_HandleTypeDef*)hpcd->pData, (uint8_t *)hpcd->Setup);
ARM GAS  /tmp/ccQHGLbt.s 			page 8


 235              		.loc 1 138 3 is_stmt 1 view .LVU50
 236 0002 00F29C41 		addw	r1, r0, #1180
 237 0006 D0F8E004 		ldr	r0, [r0, #1248]
 238              	.LVL14:
 239              		.loc 1 138 3 is_stmt 0 view .LVU51
 240 000a FFF7FEFF 		bl	USBD_LL_SetupStage
 241              	.LVL15:
 139:USB_DEVICE/Target/usbd_conf.c **** }
 242              		.loc 1 139 1 view .LVU52
 243 000e 08BD     		pop	{r3, pc}
 244              		.cfi_endproc
 245              	.LFE140:
 247              		.section	.text.HAL_PCD_DataOutStageCallback,"ax",%progbits
 248              		.align	1
 249              		.global	HAL_PCD_DataOutStageCallback
 250              		.syntax unified
 251              		.thumb
 252              		.thumb_func
 253              		.fpu fpv4-sp-d16
 255              	HAL_PCD_DataOutStageCallback:
 256              	.LVL16:
 257              	.LFB141:
 140:USB_DEVICE/Target/usbd_conf.c **** 
 141:USB_DEVICE/Target/usbd_conf.c **** /**
 142:USB_DEVICE/Target/usbd_conf.c ****   * @brief  Data Out stage callback.
 143:USB_DEVICE/Target/usbd_conf.c ****   * @param  hpcd: PCD handle
 144:USB_DEVICE/Target/usbd_conf.c ****   * @param  epnum: Endpoint number
 145:USB_DEVICE/Target/usbd_conf.c ****   * @retval None
 146:USB_DEVICE/Target/usbd_conf.c ****   */
 147:USB_DEVICE/Target/usbd_conf.c **** #if (USE_HAL_PCD_REGISTER_CALLBACKS == 1U)
 148:USB_DEVICE/Target/usbd_conf.c **** static void PCD_DataOutStageCallback(PCD_HandleTypeDef *hpcd, uint8_t epnum)
 149:USB_DEVICE/Target/usbd_conf.c **** #else
 150:USB_DEVICE/Target/usbd_conf.c **** void HAL_PCD_DataOutStageCallback(PCD_HandleTypeDef *hpcd, uint8_t epnum)
 151:USB_DEVICE/Target/usbd_conf.c **** #endif /* USE_HAL_PCD_REGISTER_CALLBACKS */
 152:USB_DEVICE/Target/usbd_conf.c **** {
 258              		.loc 1 152 1 is_stmt 1 view -0
 259              		.cfi_startproc
 260              		@ args = 0, pretend = 0, frame = 0
 261              		@ frame_needed = 0, uses_anonymous_args = 0
 262              		.loc 1 152 1 is_stmt 0 view .LVU54
 263 0000 08B5     		push	{r3, lr}
 264              	.LCFI6:
 265              		.cfi_def_cfa_offset 8
 266              		.cfi_offset 3, -8
 267              		.cfi_offset 14, -4
 153:USB_DEVICE/Target/usbd_conf.c ****   USBD_LL_DataOutStage((USBD_HandleTypeDef*)hpcd->pData, epnum, hpcd->OUT_ep[epnum].xfer_buff);
 268              		.loc 1 153 3 is_stmt 1 view .LVU55
 269 0002 01EBC103 		add	r3, r1, r1, lsl #3
 270 0006 00EB8303 		add	r3, r0, r3, lsl #2
 271 000a D3F86022 		ldr	r2, [r3, #608]
 272 000e D0F8E004 		ldr	r0, [r0, #1248]
 273              	.LVL17:
 274              		.loc 1 153 3 is_stmt 0 view .LVU56
 275 0012 FFF7FEFF 		bl	USBD_LL_DataOutStage
 276              	.LVL18:
 154:USB_DEVICE/Target/usbd_conf.c **** }
 277              		.loc 1 154 1 view .LVU57
ARM GAS  /tmp/ccQHGLbt.s 			page 9


 278 0016 08BD     		pop	{r3, pc}
 279              		.cfi_endproc
 280              	.LFE141:
 282              		.section	.text.HAL_PCD_DataInStageCallback,"ax",%progbits
 283              		.align	1
 284              		.global	HAL_PCD_DataInStageCallback
 285              		.syntax unified
 286              		.thumb
 287              		.thumb_func
 288              		.fpu fpv4-sp-d16
 290              	HAL_PCD_DataInStageCallback:
 291              	.LVL19:
 292              	.LFB142:
 155:USB_DEVICE/Target/usbd_conf.c **** 
 156:USB_DEVICE/Target/usbd_conf.c **** /**
 157:USB_DEVICE/Target/usbd_conf.c ****   * @brief  Data In stage callback.
 158:USB_DEVICE/Target/usbd_conf.c ****   * @param  hpcd: PCD handle
 159:USB_DEVICE/Target/usbd_conf.c ****   * @param  epnum: Endpoint number
 160:USB_DEVICE/Target/usbd_conf.c ****   * @retval None
 161:USB_DEVICE/Target/usbd_conf.c ****   */
 162:USB_DEVICE/Target/usbd_conf.c **** #if (USE_HAL_PCD_REGISTER_CALLBACKS == 1U)
 163:USB_DEVICE/Target/usbd_conf.c **** static void PCD_DataInStageCallback(PCD_HandleTypeDef *hpcd, uint8_t epnum)
 164:USB_DEVICE/Target/usbd_conf.c **** #else
 165:USB_DEVICE/Target/usbd_conf.c **** void HAL_PCD_DataInStageCallback(PCD_HandleTypeDef *hpcd, uint8_t epnum)
 166:USB_DEVICE/Target/usbd_conf.c **** #endif /* USE_HAL_PCD_REGISTER_CALLBACKS */
 167:USB_DEVICE/Target/usbd_conf.c **** {
 293              		.loc 1 167 1 is_stmt 1 view -0
 294              		.cfi_startproc
 295              		@ args = 0, pretend = 0, frame = 0
 296              		@ frame_needed = 0, uses_anonymous_args = 0
 297              		.loc 1 167 1 is_stmt 0 view .LVU59
 298 0000 08B5     		push	{r3, lr}
 299              	.LCFI7:
 300              		.cfi_def_cfa_offset 8
 301              		.cfi_offset 3, -8
 302              		.cfi_offset 14, -4
 168:USB_DEVICE/Target/usbd_conf.c ****   USBD_LL_DataInStage((USBD_HandleTypeDef*)hpcd->pData, epnum, hpcd->IN_ep[epnum].xfer_buff);
 303              		.loc 1 168 3 is_stmt 1 view .LVU60
 304 0002 01EBC103 		add	r3, r1, r1, lsl #3
 305 0006 00EB8303 		add	r3, r0, r3, lsl #2
 306 000a 1A6A     		ldr	r2, [r3, #32]
 307 000c D0F8E004 		ldr	r0, [r0, #1248]
 308              	.LVL20:
 309              		.loc 1 168 3 is_stmt 0 view .LVU61
 310 0010 FFF7FEFF 		bl	USBD_LL_DataInStage
 311              	.LVL21:
 169:USB_DEVICE/Target/usbd_conf.c **** }
 312              		.loc 1 169 1 view .LVU62
 313 0014 08BD     		pop	{r3, pc}
 314              		.cfi_endproc
 315              	.LFE142:
 317              		.section	.text.HAL_PCD_SOFCallback,"ax",%progbits
 318              		.align	1
 319              		.global	HAL_PCD_SOFCallback
 320              		.syntax unified
 321              		.thumb
 322              		.thumb_func
ARM GAS  /tmp/ccQHGLbt.s 			page 10


 323              		.fpu fpv4-sp-d16
 325              	HAL_PCD_SOFCallback:
 326              	.LVL22:
 327              	.LFB143:
 170:USB_DEVICE/Target/usbd_conf.c **** 
 171:USB_DEVICE/Target/usbd_conf.c **** /**
 172:USB_DEVICE/Target/usbd_conf.c ****   * @brief  SOF callback.
 173:USB_DEVICE/Target/usbd_conf.c ****   * @param  hpcd: PCD handle
 174:USB_DEVICE/Target/usbd_conf.c ****   * @retval None
 175:USB_DEVICE/Target/usbd_conf.c ****   */
 176:USB_DEVICE/Target/usbd_conf.c **** #if (USE_HAL_PCD_REGISTER_CALLBACKS == 1U)
 177:USB_DEVICE/Target/usbd_conf.c **** static void PCD_SOFCallback(PCD_HandleTypeDef *hpcd)
 178:USB_DEVICE/Target/usbd_conf.c **** #else
 179:USB_DEVICE/Target/usbd_conf.c **** void HAL_PCD_SOFCallback(PCD_HandleTypeDef *hpcd)
 180:USB_DEVICE/Target/usbd_conf.c **** #endif /* USE_HAL_PCD_REGISTER_CALLBACKS */
 181:USB_DEVICE/Target/usbd_conf.c **** {
 328              		.loc 1 181 1 is_stmt 1 view -0
 329              		.cfi_startproc
 330              		@ args = 0, pretend = 0, frame = 0
 331              		@ frame_needed = 0, uses_anonymous_args = 0
 332              		.loc 1 181 1 is_stmt 0 view .LVU64
 333 0000 08B5     		push	{r3, lr}
 334              	.LCFI8:
 335              		.cfi_def_cfa_offset 8
 336              		.cfi_offset 3, -8
 337              		.cfi_offset 14, -4
 182:USB_DEVICE/Target/usbd_conf.c ****   USBD_LL_SOF((USBD_HandleTypeDef*)hpcd->pData);
 338              		.loc 1 182 3 is_stmt 1 view .LVU65
 339 0002 D0F8E004 		ldr	r0, [r0, #1248]
 340              	.LVL23:
 341              		.loc 1 182 3 is_stmt 0 view .LVU66
 342 0006 FFF7FEFF 		bl	USBD_LL_SOF
 343              	.LVL24:
 183:USB_DEVICE/Target/usbd_conf.c **** }
 344              		.loc 1 183 1 view .LVU67
 345 000a 08BD     		pop	{r3, pc}
 346              		.cfi_endproc
 347              	.LFE143:
 349              		.section	.text.HAL_PCD_ResetCallback,"ax",%progbits
 350              		.align	1
 351              		.global	HAL_PCD_ResetCallback
 352              		.syntax unified
 353              		.thumb
 354              		.thumb_func
 355              		.fpu fpv4-sp-d16
 357              	HAL_PCD_ResetCallback:
 358              	.LVL25:
 359              	.LFB144:
 184:USB_DEVICE/Target/usbd_conf.c **** 
 185:USB_DEVICE/Target/usbd_conf.c **** /**
 186:USB_DEVICE/Target/usbd_conf.c ****   * @brief  Reset callback.
 187:USB_DEVICE/Target/usbd_conf.c ****   * @param  hpcd: PCD handle
 188:USB_DEVICE/Target/usbd_conf.c ****   * @retval None
 189:USB_DEVICE/Target/usbd_conf.c ****   */
 190:USB_DEVICE/Target/usbd_conf.c **** #if (USE_HAL_PCD_REGISTER_CALLBACKS == 1U)
 191:USB_DEVICE/Target/usbd_conf.c **** static void PCD_ResetCallback(PCD_HandleTypeDef *hpcd)
 192:USB_DEVICE/Target/usbd_conf.c **** #else
ARM GAS  /tmp/ccQHGLbt.s 			page 11


 193:USB_DEVICE/Target/usbd_conf.c **** void HAL_PCD_ResetCallback(PCD_HandleTypeDef *hpcd)
 194:USB_DEVICE/Target/usbd_conf.c **** #endif /* USE_HAL_PCD_REGISTER_CALLBACKS */
 195:USB_DEVICE/Target/usbd_conf.c **** {
 360              		.loc 1 195 1 is_stmt 1 view -0
 361              		.cfi_startproc
 362              		@ args = 0, pretend = 0, frame = 0
 363              		@ frame_needed = 0, uses_anonymous_args = 0
 364              		.loc 1 195 1 is_stmt 0 view .LVU69
 365 0000 10B5     		push	{r4, lr}
 366              	.LCFI9:
 367              		.cfi_def_cfa_offset 8
 368              		.cfi_offset 4, -8
 369              		.cfi_offset 14, -4
 370 0002 0446     		mov	r4, r0
 196:USB_DEVICE/Target/usbd_conf.c ****   USBD_SpeedTypeDef speed = USBD_SPEED_FULL;
 371              		.loc 1 196 3 is_stmt 1 view .LVU70
 372              	.LVL26:
 197:USB_DEVICE/Target/usbd_conf.c **** 
 198:USB_DEVICE/Target/usbd_conf.c ****   if ( hpcd->Init.speed == PCD_SPEED_HIGH)
 373              		.loc 1 198 3 view .LVU71
 374              		.loc 1 198 18 is_stmt 0 view .LVU72
 375 0004 C179     		ldrb	r1, [r0, #7]	@ zero_extendqisi2
 376              		.loc 1 198 6 view .LVU73
 377 0006 11B1     		cbz	r1, .L22
 199:USB_DEVICE/Target/usbd_conf.c ****   {
 200:USB_DEVICE/Target/usbd_conf.c ****     speed = USBD_SPEED_HIGH;
 201:USB_DEVICE/Target/usbd_conf.c ****   }
 202:USB_DEVICE/Target/usbd_conf.c ****   else if ( hpcd->Init.speed == PCD_SPEED_FULL)
 378              		.loc 1 202 8 is_stmt 1 view .LVU74
 379              		.loc 1 202 11 is_stmt 0 view .LVU75
 380 0008 0229     		cmp	r1, #2
 381 000a 09D1     		bne	.L25
 203:USB_DEVICE/Target/usbd_conf.c ****   {
 204:USB_DEVICE/Target/usbd_conf.c ****     speed = USBD_SPEED_FULL;
 382              		.loc 1 204 11 view .LVU76
 383 000c 0121     		movs	r1, #1
 384              	.LVL27:
 385              	.L22:
 205:USB_DEVICE/Target/usbd_conf.c ****   }
 206:USB_DEVICE/Target/usbd_conf.c ****   else
 207:USB_DEVICE/Target/usbd_conf.c ****   {
 208:USB_DEVICE/Target/usbd_conf.c ****     Error_Handler();
 209:USB_DEVICE/Target/usbd_conf.c ****   }
 210:USB_DEVICE/Target/usbd_conf.c ****     /* Set Speed. */
 211:USB_DEVICE/Target/usbd_conf.c ****   USBD_LL_SetSpeed((USBD_HandleTypeDef*)hpcd->pData, speed);
 386              		.loc 1 211 3 is_stmt 1 view .LVU77
 387 000e D4F8E004 		ldr	r0, [r4, #1248]
 388 0012 FFF7FEFF 		bl	USBD_LL_SetSpeed
 389              	.LVL28:
 212:USB_DEVICE/Target/usbd_conf.c **** 
 213:USB_DEVICE/Target/usbd_conf.c ****   /* Reset Device. */
 214:USB_DEVICE/Target/usbd_conf.c ****   USBD_LL_Reset((USBD_HandleTypeDef*)hpcd->pData);
 390              		.loc 1 214 3 view .LVU78
 391 0016 D4F8E004 		ldr	r0, [r4, #1248]
 392 001a FFF7FEFF 		bl	USBD_LL_Reset
 393              	.LVL29:
 215:USB_DEVICE/Target/usbd_conf.c **** }
ARM GAS  /tmp/ccQHGLbt.s 			page 12


 394              		.loc 1 215 1 is_stmt 0 view .LVU79
 395 001e 10BD     		pop	{r4, pc}
 396              	.LVL30:
 397              	.L25:
 208:USB_DEVICE/Target/usbd_conf.c ****   }
 398              		.loc 1 208 5 is_stmt 1 view .LVU80
 399 0020 FFF7FEFF 		bl	Error_Handler
 400              	.LVL31:
 196:USB_DEVICE/Target/usbd_conf.c **** 
 401              		.loc 1 196 21 is_stmt 0 view .LVU81
 402 0024 0121     		movs	r1, #1
 403 0026 F2E7     		b	.L22
 404              		.cfi_endproc
 405              	.LFE144:
 407              		.section	.text.HAL_PCD_SuspendCallback,"ax",%progbits
 408              		.align	1
 409              		.global	HAL_PCD_SuspendCallback
 410              		.syntax unified
 411              		.thumb
 412              		.thumb_func
 413              		.fpu fpv4-sp-d16
 415              	HAL_PCD_SuspendCallback:
 416              	.LVL32:
 417              	.LFB145:
 216:USB_DEVICE/Target/usbd_conf.c **** 
 217:USB_DEVICE/Target/usbd_conf.c **** /**
 218:USB_DEVICE/Target/usbd_conf.c ****   * @brief  Suspend callback.
 219:USB_DEVICE/Target/usbd_conf.c ****   * When Low power mode is enabled the debug cannot be used (IAR, Keil doesn't support it)
 220:USB_DEVICE/Target/usbd_conf.c ****   * @param  hpcd: PCD handle
 221:USB_DEVICE/Target/usbd_conf.c ****   * @retval None
 222:USB_DEVICE/Target/usbd_conf.c ****   */
 223:USB_DEVICE/Target/usbd_conf.c **** #if (USE_HAL_PCD_REGISTER_CALLBACKS == 1U)
 224:USB_DEVICE/Target/usbd_conf.c **** static void PCD_SuspendCallback(PCD_HandleTypeDef *hpcd)
 225:USB_DEVICE/Target/usbd_conf.c **** #else
 226:USB_DEVICE/Target/usbd_conf.c **** void HAL_PCD_SuspendCallback(PCD_HandleTypeDef *hpcd)
 227:USB_DEVICE/Target/usbd_conf.c **** #endif /* USE_HAL_PCD_REGISTER_CALLBACKS */
 228:USB_DEVICE/Target/usbd_conf.c **** {
 418              		.loc 1 228 1 is_stmt 1 view -0
 419              		.cfi_startproc
 420              		@ args = 0, pretend = 0, frame = 0
 421              		@ frame_needed = 0, uses_anonymous_args = 0
 422              		.loc 1 228 1 is_stmt 0 view .LVU83
 423 0000 10B5     		push	{r4, lr}
 424              	.LCFI10:
 425              		.cfi_def_cfa_offset 8
 426              		.cfi_offset 4, -8
 427              		.cfi_offset 14, -4
 428 0002 0446     		mov	r4, r0
 229:USB_DEVICE/Target/usbd_conf.c ****   /* Inform USB library that core enters in suspend Mode. */
 230:USB_DEVICE/Target/usbd_conf.c ****   USBD_LL_Suspend((USBD_HandleTypeDef*)hpcd->pData);
 429              		.loc 1 230 3 is_stmt 1 view .LVU84
 430 0004 D0F8E004 		ldr	r0, [r0, #1248]
 431              	.LVL33:
 432              		.loc 1 230 3 is_stmt 0 view .LVU85
 433 0008 FFF7FEFF 		bl	USBD_LL_Suspend
 434              	.LVL34:
 231:USB_DEVICE/Target/usbd_conf.c ****   __HAL_PCD_GATE_PHYCLOCK(hpcd);
ARM GAS  /tmp/ccQHGLbt.s 			page 13


 435              		.loc 1 231 3 is_stmt 1 view .LVU86
 436 000c 2268     		ldr	r2, [r4]
 437 000e D2F8003E 		ldr	r3, [r2, #3584]
 438 0012 43F00103 		orr	r3, r3, #1
 439 0016 C2F8003E 		str	r3, [r2, #3584]
 232:USB_DEVICE/Target/usbd_conf.c ****   /* Enter in STOP mode. */
 233:USB_DEVICE/Target/usbd_conf.c ****   /* USER CODE BEGIN 2 */
 234:USB_DEVICE/Target/usbd_conf.c ****   if (hpcd->Init.low_power_enable)
 440              		.loc 1 234 3 view .LVU87
 441              		.loc 1 234 17 is_stmt 0 view .LVU88
 442 001a E37A     		ldrb	r3, [r4, #11]	@ zero_extendqisi2
 443              		.loc 1 234 6 view .LVU89
 444 001c 23B1     		cbz	r3, .L26
 235:USB_DEVICE/Target/usbd_conf.c ****   {
 236:USB_DEVICE/Target/usbd_conf.c ****     /* Set SLEEPDEEP bit and SleepOnExit of Cortex System Control Register. */
 237:USB_DEVICE/Target/usbd_conf.c ****     SCB->SCR |= (uint32_t)((uint32_t)(SCB_SCR_SLEEPDEEP_Msk | SCB_SCR_SLEEPONEXIT_Msk));
 445              		.loc 1 237 5 is_stmt 1 view .LVU90
 446              		.loc 1 237 14 is_stmt 0 view .LVU91
 447 001e 034A     		ldr	r2, .L29
 448 0020 1369     		ldr	r3, [r2, #16]
 449 0022 43F00603 		orr	r3, r3, #6
 450 0026 1361     		str	r3, [r2, #16]
 451              	.L26:
 238:USB_DEVICE/Target/usbd_conf.c ****   }
 239:USB_DEVICE/Target/usbd_conf.c ****   /* USER CODE END 2 */
 240:USB_DEVICE/Target/usbd_conf.c **** }
 452              		.loc 1 240 1 view .LVU92
 453 0028 10BD     		pop	{r4, pc}
 454              	.LVL35:
 455              	.L30:
 456              		.loc 1 240 1 view .LVU93
 457 002a 00BF     		.align	2
 458              	.L29:
 459 002c 00ED00E0 		.word	-536810240
 460              		.cfi_endproc
 461              	.LFE145:
 463              		.section	.text.HAL_PCD_ResumeCallback,"ax",%progbits
 464              		.align	1
 465              		.global	HAL_PCD_ResumeCallback
 466              		.syntax unified
 467              		.thumb
 468              		.thumb_func
 469              		.fpu fpv4-sp-d16
 471              	HAL_PCD_ResumeCallback:
 472              	.LVL36:
 473              	.LFB146:
 241:USB_DEVICE/Target/usbd_conf.c **** 
 242:USB_DEVICE/Target/usbd_conf.c **** /**
 243:USB_DEVICE/Target/usbd_conf.c ****   * @brief  Resume callback.
 244:USB_DEVICE/Target/usbd_conf.c ****   * When Low power mode is enabled the debug cannot be used (IAR, Keil doesn't support it)
 245:USB_DEVICE/Target/usbd_conf.c ****   * @param  hpcd: PCD handle
 246:USB_DEVICE/Target/usbd_conf.c ****   * @retval None
 247:USB_DEVICE/Target/usbd_conf.c ****   */
 248:USB_DEVICE/Target/usbd_conf.c **** #if (USE_HAL_PCD_REGISTER_CALLBACKS == 1U)
 249:USB_DEVICE/Target/usbd_conf.c **** static void PCD_ResumeCallback(PCD_HandleTypeDef *hpcd)
 250:USB_DEVICE/Target/usbd_conf.c **** #else
 251:USB_DEVICE/Target/usbd_conf.c **** void HAL_PCD_ResumeCallback(PCD_HandleTypeDef *hpcd)
ARM GAS  /tmp/ccQHGLbt.s 			page 14


 252:USB_DEVICE/Target/usbd_conf.c **** #endif /* USE_HAL_PCD_REGISTER_CALLBACKS */
 253:USB_DEVICE/Target/usbd_conf.c **** {
 474              		.loc 1 253 1 is_stmt 1 view -0
 475              		.cfi_startproc
 476              		@ args = 0, pretend = 0, frame = 0
 477              		@ frame_needed = 0, uses_anonymous_args = 0
 478              		.loc 1 253 1 is_stmt 0 view .LVU95
 479 0000 08B5     		push	{r3, lr}
 480              	.LCFI11:
 481              		.cfi_def_cfa_offset 8
 482              		.cfi_offset 3, -8
 483              		.cfi_offset 14, -4
 254:USB_DEVICE/Target/usbd_conf.c ****   /* USER CODE BEGIN 3 */
 255:USB_DEVICE/Target/usbd_conf.c **** 
 256:USB_DEVICE/Target/usbd_conf.c ****   /* USER CODE END 3 */
 257:USB_DEVICE/Target/usbd_conf.c ****   USBD_LL_Resume((USBD_HandleTypeDef*)hpcd->pData);
 484              		.loc 1 257 3 is_stmt 1 view .LVU96
 485 0002 D0F8E004 		ldr	r0, [r0, #1248]
 486              	.LVL37:
 487              		.loc 1 257 3 is_stmt 0 view .LVU97
 488 0006 FFF7FEFF 		bl	USBD_LL_Resume
 489              	.LVL38:
 258:USB_DEVICE/Target/usbd_conf.c **** }
 490              		.loc 1 258 1 view .LVU98
 491 000a 08BD     		pop	{r3, pc}
 492              		.cfi_endproc
 493              	.LFE146:
 495              		.section	.text.HAL_PCD_ISOOUTIncompleteCallback,"ax",%progbits
 496              		.align	1
 497              		.global	HAL_PCD_ISOOUTIncompleteCallback
 498              		.syntax unified
 499              		.thumb
 500              		.thumb_func
 501              		.fpu fpv4-sp-d16
 503              	HAL_PCD_ISOOUTIncompleteCallback:
 504              	.LVL39:
 505              	.LFB147:
 259:USB_DEVICE/Target/usbd_conf.c **** 
 260:USB_DEVICE/Target/usbd_conf.c **** /**
 261:USB_DEVICE/Target/usbd_conf.c ****   * @brief  ISOOUTIncomplete callback.
 262:USB_DEVICE/Target/usbd_conf.c ****   * @param  hpcd: PCD handle
 263:USB_DEVICE/Target/usbd_conf.c ****   * @param  epnum: Endpoint number
 264:USB_DEVICE/Target/usbd_conf.c ****   * @retval None
 265:USB_DEVICE/Target/usbd_conf.c ****   */
 266:USB_DEVICE/Target/usbd_conf.c **** #if (USE_HAL_PCD_REGISTER_CALLBACKS == 1U)
 267:USB_DEVICE/Target/usbd_conf.c **** static void PCD_ISOOUTIncompleteCallback(PCD_HandleTypeDef *hpcd, uint8_t epnum)
 268:USB_DEVICE/Target/usbd_conf.c **** #else
 269:USB_DEVICE/Target/usbd_conf.c **** void HAL_PCD_ISOOUTIncompleteCallback(PCD_HandleTypeDef *hpcd, uint8_t epnum)
 270:USB_DEVICE/Target/usbd_conf.c **** #endif /* USE_HAL_PCD_REGISTER_CALLBACKS */
 271:USB_DEVICE/Target/usbd_conf.c **** {
 506              		.loc 1 271 1 is_stmt 1 view -0
 507              		.cfi_startproc
 508              		@ args = 0, pretend = 0, frame = 0
 509              		@ frame_needed = 0, uses_anonymous_args = 0
 510              		.loc 1 271 1 is_stmt 0 view .LVU100
 511 0000 08B5     		push	{r3, lr}
 512              	.LCFI12:
ARM GAS  /tmp/ccQHGLbt.s 			page 15


 513              		.cfi_def_cfa_offset 8
 514              		.cfi_offset 3, -8
 515              		.cfi_offset 14, -4
 272:USB_DEVICE/Target/usbd_conf.c ****   USBD_LL_IsoOUTIncomplete((USBD_HandleTypeDef*)hpcd->pData, epnum);
 516              		.loc 1 272 3 is_stmt 1 view .LVU101
 517 0002 D0F8E004 		ldr	r0, [r0, #1248]
 518              	.LVL40:
 519              		.loc 1 272 3 is_stmt 0 view .LVU102
 520 0006 FFF7FEFF 		bl	USBD_LL_IsoOUTIncomplete
 521              	.LVL41:
 273:USB_DEVICE/Target/usbd_conf.c **** }
 522              		.loc 1 273 1 view .LVU103
 523 000a 08BD     		pop	{r3, pc}
 524              		.cfi_endproc
 525              	.LFE147:
 527              		.section	.text.HAL_PCD_ISOINIncompleteCallback,"ax",%progbits
 528              		.align	1
 529              		.global	HAL_PCD_ISOINIncompleteCallback
 530              		.syntax unified
 531              		.thumb
 532              		.thumb_func
 533              		.fpu fpv4-sp-d16
 535              	HAL_PCD_ISOINIncompleteCallback:
 536              	.LVL42:
 537              	.LFB148:
 274:USB_DEVICE/Target/usbd_conf.c **** 
 275:USB_DEVICE/Target/usbd_conf.c **** /**
 276:USB_DEVICE/Target/usbd_conf.c ****   * @brief  ISOINIncomplete callback.
 277:USB_DEVICE/Target/usbd_conf.c ****   * @param  hpcd: PCD handle
 278:USB_DEVICE/Target/usbd_conf.c ****   * @param  epnum: Endpoint number
 279:USB_DEVICE/Target/usbd_conf.c ****   * @retval None
 280:USB_DEVICE/Target/usbd_conf.c ****   */
 281:USB_DEVICE/Target/usbd_conf.c **** #if (USE_HAL_PCD_REGISTER_CALLBACKS == 1U)
 282:USB_DEVICE/Target/usbd_conf.c **** static void PCD_ISOINIncompleteCallback(PCD_HandleTypeDef *hpcd, uint8_t epnum)
 283:USB_DEVICE/Target/usbd_conf.c **** #else
 284:USB_DEVICE/Target/usbd_conf.c **** void HAL_PCD_ISOINIncompleteCallback(PCD_HandleTypeDef *hpcd, uint8_t epnum)
 285:USB_DEVICE/Target/usbd_conf.c **** #endif /* USE_HAL_PCD_REGISTER_CALLBACKS */
 286:USB_DEVICE/Target/usbd_conf.c **** {
 538              		.loc 1 286 1 is_stmt 1 view -0
 539              		.cfi_startproc
 540              		@ args = 0, pretend = 0, frame = 0
 541              		@ frame_needed = 0, uses_anonymous_args = 0
 542              		.loc 1 286 1 is_stmt 0 view .LVU105
 543 0000 08B5     		push	{r3, lr}
 544              	.LCFI13:
 545              		.cfi_def_cfa_offset 8
 546              		.cfi_offset 3, -8
 547              		.cfi_offset 14, -4
 287:USB_DEVICE/Target/usbd_conf.c ****   USBD_LL_IsoINIncomplete((USBD_HandleTypeDef*)hpcd->pData, epnum);
 548              		.loc 1 287 3 is_stmt 1 view .LVU106
 549 0002 D0F8E004 		ldr	r0, [r0, #1248]
 550              	.LVL43:
 551              		.loc 1 287 3 is_stmt 0 view .LVU107
 552 0006 FFF7FEFF 		bl	USBD_LL_IsoINIncomplete
 553              	.LVL44:
 288:USB_DEVICE/Target/usbd_conf.c **** }
 554              		.loc 1 288 1 view .LVU108
ARM GAS  /tmp/ccQHGLbt.s 			page 16


 555 000a 08BD     		pop	{r3, pc}
 556              		.cfi_endproc
 557              	.LFE148:
 559              		.section	.text.HAL_PCD_ConnectCallback,"ax",%progbits
 560              		.align	1
 561              		.global	HAL_PCD_ConnectCallback
 562              		.syntax unified
 563              		.thumb
 564              		.thumb_func
 565              		.fpu fpv4-sp-d16
 567              	HAL_PCD_ConnectCallback:
 568              	.LVL45:
 569              	.LFB149:
 289:USB_DEVICE/Target/usbd_conf.c **** 
 290:USB_DEVICE/Target/usbd_conf.c **** /**
 291:USB_DEVICE/Target/usbd_conf.c ****   * @brief  Connect callback.
 292:USB_DEVICE/Target/usbd_conf.c ****   * @param  hpcd: PCD handle
 293:USB_DEVICE/Target/usbd_conf.c ****   * @retval None
 294:USB_DEVICE/Target/usbd_conf.c ****   */
 295:USB_DEVICE/Target/usbd_conf.c **** #if (USE_HAL_PCD_REGISTER_CALLBACKS == 1U)
 296:USB_DEVICE/Target/usbd_conf.c **** static void PCD_ConnectCallback(PCD_HandleTypeDef *hpcd)
 297:USB_DEVICE/Target/usbd_conf.c **** #else
 298:USB_DEVICE/Target/usbd_conf.c **** void HAL_PCD_ConnectCallback(PCD_HandleTypeDef *hpcd)
 299:USB_DEVICE/Target/usbd_conf.c **** #endif /* USE_HAL_PCD_REGISTER_CALLBACKS */
 300:USB_DEVICE/Target/usbd_conf.c **** {
 570              		.loc 1 300 1 is_stmt 1 view -0
 571              		.cfi_startproc
 572              		@ args = 0, pretend = 0, frame = 0
 573              		@ frame_needed = 0, uses_anonymous_args = 0
 574              		.loc 1 300 1 is_stmt 0 view .LVU110
 575 0000 08B5     		push	{r3, lr}
 576              	.LCFI14:
 577              		.cfi_def_cfa_offset 8
 578              		.cfi_offset 3, -8
 579              		.cfi_offset 14, -4
 301:USB_DEVICE/Target/usbd_conf.c ****   USBD_LL_DevConnected((USBD_HandleTypeDef*)hpcd->pData);
 580              		.loc 1 301 3 is_stmt 1 view .LVU111
 581 0002 D0F8E004 		ldr	r0, [r0, #1248]
 582              	.LVL46:
 583              		.loc 1 301 3 is_stmt 0 view .LVU112
 584 0006 FFF7FEFF 		bl	USBD_LL_DevConnected
 585              	.LVL47:
 302:USB_DEVICE/Target/usbd_conf.c **** }
 586              		.loc 1 302 1 view .LVU113
 587 000a 08BD     		pop	{r3, pc}
 588              		.cfi_endproc
 589              	.LFE149:
 591              		.section	.text.HAL_PCD_DisconnectCallback,"ax",%progbits
 592              		.align	1
 593              		.global	HAL_PCD_DisconnectCallback
 594              		.syntax unified
 595              		.thumb
 596              		.thumb_func
 597              		.fpu fpv4-sp-d16
 599              	HAL_PCD_DisconnectCallback:
 600              	.LVL48:
 601              	.LFB150:
ARM GAS  /tmp/ccQHGLbt.s 			page 17


 303:USB_DEVICE/Target/usbd_conf.c **** 
 304:USB_DEVICE/Target/usbd_conf.c **** /**
 305:USB_DEVICE/Target/usbd_conf.c ****   * @brief  Disconnect callback.
 306:USB_DEVICE/Target/usbd_conf.c ****   * @param  hpcd: PCD handle
 307:USB_DEVICE/Target/usbd_conf.c ****   * @retval None
 308:USB_DEVICE/Target/usbd_conf.c ****   */
 309:USB_DEVICE/Target/usbd_conf.c **** #if (USE_HAL_PCD_REGISTER_CALLBACKS == 1U)
 310:USB_DEVICE/Target/usbd_conf.c **** static void PCD_DisconnectCallback(PCD_HandleTypeDef *hpcd)
 311:USB_DEVICE/Target/usbd_conf.c **** #else
 312:USB_DEVICE/Target/usbd_conf.c **** void HAL_PCD_DisconnectCallback(PCD_HandleTypeDef *hpcd)
 313:USB_DEVICE/Target/usbd_conf.c **** #endif /* USE_HAL_PCD_REGISTER_CALLBACKS */
 314:USB_DEVICE/Target/usbd_conf.c **** {
 602              		.loc 1 314 1 is_stmt 1 view -0
 603              		.cfi_startproc
 604              		@ args = 0, pretend = 0, frame = 0
 605              		@ frame_needed = 0, uses_anonymous_args = 0
 606              		.loc 1 314 1 is_stmt 0 view .LVU115
 607 0000 08B5     		push	{r3, lr}
 608              	.LCFI15:
 609              		.cfi_def_cfa_offset 8
 610              		.cfi_offset 3, -8
 611              		.cfi_offset 14, -4
 315:USB_DEVICE/Target/usbd_conf.c ****   USBD_LL_DevDisconnected((USBD_HandleTypeDef*)hpcd->pData);
 612              		.loc 1 315 3 is_stmt 1 view .LVU116
 613 0002 D0F8E004 		ldr	r0, [r0, #1248]
 614              	.LVL49:
 615              		.loc 1 315 3 is_stmt 0 view .LVU117
 616 0006 FFF7FEFF 		bl	USBD_LL_DevDisconnected
 617              	.LVL50:
 316:USB_DEVICE/Target/usbd_conf.c **** }
 618              		.loc 1 316 1 view .LVU118
 619 000a 08BD     		pop	{r3, pc}
 620              		.cfi_endproc
 621              	.LFE150:
 623              		.section	.text.USBD_LL_Init,"ax",%progbits
 624              		.align	1
 625              		.global	USBD_LL_Init
 626              		.syntax unified
 627              		.thumb
 628              		.thumb_func
 629              		.fpu fpv4-sp-d16
 631              	USBD_LL_Init:
 632              	.LVL51:
 633              	.LFB151:
 317:USB_DEVICE/Target/usbd_conf.c **** 
 318:USB_DEVICE/Target/usbd_conf.c **** /*******************************************************************************
 319:USB_DEVICE/Target/usbd_conf.c ****                        LL Driver Interface (USB Device Library --> PCD)
 320:USB_DEVICE/Target/usbd_conf.c **** *******************************************************************************/
 321:USB_DEVICE/Target/usbd_conf.c **** 
 322:USB_DEVICE/Target/usbd_conf.c **** /**
 323:USB_DEVICE/Target/usbd_conf.c ****   * @brief  Initializes the low level portion of the device driver.
 324:USB_DEVICE/Target/usbd_conf.c ****   * @param  pdev: Device handle
 325:USB_DEVICE/Target/usbd_conf.c ****   * @retval USBD status
 326:USB_DEVICE/Target/usbd_conf.c ****   */
 327:USB_DEVICE/Target/usbd_conf.c **** USBD_StatusTypeDef USBD_LL_Init(USBD_HandleTypeDef *pdev)
 328:USB_DEVICE/Target/usbd_conf.c **** {
 634              		.loc 1 328 1 is_stmt 1 view -0
ARM GAS  /tmp/ccQHGLbt.s 			page 18


 635              		.cfi_startproc
 636              		@ args = 0, pretend = 0, frame = 0
 637              		@ frame_needed = 0, uses_anonymous_args = 0
 329:USB_DEVICE/Target/usbd_conf.c ****   /* Init USB Ip. */
 330:USB_DEVICE/Target/usbd_conf.c ****   if (pdev->id == DEVICE_FS) {
 638              		.loc 1 330 3 view .LVU120
 639              		.loc 1 330 11 is_stmt 0 view .LVU121
 640 0000 0278     		ldrb	r2, [r0]	@ zero_extendqisi2
 641              		.loc 1 330 6 view .LVU122
 642 0002 0AB1     		cbz	r2, .L48
 331:USB_DEVICE/Target/usbd_conf.c ****   /* Link the driver to the stack. */
 332:USB_DEVICE/Target/usbd_conf.c ****   hpcd_USB_OTG_FS.pData = pdev;
 333:USB_DEVICE/Target/usbd_conf.c ****   pdev->pData = &hpcd_USB_OTG_FS;
 334:USB_DEVICE/Target/usbd_conf.c **** 
 335:USB_DEVICE/Target/usbd_conf.c ****   hpcd_USB_OTG_FS.Instance = USB_OTG_FS;
 336:USB_DEVICE/Target/usbd_conf.c ****   hpcd_USB_OTG_FS.Init.dev_endpoints = 4;
 337:USB_DEVICE/Target/usbd_conf.c ****   hpcd_USB_OTG_FS.Init.speed = PCD_SPEED_FULL;
 338:USB_DEVICE/Target/usbd_conf.c ****   hpcd_USB_OTG_FS.Init.dma_enable = DISABLE;
 339:USB_DEVICE/Target/usbd_conf.c ****   hpcd_USB_OTG_FS.Init.phy_itface = PCD_PHY_EMBEDDED;
 340:USB_DEVICE/Target/usbd_conf.c ****   hpcd_USB_OTG_FS.Init.Sof_enable = DISABLE;
 341:USB_DEVICE/Target/usbd_conf.c ****   hpcd_USB_OTG_FS.Init.low_power_enable = DISABLE;
 342:USB_DEVICE/Target/usbd_conf.c ****   hpcd_USB_OTG_FS.Init.lpm_enable = DISABLE;
 343:USB_DEVICE/Target/usbd_conf.c ****   hpcd_USB_OTG_FS.Init.vbus_sensing_enable = DISABLE;
 344:USB_DEVICE/Target/usbd_conf.c ****   hpcd_USB_OTG_FS.Init.use_dedicated_ep1 = DISABLE;
 345:USB_DEVICE/Target/usbd_conf.c ****   if (HAL_PCD_Init(&hpcd_USB_OTG_FS) != HAL_OK)
 346:USB_DEVICE/Target/usbd_conf.c ****   {
 347:USB_DEVICE/Target/usbd_conf.c ****     Error_Handler( );
 348:USB_DEVICE/Target/usbd_conf.c ****   }
 349:USB_DEVICE/Target/usbd_conf.c **** 
 350:USB_DEVICE/Target/usbd_conf.c **** #if (USE_HAL_PCD_REGISTER_CALLBACKS == 1U)
 351:USB_DEVICE/Target/usbd_conf.c ****   /* Register USB PCD CallBacks */
 352:USB_DEVICE/Target/usbd_conf.c ****   HAL_PCD_RegisterCallback(&hpcd_USB_OTG_FS, HAL_PCD_SOF_CB_ID, PCD_SOFCallback);
 353:USB_DEVICE/Target/usbd_conf.c ****   HAL_PCD_RegisterCallback(&hpcd_USB_OTG_FS, HAL_PCD_SETUPSTAGE_CB_ID, PCD_SetupStageCallback);
 354:USB_DEVICE/Target/usbd_conf.c ****   HAL_PCD_RegisterCallback(&hpcd_USB_OTG_FS, HAL_PCD_RESET_CB_ID, PCD_ResetCallback);
 355:USB_DEVICE/Target/usbd_conf.c ****   HAL_PCD_RegisterCallback(&hpcd_USB_OTG_FS, HAL_PCD_SUSPEND_CB_ID, PCD_SuspendCallback);
 356:USB_DEVICE/Target/usbd_conf.c ****   HAL_PCD_RegisterCallback(&hpcd_USB_OTG_FS, HAL_PCD_RESUME_CB_ID, PCD_ResumeCallback);
 357:USB_DEVICE/Target/usbd_conf.c ****   HAL_PCD_RegisterCallback(&hpcd_USB_OTG_FS, HAL_PCD_CONNECT_CB_ID, PCD_ConnectCallback);
 358:USB_DEVICE/Target/usbd_conf.c ****   HAL_PCD_RegisterCallback(&hpcd_USB_OTG_FS, HAL_PCD_DISCONNECT_CB_ID, PCD_DisconnectCallback);
 359:USB_DEVICE/Target/usbd_conf.c **** 
 360:USB_DEVICE/Target/usbd_conf.c ****   HAL_PCD_RegisterDataOutStageCallback(&hpcd_USB_OTG_FS, PCD_DataOutStageCallback);
 361:USB_DEVICE/Target/usbd_conf.c ****   HAL_PCD_RegisterDataInStageCallback(&hpcd_USB_OTG_FS, PCD_DataInStageCallback);
 362:USB_DEVICE/Target/usbd_conf.c ****   HAL_PCD_RegisterIsoOutIncpltCallback(&hpcd_USB_OTG_FS, PCD_ISOOUTIncompleteCallback);
 363:USB_DEVICE/Target/usbd_conf.c ****   HAL_PCD_RegisterIsoInIncpltCallback(&hpcd_USB_OTG_FS, PCD_ISOINIncompleteCallback);
 364:USB_DEVICE/Target/usbd_conf.c **** #endif /* USE_HAL_PCD_REGISTER_CALLBACKS */
 365:USB_DEVICE/Target/usbd_conf.c ****   HAL_PCDEx_SetRxFiFo(&hpcd_USB_OTG_FS, 0x80);
 366:USB_DEVICE/Target/usbd_conf.c ****   HAL_PCDEx_SetTxFiFo(&hpcd_USB_OTG_FS, 0, 0x40);
 367:USB_DEVICE/Target/usbd_conf.c ****   HAL_PCDEx_SetTxFiFo(&hpcd_USB_OTG_FS, 1, 0x80);
 368:USB_DEVICE/Target/usbd_conf.c ****   }
 369:USB_DEVICE/Target/usbd_conf.c ****   return USBD_OK;
 643              		.loc 1 369 3 is_stmt 1 view .LVU123
 370:USB_DEVICE/Target/usbd_conf.c **** }
 644              		.loc 1 370 1 is_stmt 0 view .LVU124
 645 0004 0020     		movs	r0, #0
 646              	.LVL52:
 647              		.loc 1 370 1 view .LVU125
 648 0006 7047     		bx	lr
 649              	.LVL53:
ARM GAS  /tmp/ccQHGLbt.s 			page 19


 650              	.L48:
 328:USB_DEVICE/Target/usbd_conf.c ****   /* Init USB Ip. */
 651              		.loc 1 328 1 view .LVU126
 652 0008 10B5     		push	{r4, lr}
 653              	.LCFI16:
 654              		.cfi_def_cfa_offset 8
 655              		.cfi_offset 4, -8
 656              		.cfi_offset 14, -4
 657 000a 0346     		mov	r3, r0
 332:USB_DEVICE/Target/usbd_conf.c ****   pdev->pData = &hpcd_USB_OTG_FS;
 658              		.loc 1 332 3 is_stmt 1 view .LVU127
 332:USB_DEVICE/Target/usbd_conf.c ****   pdev->pData = &hpcd_USB_OTG_FS;
 659              		.loc 1 332 25 is_stmt 0 view .LVU128
 660 000c 1548     		ldr	r0, .L50
 661              	.LVL54:
 332:USB_DEVICE/Target/usbd_conf.c ****   pdev->pData = &hpcd_USB_OTG_FS;
 662              		.loc 1 332 25 view .LVU129
 663 000e C0F8E034 		str	r3, [r0, #1248]
 333:USB_DEVICE/Target/usbd_conf.c **** 
 664              		.loc 1 333 3 is_stmt 1 view .LVU130
 333:USB_DEVICE/Target/usbd_conf.c **** 
 665              		.loc 1 333 15 is_stmt 0 view .LVU131
 666 0012 C3F8C802 		str	r0, [r3, #712]
 335:USB_DEVICE/Target/usbd_conf.c ****   hpcd_USB_OTG_FS.Init.dev_endpoints = 4;
 667              		.loc 1 335 3 is_stmt 1 view .LVU132
 335:USB_DEVICE/Target/usbd_conf.c ****   hpcd_USB_OTG_FS.Init.dev_endpoints = 4;
 668              		.loc 1 335 28 is_stmt 0 view .LVU133
 669 0016 4FF0A043 		mov	r3, #1342177280
 670              	.LVL55:
 335:USB_DEVICE/Target/usbd_conf.c ****   hpcd_USB_OTG_FS.Init.dev_endpoints = 4;
 671              		.loc 1 335 28 view .LVU134
 672 001a 0360     		str	r3, [r0]
 336:USB_DEVICE/Target/usbd_conf.c ****   hpcd_USB_OTG_FS.Init.speed = PCD_SPEED_FULL;
 673              		.loc 1 336 3 is_stmt 1 view .LVU135
 336:USB_DEVICE/Target/usbd_conf.c ****   hpcd_USB_OTG_FS.Init.speed = PCD_SPEED_FULL;
 674              		.loc 1 336 38 is_stmt 0 view .LVU136
 675 001c 0423     		movs	r3, #4
 676 001e 0371     		strb	r3, [r0, #4]
 337:USB_DEVICE/Target/usbd_conf.c ****   hpcd_USB_OTG_FS.Init.dma_enable = DISABLE;
 677              		.loc 1 337 3 is_stmt 1 view .LVU137
 337:USB_DEVICE/Target/usbd_conf.c ****   hpcd_USB_OTG_FS.Init.dma_enable = DISABLE;
 678              		.loc 1 337 30 is_stmt 0 view .LVU138
 679 0020 0222     		movs	r2, #2
 680 0022 C271     		strb	r2, [r0, #7]
 338:USB_DEVICE/Target/usbd_conf.c ****   hpcd_USB_OTG_FS.Init.phy_itface = PCD_PHY_EMBEDDED;
 681              		.loc 1 338 3 is_stmt 1 view .LVU139
 338:USB_DEVICE/Target/usbd_conf.c ****   hpcd_USB_OTG_FS.Init.phy_itface = PCD_PHY_EMBEDDED;
 682              		.loc 1 338 35 is_stmt 0 view .LVU140
 683 0024 0023     		movs	r3, #0
 684 0026 8371     		strb	r3, [r0, #6]
 339:USB_DEVICE/Target/usbd_conf.c ****   hpcd_USB_OTG_FS.Init.Sof_enable = DISABLE;
 685              		.loc 1 339 3 is_stmt 1 view .LVU141
 339:USB_DEVICE/Target/usbd_conf.c ****   hpcd_USB_OTG_FS.Init.Sof_enable = DISABLE;
 686              		.loc 1 339 35 is_stmt 0 view .LVU142
 687 0028 4272     		strb	r2, [r0, #9]
 340:USB_DEVICE/Target/usbd_conf.c ****   hpcd_USB_OTG_FS.Init.low_power_enable = DISABLE;
 688              		.loc 1 340 3 is_stmt 1 view .LVU143
ARM GAS  /tmp/ccQHGLbt.s 			page 20


 340:USB_DEVICE/Target/usbd_conf.c ****   hpcd_USB_OTG_FS.Init.low_power_enable = DISABLE;
 689              		.loc 1 340 35 is_stmt 0 view .LVU144
 690 002a 8372     		strb	r3, [r0, #10]
 341:USB_DEVICE/Target/usbd_conf.c ****   hpcd_USB_OTG_FS.Init.lpm_enable = DISABLE;
 691              		.loc 1 341 3 is_stmt 1 view .LVU145
 341:USB_DEVICE/Target/usbd_conf.c ****   hpcd_USB_OTG_FS.Init.lpm_enable = DISABLE;
 692              		.loc 1 341 41 is_stmt 0 view .LVU146
 693 002c C372     		strb	r3, [r0, #11]
 342:USB_DEVICE/Target/usbd_conf.c ****   hpcd_USB_OTG_FS.Init.vbus_sensing_enable = DISABLE;
 694              		.loc 1 342 3 is_stmt 1 view .LVU147
 342:USB_DEVICE/Target/usbd_conf.c ****   hpcd_USB_OTG_FS.Init.vbus_sensing_enable = DISABLE;
 695              		.loc 1 342 35 is_stmt 0 view .LVU148
 696 002e 0373     		strb	r3, [r0, #12]
 343:USB_DEVICE/Target/usbd_conf.c ****   hpcd_USB_OTG_FS.Init.use_dedicated_ep1 = DISABLE;
 697              		.loc 1 343 3 is_stmt 1 view .LVU149
 343:USB_DEVICE/Target/usbd_conf.c ****   hpcd_USB_OTG_FS.Init.use_dedicated_ep1 = DISABLE;
 698              		.loc 1 343 44 is_stmt 0 view .LVU150
 699 0030 8373     		strb	r3, [r0, #14]
 344:USB_DEVICE/Target/usbd_conf.c ****   if (HAL_PCD_Init(&hpcd_USB_OTG_FS) != HAL_OK)
 700              		.loc 1 344 3 is_stmt 1 view .LVU151
 344:USB_DEVICE/Target/usbd_conf.c ****   if (HAL_PCD_Init(&hpcd_USB_OTG_FS) != HAL_OK)
 701              		.loc 1 344 42 is_stmt 0 view .LVU152
 702 0032 C373     		strb	r3, [r0, #15]
 345:USB_DEVICE/Target/usbd_conf.c ****   {
 703              		.loc 1 345 3 is_stmt 1 view .LVU153
 345:USB_DEVICE/Target/usbd_conf.c ****   {
 704              		.loc 1 345 7 is_stmt 0 view .LVU154
 705 0034 FFF7FEFF 		bl	HAL_PCD_Init
 706              	.LVL56:
 345:USB_DEVICE/Target/usbd_conf.c ****   {
 707              		.loc 1 345 6 view .LVU155
 708 0038 80B9     		cbnz	r0, .L49
 709              	.L43:
 365:USB_DEVICE/Target/usbd_conf.c ****   HAL_PCDEx_SetTxFiFo(&hpcd_USB_OTG_FS, 0, 0x40);
 710              		.loc 1 365 3 is_stmt 1 view .LVU156
 711 003a 0A4C     		ldr	r4, .L50
 712 003c 8021     		movs	r1, #128
 713 003e 2046     		mov	r0, r4
 714 0040 FFF7FEFF 		bl	HAL_PCDEx_SetRxFiFo
 715              	.LVL57:
 366:USB_DEVICE/Target/usbd_conf.c ****   HAL_PCDEx_SetTxFiFo(&hpcd_USB_OTG_FS, 1, 0x80);
 716              		.loc 1 366 3 view .LVU157
 717 0044 4022     		movs	r2, #64
 718 0046 0021     		movs	r1, #0
 719 0048 2046     		mov	r0, r4
 720 004a FFF7FEFF 		bl	HAL_PCDEx_SetTxFiFo
 721              	.LVL58:
 367:USB_DEVICE/Target/usbd_conf.c ****   }
 722              		.loc 1 367 3 view .LVU158
 723 004e 8022     		movs	r2, #128
 724 0050 0121     		movs	r1, #1
 725 0052 2046     		mov	r0, r4
 726 0054 FFF7FEFF 		bl	HAL_PCDEx_SetTxFiFo
 727              	.LVL59:
 369:USB_DEVICE/Target/usbd_conf.c **** }
 728              		.loc 1 369 3 view .LVU159
 729              		.loc 1 370 1 is_stmt 0 view .LVU160
ARM GAS  /tmp/ccQHGLbt.s 			page 21


 730 0058 0020     		movs	r0, #0
 731 005a 10BD     		pop	{r4, pc}
 732              	.L49:
 347:USB_DEVICE/Target/usbd_conf.c ****   }
 733              		.loc 1 347 5 is_stmt 1 view .LVU161
 734 005c FFF7FEFF 		bl	Error_Handler
 735              	.LVL60:
 736 0060 EBE7     		b	.L43
 737              	.L51:
 738 0062 00BF     		.align	2
 739              	.L50:
 740 0064 00000000 		.word	.LANCHOR0
 741              		.cfi_endproc
 742              	.LFE151:
 744              		.section	.text.USBD_LL_IsStallEP,"ax",%progbits
 745              		.align	1
 746              		.global	USBD_LL_IsStallEP
 747              		.syntax unified
 748              		.thumb
 749              		.thumb_func
 750              		.fpu fpv4-sp-d16
 752              	USBD_LL_IsStallEP:
 753              	.LVL61:
 754              	.LFB160:
 371:USB_DEVICE/Target/usbd_conf.c **** 
 372:USB_DEVICE/Target/usbd_conf.c **** /**
 373:USB_DEVICE/Target/usbd_conf.c ****   * @brief  De-Initializes the low level portion of the device driver.
 374:USB_DEVICE/Target/usbd_conf.c ****   * @param  pdev: Device handle
 375:USB_DEVICE/Target/usbd_conf.c ****   * @retval USBD status
 376:USB_DEVICE/Target/usbd_conf.c ****   */
 377:USB_DEVICE/Target/usbd_conf.c **** USBD_StatusTypeDef USBD_LL_DeInit(USBD_HandleTypeDef *pdev)
 378:USB_DEVICE/Target/usbd_conf.c **** {
 379:USB_DEVICE/Target/usbd_conf.c ****   HAL_StatusTypeDef hal_status = HAL_OK;
 380:USB_DEVICE/Target/usbd_conf.c ****   USBD_StatusTypeDef usb_status = USBD_OK;
 381:USB_DEVICE/Target/usbd_conf.c **** 
 382:USB_DEVICE/Target/usbd_conf.c ****   hal_status = HAL_PCD_DeInit(pdev->pData);
 383:USB_DEVICE/Target/usbd_conf.c **** 
 384:USB_DEVICE/Target/usbd_conf.c ****   usb_status =  USBD_Get_USB_Status(hal_status);
 385:USB_DEVICE/Target/usbd_conf.c **** 
 386:USB_DEVICE/Target/usbd_conf.c ****   return usb_status;
 387:USB_DEVICE/Target/usbd_conf.c **** }
 388:USB_DEVICE/Target/usbd_conf.c **** 
 389:USB_DEVICE/Target/usbd_conf.c **** /**
 390:USB_DEVICE/Target/usbd_conf.c ****   * @brief  Starts the low level portion of the device driver.
 391:USB_DEVICE/Target/usbd_conf.c ****   * @param  pdev: Device handle
 392:USB_DEVICE/Target/usbd_conf.c ****   * @retval USBD status
 393:USB_DEVICE/Target/usbd_conf.c ****   */
 394:USB_DEVICE/Target/usbd_conf.c **** USBD_StatusTypeDef USBD_LL_Start(USBD_HandleTypeDef *pdev)
 395:USB_DEVICE/Target/usbd_conf.c **** {
 396:USB_DEVICE/Target/usbd_conf.c ****   HAL_StatusTypeDef hal_status = HAL_OK;
 397:USB_DEVICE/Target/usbd_conf.c ****   USBD_StatusTypeDef usb_status = USBD_OK;
 398:USB_DEVICE/Target/usbd_conf.c **** 
 399:USB_DEVICE/Target/usbd_conf.c ****   hal_status = HAL_PCD_Start(pdev->pData);
 400:USB_DEVICE/Target/usbd_conf.c **** 
 401:USB_DEVICE/Target/usbd_conf.c ****   usb_status =  USBD_Get_USB_Status(hal_status);
 402:USB_DEVICE/Target/usbd_conf.c **** 
 403:USB_DEVICE/Target/usbd_conf.c ****   return usb_status;
ARM GAS  /tmp/ccQHGLbt.s 			page 22


 404:USB_DEVICE/Target/usbd_conf.c **** }
 405:USB_DEVICE/Target/usbd_conf.c **** 
 406:USB_DEVICE/Target/usbd_conf.c **** /**
 407:USB_DEVICE/Target/usbd_conf.c ****   * @brief  Stops the low level portion of the device driver.
 408:USB_DEVICE/Target/usbd_conf.c ****   * @param  pdev: Device handle
 409:USB_DEVICE/Target/usbd_conf.c ****   * @retval USBD status
 410:USB_DEVICE/Target/usbd_conf.c ****   */
 411:USB_DEVICE/Target/usbd_conf.c **** USBD_StatusTypeDef USBD_LL_Stop(USBD_HandleTypeDef *pdev)
 412:USB_DEVICE/Target/usbd_conf.c **** {
 413:USB_DEVICE/Target/usbd_conf.c ****   HAL_StatusTypeDef hal_status = HAL_OK;
 414:USB_DEVICE/Target/usbd_conf.c ****   USBD_StatusTypeDef usb_status = USBD_OK;
 415:USB_DEVICE/Target/usbd_conf.c **** 
 416:USB_DEVICE/Target/usbd_conf.c ****   hal_status = HAL_PCD_Stop(pdev->pData);
 417:USB_DEVICE/Target/usbd_conf.c **** 
 418:USB_DEVICE/Target/usbd_conf.c ****   usb_status =  USBD_Get_USB_Status(hal_status);
 419:USB_DEVICE/Target/usbd_conf.c **** 
 420:USB_DEVICE/Target/usbd_conf.c ****   return usb_status;
 421:USB_DEVICE/Target/usbd_conf.c **** }
 422:USB_DEVICE/Target/usbd_conf.c **** 
 423:USB_DEVICE/Target/usbd_conf.c **** /**
 424:USB_DEVICE/Target/usbd_conf.c ****   * @brief  Opens an endpoint of the low level driver.
 425:USB_DEVICE/Target/usbd_conf.c ****   * @param  pdev: Device handle
 426:USB_DEVICE/Target/usbd_conf.c ****   * @param  ep_addr: Endpoint number
 427:USB_DEVICE/Target/usbd_conf.c ****   * @param  ep_type: Endpoint type
 428:USB_DEVICE/Target/usbd_conf.c ****   * @param  ep_mps: Endpoint max packet size
 429:USB_DEVICE/Target/usbd_conf.c ****   * @retval USBD status
 430:USB_DEVICE/Target/usbd_conf.c ****   */
 431:USB_DEVICE/Target/usbd_conf.c **** USBD_StatusTypeDef USBD_LL_OpenEP(USBD_HandleTypeDef *pdev, uint8_t ep_addr, uint8_t ep_type, uint1
 432:USB_DEVICE/Target/usbd_conf.c **** {
 433:USB_DEVICE/Target/usbd_conf.c ****   HAL_StatusTypeDef hal_status = HAL_OK;
 434:USB_DEVICE/Target/usbd_conf.c ****   USBD_StatusTypeDef usb_status = USBD_OK;
 435:USB_DEVICE/Target/usbd_conf.c **** 
 436:USB_DEVICE/Target/usbd_conf.c ****   hal_status = HAL_PCD_EP_Open(pdev->pData, ep_addr, ep_mps, ep_type);
 437:USB_DEVICE/Target/usbd_conf.c **** 
 438:USB_DEVICE/Target/usbd_conf.c ****   usb_status =  USBD_Get_USB_Status(hal_status);
 439:USB_DEVICE/Target/usbd_conf.c **** 
 440:USB_DEVICE/Target/usbd_conf.c ****   return usb_status;
 441:USB_DEVICE/Target/usbd_conf.c **** }
 442:USB_DEVICE/Target/usbd_conf.c **** 
 443:USB_DEVICE/Target/usbd_conf.c **** /**
 444:USB_DEVICE/Target/usbd_conf.c ****   * @brief  Closes an endpoint of the low level driver.
 445:USB_DEVICE/Target/usbd_conf.c ****   * @param  pdev: Device handle
 446:USB_DEVICE/Target/usbd_conf.c ****   * @param  ep_addr: Endpoint number
 447:USB_DEVICE/Target/usbd_conf.c ****   * @retval USBD status
 448:USB_DEVICE/Target/usbd_conf.c ****   */
 449:USB_DEVICE/Target/usbd_conf.c **** USBD_StatusTypeDef USBD_LL_CloseEP(USBD_HandleTypeDef *pdev, uint8_t ep_addr)
 450:USB_DEVICE/Target/usbd_conf.c **** {
 451:USB_DEVICE/Target/usbd_conf.c ****   HAL_StatusTypeDef hal_status = HAL_OK;
 452:USB_DEVICE/Target/usbd_conf.c ****   USBD_StatusTypeDef usb_status = USBD_OK;
 453:USB_DEVICE/Target/usbd_conf.c **** 
 454:USB_DEVICE/Target/usbd_conf.c ****   hal_status = HAL_PCD_EP_Close(pdev->pData, ep_addr);
 455:USB_DEVICE/Target/usbd_conf.c **** 
 456:USB_DEVICE/Target/usbd_conf.c ****   usb_status =  USBD_Get_USB_Status(hal_status);
 457:USB_DEVICE/Target/usbd_conf.c **** 
 458:USB_DEVICE/Target/usbd_conf.c ****   return usb_status;
 459:USB_DEVICE/Target/usbd_conf.c **** }
 460:USB_DEVICE/Target/usbd_conf.c **** 
ARM GAS  /tmp/ccQHGLbt.s 			page 23


 461:USB_DEVICE/Target/usbd_conf.c **** /**
 462:USB_DEVICE/Target/usbd_conf.c ****   * @brief  Flushes an endpoint of the Low Level Driver.
 463:USB_DEVICE/Target/usbd_conf.c ****   * @param  pdev: Device handle
 464:USB_DEVICE/Target/usbd_conf.c ****   * @param  ep_addr: Endpoint number
 465:USB_DEVICE/Target/usbd_conf.c ****   * @retval USBD status
 466:USB_DEVICE/Target/usbd_conf.c ****   */
 467:USB_DEVICE/Target/usbd_conf.c **** USBD_StatusTypeDef USBD_LL_FlushEP(USBD_HandleTypeDef *pdev, uint8_t ep_addr)
 468:USB_DEVICE/Target/usbd_conf.c **** {
 469:USB_DEVICE/Target/usbd_conf.c ****   HAL_StatusTypeDef hal_status = HAL_OK;
 470:USB_DEVICE/Target/usbd_conf.c ****   USBD_StatusTypeDef usb_status = USBD_OK;
 471:USB_DEVICE/Target/usbd_conf.c **** 
 472:USB_DEVICE/Target/usbd_conf.c ****   hal_status = HAL_PCD_EP_Flush(pdev->pData, ep_addr);
 473:USB_DEVICE/Target/usbd_conf.c **** 
 474:USB_DEVICE/Target/usbd_conf.c ****   usb_status =  USBD_Get_USB_Status(hal_status);
 475:USB_DEVICE/Target/usbd_conf.c **** 
 476:USB_DEVICE/Target/usbd_conf.c ****   return usb_status;
 477:USB_DEVICE/Target/usbd_conf.c **** }
 478:USB_DEVICE/Target/usbd_conf.c **** 
 479:USB_DEVICE/Target/usbd_conf.c **** /**
 480:USB_DEVICE/Target/usbd_conf.c ****   * @brief  Sets a Stall condition on an endpoint of the Low Level Driver.
 481:USB_DEVICE/Target/usbd_conf.c ****   * @param  pdev: Device handle
 482:USB_DEVICE/Target/usbd_conf.c ****   * @param  ep_addr: Endpoint number
 483:USB_DEVICE/Target/usbd_conf.c ****   * @retval USBD status
 484:USB_DEVICE/Target/usbd_conf.c ****   */
 485:USB_DEVICE/Target/usbd_conf.c **** USBD_StatusTypeDef USBD_LL_StallEP(USBD_HandleTypeDef *pdev, uint8_t ep_addr)
 486:USB_DEVICE/Target/usbd_conf.c **** {
 487:USB_DEVICE/Target/usbd_conf.c ****   HAL_StatusTypeDef hal_status = HAL_OK;
 488:USB_DEVICE/Target/usbd_conf.c ****   USBD_StatusTypeDef usb_status = USBD_OK;
 489:USB_DEVICE/Target/usbd_conf.c **** 
 490:USB_DEVICE/Target/usbd_conf.c ****   hal_status = HAL_PCD_EP_SetStall(pdev->pData, ep_addr);
 491:USB_DEVICE/Target/usbd_conf.c **** 
 492:USB_DEVICE/Target/usbd_conf.c ****   usb_status =  USBD_Get_USB_Status(hal_status);
 493:USB_DEVICE/Target/usbd_conf.c **** 
 494:USB_DEVICE/Target/usbd_conf.c ****   return usb_status;
 495:USB_DEVICE/Target/usbd_conf.c **** }
 496:USB_DEVICE/Target/usbd_conf.c **** 
 497:USB_DEVICE/Target/usbd_conf.c **** /**
 498:USB_DEVICE/Target/usbd_conf.c ****   * @brief  Clears a Stall condition on an endpoint of the Low Level Driver.
 499:USB_DEVICE/Target/usbd_conf.c ****   * @param  pdev: Device handle
 500:USB_DEVICE/Target/usbd_conf.c ****   * @param  ep_addr: Endpoint number
 501:USB_DEVICE/Target/usbd_conf.c ****   * @retval USBD status
 502:USB_DEVICE/Target/usbd_conf.c ****   */
 503:USB_DEVICE/Target/usbd_conf.c **** USBD_StatusTypeDef USBD_LL_ClearStallEP(USBD_HandleTypeDef *pdev, uint8_t ep_addr)
 504:USB_DEVICE/Target/usbd_conf.c **** {
 505:USB_DEVICE/Target/usbd_conf.c ****   HAL_StatusTypeDef hal_status = HAL_OK;
 506:USB_DEVICE/Target/usbd_conf.c ****   USBD_StatusTypeDef usb_status = USBD_OK;
 507:USB_DEVICE/Target/usbd_conf.c **** 
 508:USB_DEVICE/Target/usbd_conf.c ****   hal_status = HAL_PCD_EP_ClrStall(pdev->pData, ep_addr);
 509:USB_DEVICE/Target/usbd_conf.c **** 
 510:USB_DEVICE/Target/usbd_conf.c ****   usb_status =  USBD_Get_USB_Status(hal_status);
 511:USB_DEVICE/Target/usbd_conf.c **** 
 512:USB_DEVICE/Target/usbd_conf.c ****   return usb_status;
 513:USB_DEVICE/Target/usbd_conf.c **** }
 514:USB_DEVICE/Target/usbd_conf.c **** 
 515:USB_DEVICE/Target/usbd_conf.c **** /**
 516:USB_DEVICE/Target/usbd_conf.c ****   * @brief  Returns Stall condition.
 517:USB_DEVICE/Target/usbd_conf.c ****   * @param  pdev: Device handle
ARM GAS  /tmp/ccQHGLbt.s 			page 24


 518:USB_DEVICE/Target/usbd_conf.c ****   * @param  ep_addr: Endpoint number
 519:USB_DEVICE/Target/usbd_conf.c ****   * @retval Stall (1: Yes, 0: No)
 520:USB_DEVICE/Target/usbd_conf.c ****   */
 521:USB_DEVICE/Target/usbd_conf.c **** uint8_t USBD_LL_IsStallEP(USBD_HandleTypeDef *pdev, uint8_t ep_addr)
 522:USB_DEVICE/Target/usbd_conf.c **** {
 755              		.loc 1 522 1 view -0
 756              		.cfi_startproc
 757              		@ args = 0, pretend = 0, frame = 0
 758              		@ frame_needed = 0, uses_anonymous_args = 0
 759              		@ link register save eliminated.
 523:USB_DEVICE/Target/usbd_conf.c ****   PCD_HandleTypeDef *hpcd = (PCD_HandleTypeDef*) pdev->pData;
 760              		.loc 1 523 3 view .LVU163
 761              		.loc 1 523 22 is_stmt 0 view .LVU164
 762 0000 D0F8C832 		ldr	r3, [r0, #712]
 763              	.LVL62:
 524:USB_DEVICE/Target/usbd_conf.c **** 
 525:USB_DEVICE/Target/usbd_conf.c ****   if((ep_addr & 0x80) == 0x80)
 764              		.loc 1 525 3 is_stmt 1 view .LVU165
 765              		.loc 1 525 5 is_stmt 0 view .LVU166
 766 0004 11F0800F 		tst	r1, #128
 767 0008 08D1     		bne	.L55
 526:USB_DEVICE/Target/usbd_conf.c ****   {
 527:USB_DEVICE/Target/usbd_conf.c ****     return hpcd->IN_ep[ep_addr & 0x7F].is_stall;
 528:USB_DEVICE/Target/usbd_conf.c ****   }
 529:USB_DEVICE/Target/usbd_conf.c ****   else
 530:USB_DEVICE/Target/usbd_conf.c ****   {
 531:USB_DEVICE/Target/usbd_conf.c ****     return hpcd->OUT_ep[ep_addr & 0x7F].is_stall;
 768              		.loc 1 531 5 is_stmt 1 view .LVU167
 769              		.loc 1 531 33 is_stmt 0 view .LVU168
 770 000a 01F07F01 		and	r1, r1, #127
 771              	.LVL63:
 772              		.loc 1 531 40 view .LVU169
 773 000e 01EBC101 		add	r1, r1, r1, lsl #3
 774 0012 03EB8101 		add	r1, r3, r1, lsl #2
 775 0016 91F85602 		ldrb	r0, [r1, #598]	@ zero_extendqisi2
 776              	.LVL64:
 532:USB_DEVICE/Target/usbd_conf.c ****   }
 533:USB_DEVICE/Target/usbd_conf.c **** }
 777              		.loc 1 533 1 view .LVU170
 778 001a 7047     		bx	lr
 779              	.LVL65:
 780              	.L55:
 527:USB_DEVICE/Target/usbd_conf.c ****   }
 781              		.loc 1 527 5 is_stmt 1 view .LVU171
 527:USB_DEVICE/Target/usbd_conf.c ****   }
 782              		.loc 1 527 32 is_stmt 0 view .LVU172
 783 001c 01F07F01 		and	r1, r1, #127
 784              	.LVL66:
 527:USB_DEVICE/Target/usbd_conf.c ****   }
 785              		.loc 1 527 39 view .LVU173
 786 0020 01EBC101 		add	r1, r1, r1, lsl #3
 787 0024 03EB8101 		add	r1, r3, r1, lsl #2
 788 0028 887D     		ldrb	r0, [r1, #22]	@ zero_extendqisi2
 789              	.LVL67:
 527:USB_DEVICE/Target/usbd_conf.c ****   }
 790              		.loc 1 527 39 view .LVU174
 791 002a 7047     		bx	lr
ARM GAS  /tmp/ccQHGLbt.s 			page 25


 792              		.cfi_endproc
 793              	.LFE160:
 795              		.section	.text.USBD_LL_GetRxDataSize,"ax",%progbits
 796              		.align	1
 797              		.global	USBD_LL_GetRxDataSize
 798              		.syntax unified
 799              		.thumb
 800              		.thumb_func
 801              		.fpu fpv4-sp-d16
 803              	USBD_LL_GetRxDataSize:
 804              	.LVL68:
 805              	.LFB164:
 534:USB_DEVICE/Target/usbd_conf.c **** 
 535:USB_DEVICE/Target/usbd_conf.c **** /**
 536:USB_DEVICE/Target/usbd_conf.c ****   * @brief  Assigns a USB address to the device.
 537:USB_DEVICE/Target/usbd_conf.c ****   * @param  pdev: Device handle
 538:USB_DEVICE/Target/usbd_conf.c ****   * @param  dev_addr: Device address
 539:USB_DEVICE/Target/usbd_conf.c ****   * @retval USBD status
 540:USB_DEVICE/Target/usbd_conf.c ****   */
 541:USB_DEVICE/Target/usbd_conf.c **** USBD_StatusTypeDef USBD_LL_SetUSBAddress(USBD_HandleTypeDef *pdev, uint8_t dev_addr)
 542:USB_DEVICE/Target/usbd_conf.c **** {
 543:USB_DEVICE/Target/usbd_conf.c ****   HAL_StatusTypeDef hal_status = HAL_OK;
 544:USB_DEVICE/Target/usbd_conf.c ****   USBD_StatusTypeDef usb_status = USBD_OK;
 545:USB_DEVICE/Target/usbd_conf.c **** 
 546:USB_DEVICE/Target/usbd_conf.c ****   hal_status = HAL_PCD_SetAddress(pdev->pData, dev_addr);
 547:USB_DEVICE/Target/usbd_conf.c **** 
 548:USB_DEVICE/Target/usbd_conf.c ****   usb_status =  USBD_Get_USB_Status(hal_status);
 549:USB_DEVICE/Target/usbd_conf.c **** 
 550:USB_DEVICE/Target/usbd_conf.c ****   return usb_status;
 551:USB_DEVICE/Target/usbd_conf.c **** }
 552:USB_DEVICE/Target/usbd_conf.c **** 
 553:USB_DEVICE/Target/usbd_conf.c **** /**
 554:USB_DEVICE/Target/usbd_conf.c ****   * @brief  Transmits data over an endpoint.
 555:USB_DEVICE/Target/usbd_conf.c ****   * @param  pdev: Device handle
 556:USB_DEVICE/Target/usbd_conf.c ****   * @param  ep_addr: Endpoint number
 557:USB_DEVICE/Target/usbd_conf.c ****   * @param  pbuf: Pointer to data to be sent
 558:USB_DEVICE/Target/usbd_conf.c ****   * @param  size: Data size
 559:USB_DEVICE/Target/usbd_conf.c ****   * @retval USBD status
 560:USB_DEVICE/Target/usbd_conf.c ****   */
 561:USB_DEVICE/Target/usbd_conf.c **** USBD_StatusTypeDef USBD_LL_Transmit(USBD_HandleTypeDef *pdev, uint8_t ep_addr, uint8_t *pbuf, uint3
 562:USB_DEVICE/Target/usbd_conf.c **** {
 563:USB_DEVICE/Target/usbd_conf.c ****   HAL_StatusTypeDef hal_status = HAL_OK;
 564:USB_DEVICE/Target/usbd_conf.c ****   USBD_StatusTypeDef usb_status = USBD_OK;
 565:USB_DEVICE/Target/usbd_conf.c **** 
 566:USB_DEVICE/Target/usbd_conf.c ****   hal_status = HAL_PCD_EP_Transmit(pdev->pData, ep_addr, pbuf, size);
 567:USB_DEVICE/Target/usbd_conf.c **** 
 568:USB_DEVICE/Target/usbd_conf.c ****   usb_status =  USBD_Get_USB_Status(hal_status);
 569:USB_DEVICE/Target/usbd_conf.c **** 
 570:USB_DEVICE/Target/usbd_conf.c ****   return usb_status;
 571:USB_DEVICE/Target/usbd_conf.c **** }
 572:USB_DEVICE/Target/usbd_conf.c **** 
 573:USB_DEVICE/Target/usbd_conf.c **** /**
 574:USB_DEVICE/Target/usbd_conf.c ****   * @brief  Prepares an endpoint for reception.
 575:USB_DEVICE/Target/usbd_conf.c ****   * @param  pdev: Device handle
 576:USB_DEVICE/Target/usbd_conf.c ****   * @param  ep_addr: Endpoint number
 577:USB_DEVICE/Target/usbd_conf.c ****   * @param  pbuf: Pointer to data to be received
 578:USB_DEVICE/Target/usbd_conf.c ****   * @param  size: Data size
ARM GAS  /tmp/ccQHGLbt.s 			page 26


 579:USB_DEVICE/Target/usbd_conf.c ****   * @retval USBD status
 580:USB_DEVICE/Target/usbd_conf.c ****   */
 581:USB_DEVICE/Target/usbd_conf.c **** USBD_StatusTypeDef USBD_LL_PrepareReceive(USBD_HandleTypeDef *pdev, uint8_t ep_addr, uint8_t *pbuf,
 582:USB_DEVICE/Target/usbd_conf.c **** {
 583:USB_DEVICE/Target/usbd_conf.c ****   HAL_StatusTypeDef hal_status = HAL_OK;
 584:USB_DEVICE/Target/usbd_conf.c ****   USBD_StatusTypeDef usb_status = USBD_OK;
 585:USB_DEVICE/Target/usbd_conf.c **** 
 586:USB_DEVICE/Target/usbd_conf.c ****   hal_status = HAL_PCD_EP_Receive(pdev->pData, ep_addr, pbuf, size);
 587:USB_DEVICE/Target/usbd_conf.c **** 
 588:USB_DEVICE/Target/usbd_conf.c ****   usb_status =  USBD_Get_USB_Status(hal_status);
 589:USB_DEVICE/Target/usbd_conf.c **** 
 590:USB_DEVICE/Target/usbd_conf.c ****   return usb_status;
 591:USB_DEVICE/Target/usbd_conf.c **** }
 592:USB_DEVICE/Target/usbd_conf.c **** 
 593:USB_DEVICE/Target/usbd_conf.c **** /**
 594:USB_DEVICE/Target/usbd_conf.c ****   * @brief  Returns the last transferred packet size.
 595:USB_DEVICE/Target/usbd_conf.c ****   * @param  pdev: Device handle
 596:USB_DEVICE/Target/usbd_conf.c ****   * @param  ep_addr: Endpoint number
 597:USB_DEVICE/Target/usbd_conf.c ****   * @retval Received Data Size
 598:USB_DEVICE/Target/usbd_conf.c ****   */
 599:USB_DEVICE/Target/usbd_conf.c **** uint32_t USBD_LL_GetRxDataSize(USBD_HandleTypeDef *pdev, uint8_t ep_addr)
 600:USB_DEVICE/Target/usbd_conf.c **** {
 806              		.loc 1 600 1 is_stmt 1 view -0
 807              		.cfi_startproc
 808              		@ args = 0, pretend = 0, frame = 0
 809              		@ frame_needed = 0, uses_anonymous_args = 0
 810              		.loc 1 600 1 is_stmt 0 view .LVU176
 811 0000 08B5     		push	{r3, lr}
 812              	.LCFI17:
 813              		.cfi_def_cfa_offset 8
 814              		.cfi_offset 3, -8
 815              		.cfi_offset 14, -4
 601:USB_DEVICE/Target/usbd_conf.c ****   return HAL_PCD_EP_GetRxCount((PCD_HandleTypeDef*) pdev->pData, ep_addr);
 816              		.loc 1 601 3 is_stmt 1 view .LVU177
 817              		.loc 1 601 10 is_stmt 0 view .LVU178
 818 0002 D0F8C802 		ldr	r0, [r0, #712]
 819              	.LVL69:
 820              		.loc 1 601 10 view .LVU179
 821 0006 FFF7FEFF 		bl	HAL_PCD_EP_GetRxCount
 822              	.LVL70:
 602:USB_DEVICE/Target/usbd_conf.c **** }
 823              		.loc 1 602 1 view .LVU180
 824 000a 08BD     		pop	{r3, pc}
 825              		.cfi_endproc
 826              	.LFE164:
 828              		.section	.text.USBD_static_malloc,"ax",%progbits
 829              		.align	1
 830              		.global	USBD_static_malloc
 831              		.syntax unified
 832              		.thumb
 833              		.thumb_func
 834              		.fpu fpv4-sp-d16
 836              	USBD_static_malloc:
 837              	.LVL71:
 838              	.LFB165:
 603:USB_DEVICE/Target/usbd_conf.c **** 
 604:USB_DEVICE/Target/usbd_conf.c **** #ifdef USBD_HS_TESTMODE_ENABLE
ARM GAS  /tmp/ccQHGLbt.s 			page 27


 605:USB_DEVICE/Target/usbd_conf.c **** /**
 606:USB_DEVICE/Target/usbd_conf.c ****   * @brief  Set High speed Test mode.
 607:USB_DEVICE/Target/usbd_conf.c ****   * @param  pdev: Device handle
 608:USB_DEVICE/Target/usbd_conf.c ****   * @param  testmode: test mode
 609:USB_DEVICE/Target/usbd_conf.c ****   * @retval USBD Status
 610:USB_DEVICE/Target/usbd_conf.c ****   */
 611:USB_DEVICE/Target/usbd_conf.c **** USBD_StatusTypeDef USBD_LL_SetTestMode(USBD_HandleTypeDef *pdev, uint8_t testmode)
 612:USB_DEVICE/Target/usbd_conf.c **** {
 613:USB_DEVICE/Target/usbd_conf.c ****   UNUSED(pdev);
 614:USB_DEVICE/Target/usbd_conf.c ****   UNUSED(testmode);
 615:USB_DEVICE/Target/usbd_conf.c **** 
 616:USB_DEVICE/Target/usbd_conf.c ****   return USBD_OK;
 617:USB_DEVICE/Target/usbd_conf.c **** }
 618:USB_DEVICE/Target/usbd_conf.c **** #endif /* USBD_HS_TESTMODE_ENABLE */
 619:USB_DEVICE/Target/usbd_conf.c **** 
 620:USB_DEVICE/Target/usbd_conf.c **** /**
 621:USB_DEVICE/Target/usbd_conf.c ****   * @brief  Static single allocation.
 622:USB_DEVICE/Target/usbd_conf.c ****   * @param  size: Size of allocated memory
 623:USB_DEVICE/Target/usbd_conf.c ****   * @retval None
 624:USB_DEVICE/Target/usbd_conf.c ****   */
 625:USB_DEVICE/Target/usbd_conf.c **** void *USBD_static_malloc(uint32_t size)
 626:USB_DEVICE/Target/usbd_conf.c **** {
 839              		.loc 1 626 1 is_stmt 1 view -0
 840              		.cfi_startproc
 841              		@ args = 0, pretend = 0, frame = 0
 842              		@ frame_needed = 0, uses_anonymous_args = 0
 843              		@ link register save eliminated.
 627:USB_DEVICE/Target/usbd_conf.c ****   static uint32_t mem[(sizeof(USBD_CDC_HandleTypeDef)/4)+1];/* On 32-bit boundary */
 844              		.loc 1 627 3 view .LVU182
 628:USB_DEVICE/Target/usbd_conf.c ****   return mem;
 845              		.loc 1 628 3 view .LVU183
 629:USB_DEVICE/Target/usbd_conf.c **** }
 846              		.loc 1 629 1 is_stmt 0 view .LVU184
 847 0000 0048     		ldr	r0, .L59
 848              	.LVL72:
 849              		.loc 1 629 1 view .LVU185
 850 0002 7047     		bx	lr
 851              	.L60:
 852              		.align	2
 853              	.L59:
 854 0004 00000000 		.word	.LANCHOR1
 855              		.cfi_endproc
 856              	.LFE165:
 858              		.section	.text.USBD_static_free,"ax",%progbits
 859              		.align	1
 860              		.global	USBD_static_free
 861              		.syntax unified
 862              		.thumb
 863              		.thumb_func
 864              		.fpu fpv4-sp-d16
 866              	USBD_static_free:
 867              	.LVL73:
 868              	.LFB166:
 630:USB_DEVICE/Target/usbd_conf.c **** 
 631:USB_DEVICE/Target/usbd_conf.c **** /**
 632:USB_DEVICE/Target/usbd_conf.c ****   * @brief  Dummy memory free
 633:USB_DEVICE/Target/usbd_conf.c ****   * @param  p: Pointer to allocated  memory address
ARM GAS  /tmp/ccQHGLbt.s 			page 28


 634:USB_DEVICE/Target/usbd_conf.c ****   * @retval None
 635:USB_DEVICE/Target/usbd_conf.c ****   */
 636:USB_DEVICE/Target/usbd_conf.c **** void USBD_static_free(void *p)
 637:USB_DEVICE/Target/usbd_conf.c **** {
 869              		.loc 1 637 1 is_stmt 1 view -0
 870              		.cfi_startproc
 871              		@ args = 0, pretend = 0, frame = 0
 872              		@ frame_needed = 0, uses_anonymous_args = 0
 873              		@ link register save eliminated.
 638:USB_DEVICE/Target/usbd_conf.c **** 
 639:USB_DEVICE/Target/usbd_conf.c **** }
 874              		.loc 1 639 1 view .LVU187
 875 0000 7047     		bx	lr
 876              		.cfi_endproc
 877              	.LFE166:
 879              		.section	.text.USBD_LL_Delay,"ax",%progbits
 880              		.align	1
 881              		.global	USBD_LL_Delay
 882              		.syntax unified
 883              		.thumb
 884              		.thumb_func
 885              		.fpu fpv4-sp-d16
 887              	USBD_LL_Delay:
 888              	.LVL74:
 889              	.LFB167:
 640:USB_DEVICE/Target/usbd_conf.c **** 
 641:USB_DEVICE/Target/usbd_conf.c **** /**
 642:USB_DEVICE/Target/usbd_conf.c ****   * @brief  Delays routine for the USB Device Library.
 643:USB_DEVICE/Target/usbd_conf.c ****   * @param  Delay: Delay in ms
 644:USB_DEVICE/Target/usbd_conf.c ****   * @retval None
 645:USB_DEVICE/Target/usbd_conf.c ****   */
 646:USB_DEVICE/Target/usbd_conf.c **** void USBD_LL_Delay(uint32_t Delay)
 647:USB_DEVICE/Target/usbd_conf.c **** {
 890              		.loc 1 647 1 view -0
 891              		.cfi_startproc
 892              		@ args = 0, pretend = 0, frame = 0
 893              		@ frame_needed = 0, uses_anonymous_args = 0
 894              		.loc 1 647 1 is_stmt 0 view .LVU189
 895 0000 08B5     		push	{r3, lr}
 896              	.LCFI18:
 897              		.cfi_def_cfa_offset 8
 898              		.cfi_offset 3, -8
 899              		.cfi_offset 14, -4
 648:USB_DEVICE/Target/usbd_conf.c ****   HAL_Delay(Delay);
 900              		.loc 1 648 3 is_stmt 1 view .LVU190
 901 0002 FFF7FEFF 		bl	HAL_Delay
 902              	.LVL75:
 649:USB_DEVICE/Target/usbd_conf.c **** }
 903              		.loc 1 649 1 is_stmt 0 view .LVU191
 904 0006 08BD     		pop	{r3, pc}
 905              		.cfi_endproc
 906              	.LFE167:
 908              		.section	.text.USBD_Get_USB_Status,"ax",%progbits
 909              		.align	1
 910              		.global	USBD_Get_USB_Status
 911              		.syntax unified
 912              		.thumb
ARM GAS  /tmp/ccQHGLbt.s 			page 29


 913              		.thumb_func
 914              		.fpu fpv4-sp-d16
 916              	USBD_Get_USB_Status:
 917              	.LVL76:
 918              	.LFB168:
 650:USB_DEVICE/Target/usbd_conf.c **** 
 651:USB_DEVICE/Target/usbd_conf.c **** /**
 652:USB_DEVICE/Target/usbd_conf.c ****   * @brief  Returns the USB status depending on the HAL status:
 653:USB_DEVICE/Target/usbd_conf.c ****   * @param  hal_status: HAL status
 654:USB_DEVICE/Target/usbd_conf.c ****   * @retval USB status
 655:USB_DEVICE/Target/usbd_conf.c ****   */
 656:USB_DEVICE/Target/usbd_conf.c **** USBD_StatusTypeDef USBD_Get_USB_Status(HAL_StatusTypeDef hal_status)
 657:USB_DEVICE/Target/usbd_conf.c **** {
 919              		.loc 1 657 1 is_stmt 1 view -0
 920              		.cfi_startproc
 921              		@ args = 0, pretend = 0, frame = 0
 922              		@ frame_needed = 0, uses_anonymous_args = 0
 923              		@ link register save eliminated.
 658:USB_DEVICE/Target/usbd_conf.c ****   USBD_StatusTypeDef usb_status = USBD_OK;
 924              		.loc 1 658 3 view .LVU193
 659:USB_DEVICE/Target/usbd_conf.c **** 
 660:USB_DEVICE/Target/usbd_conf.c ****   switch (hal_status)
 925              		.loc 1 660 3 view .LVU194
 926 0000 0328     		cmp	r0, #3
 927 0002 05D8     		bhi	.L70
 928 0004 DFE800F0 		tbb	[pc, r0]
 929              	.L67:
 930 0008 05       		.byte	(.L65-.L67)/2
 931 0009 04       		.byte	(.L70-.L67)/2
 932 000a 02       		.byte	(.L68-.L67)/2
 933 000b 05       		.byte	(.L65-.L67)/2
 934              		.p2align 1
 935              	.L68:
 661:USB_DEVICE/Target/usbd_conf.c ****   {
 662:USB_DEVICE/Target/usbd_conf.c ****     case HAL_OK :
 663:USB_DEVICE/Target/usbd_conf.c ****       usb_status = USBD_OK;
 664:USB_DEVICE/Target/usbd_conf.c ****     break;
 665:USB_DEVICE/Target/usbd_conf.c ****     case HAL_ERROR :
 666:USB_DEVICE/Target/usbd_conf.c ****       usb_status = USBD_FAIL;
 667:USB_DEVICE/Target/usbd_conf.c ****     break;
 668:USB_DEVICE/Target/usbd_conf.c ****     case HAL_BUSY :
 669:USB_DEVICE/Target/usbd_conf.c ****       usb_status = USBD_BUSY;
 936              		.loc 1 669 7 view .LVU195
 937              	.LVL77:
 670:USB_DEVICE/Target/usbd_conf.c ****     break;
 938              		.loc 1 670 5 view .LVU196
 669:USB_DEVICE/Target/usbd_conf.c ****     break;
 939              		.loc 1 669 18 is_stmt 0 view .LVU197
 940 000c 0120     		movs	r0, #1
 941              	.LVL78:
 942              		.loc 1 670 5 view .LVU198
 943 000e 7047     		bx	lr
 944              	.LVL79:
 945              	.L70:
 666:USB_DEVICE/Target/usbd_conf.c ****     break;
 946              		.loc 1 666 18 view .LVU199
 947 0010 0320     		movs	r0, #3
ARM GAS  /tmp/ccQHGLbt.s 			page 30


 948              	.LVL80:
 949              	.L65:
 671:USB_DEVICE/Target/usbd_conf.c ****     case HAL_TIMEOUT :
 672:USB_DEVICE/Target/usbd_conf.c ****       usb_status = USBD_FAIL;
 673:USB_DEVICE/Target/usbd_conf.c ****     break;
 674:USB_DEVICE/Target/usbd_conf.c ****     default :
 675:USB_DEVICE/Target/usbd_conf.c ****       usb_status = USBD_FAIL;
 676:USB_DEVICE/Target/usbd_conf.c ****     break;
 677:USB_DEVICE/Target/usbd_conf.c ****   }
 678:USB_DEVICE/Target/usbd_conf.c ****   return usb_status;
 950              		.loc 1 678 3 is_stmt 1 view .LVU200
 679:USB_DEVICE/Target/usbd_conf.c **** }
 951              		.loc 1 679 1 is_stmt 0 view .LVU201
 952 0012 7047     		bx	lr
 953              		.cfi_endproc
 954              	.LFE168:
 956              		.section	.text.USBD_LL_DeInit,"ax",%progbits
 957              		.align	1
 958              		.global	USBD_LL_DeInit
 959              		.syntax unified
 960              		.thumb
 961              		.thumb_func
 962              		.fpu fpv4-sp-d16
 964              	USBD_LL_DeInit:
 965              	.LVL81:
 966              	.LFB152:
 378:USB_DEVICE/Target/usbd_conf.c ****   HAL_StatusTypeDef hal_status = HAL_OK;
 967              		.loc 1 378 1 is_stmt 1 view -0
 968              		.cfi_startproc
 969              		@ args = 0, pretend = 0, frame = 0
 970              		@ frame_needed = 0, uses_anonymous_args = 0
 378:USB_DEVICE/Target/usbd_conf.c ****   HAL_StatusTypeDef hal_status = HAL_OK;
 971              		.loc 1 378 1 is_stmt 0 view .LVU203
 972 0000 08B5     		push	{r3, lr}
 973              	.LCFI19:
 974              		.cfi_def_cfa_offset 8
 975              		.cfi_offset 3, -8
 976              		.cfi_offset 14, -4
 379:USB_DEVICE/Target/usbd_conf.c ****   USBD_StatusTypeDef usb_status = USBD_OK;
 977              		.loc 1 379 3 is_stmt 1 view .LVU204
 978              	.LVL82:
 380:USB_DEVICE/Target/usbd_conf.c **** 
 979              		.loc 1 380 3 view .LVU205
 382:USB_DEVICE/Target/usbd_conf.c **** 
 980              		.loc 1 382 3 view .LVU206
 382:USB_DEVICE/Target/usbd_conf.c **** 
 981              		.loc 1 382 16 is_stmt 0 view .LVU207
 982 0002 D0F8C802 		ldr	r0, [r0, #712]
 983              	.LVL83:
 382:USB_DEVICE/Target/usbd_conf.c **** 
 984              		.loc 1 382 16 view .LVU208
 985 0006 FFF7FEFF 		bl	HAL_PCD_DeInit
 986              	.LVL84:
 384:USB_DEVICE/Target/usbd_conf.c **** 
 987              		.loc 1 384 3 is_stmt 1 view .LVU209
 384:USB_DEVICE/Target/usbd_conf.c **** 
 988              		.loc 1 384 17 is_stmt 0 view .LVU210
ARM GAS  /tmp/ccQHGLbt.s 			page 31


 989 000a FFF7FEFF 		bl	USBD_Get_USB_Status
 990              	.LVL85:
 386:USB_DEVICE/Target/usbd_conf.c **** }
 991              		.loc 1 386 3 is_stmt 1 view .LVU211
 387:USB_DEVICE/Target/usbd_conf.c **** 
 992              		.loc 1 387 1 is_stmt 0 view .LVU212
 993 000e 08BD     		pop	{r3, pc}
 994              		.cfi_endproc
 995              	.LFE152:
 997              		.section	.text.USBD_LL_Start,"ax",%progbits
 998              		.align	1
 999              		.global	USBD_LL_Start
 1000              		.syntax unified
 1001              		.thumb
 1002              		.thumb_func
 1003              		.fpu fpv4-sp-d16
 1005              	USBD_LL_Start:
 1006              	.LVL86:
 1007              	.LFB153:
 395:USB_DEVICE/Target/usbd_conf.c ****   HAL_StatusTypeDef hal_status = HAL_OK;
 1008              		.loc 1 395 1 is_stmt 1 view -0
 1009              		.cfi_startproc
 1010              		@ args = 0, pretend = 0, frame = 0
 1011              		@ frame_needed = 0, uses_anonymous_args = 0
 395:USB_DEVICE/Target/usbd_conf.c ****   HAL_StatusTypeDef hal_status = HAL_OK;
 1012              		.loc 1 395 1 is_stmt 0 view .LVU214
 1013 0000 08B5     		push	{r3, lr}
 1014              	.LCFI20:
 1015              		.cfi_def_cfa_offset 8
 1016              		.cfi_offset 3, -8
 1017              		.cfi_offset 14, -4
 396:USB_DEVICE/Target/usbd_conf.c ****   USBD_StatusTypeDef usb_status = USBD_OK;
 1018              		.loc 1 396 3 is_stmt 1 view .LVU215
 1019              	.LVL87:
 397:USB_DEVICE/Target/usbd_conf.c **** 
 1020              		.loc 1 397 3 view .LVU216
 399:USB_DEVICE/Target/usbd_conf.c **** 
 1021              		.loc 1 399 3 view .LVU217
 399:USB_DEVICE/Target/usbd_conf.c **** 
 1022              		.loc 1 399 16 is_stmt 0 view .LVU218
 1023 0002 D0F8C802 		ldr	r0, [r0, #712]
 1024              	.LVL88:
 399:USB_DEVICE/Target/usbd_conf.c **** 
 1025              		.loc 1 399 16 view .LVU219
 1026 0006 FFF7FEFF 		bl	HAL_PCD_Start
 1027              	.LVL89:
 401:USB_DEVICE/Target/usbd_conf.c **** 
 1028              		.loc 1 401 3 is_stmt 1 view .LVU220
 401:USB_DEVICE/Target/usbd_conf.c **** 
 1029              		.loc 1 401 17 is_stmt 0 view .LVU221
 1030 000a FFF7FEFF 		bl	USBD_Get_USB_Status
 1031              	.LVL90:
 403:USB_DEVICE/Target/usbd_conf.c **** }
 1032              		.loc 1 403 3 is_stmt 1 view .LVU222
 404:USB_DEVICE/Target/usbd_conf.c **** 
 1033              		.loc 1 404 1 is_stmt 0 view .LVU223
 1034 000e 08BD     		pop	{r3, pc}
ARM GAS  /tmp/ccQHGLbt.s 			page 32


 1035              		.cfi_endproc
 1036              	.LFE153:
 1038              		.section	.text.USBD_LL_Stop,"ax",%progbits
 1039              		.align	1
 1040              		.global	USBD_LL_Stop
 1041              		.syntax unified
 1042              		.thumb
 1043              		.thumb_func
 1044              		.fpu fpv4-sp-d16
 1046              	USBD_LL_Stop:
 1047              	.LVL91:
 1048              	.LFB154:
 412:USB_DEVICE/Target/usbd_conf.c ****   HAL_StatusTypeDef hal_status = HAL_OK;
 1049              		.loc 1 412 1 is_stmt 1 view -0
 1050              		.cfi_startproc
 1051              		@ args = 0, pretend = 0, frame = 0
 1052              		@ frame_needed = 0, uses_anonymous_args = 0
 412:USB_DEVICE/Target/usbd_conf.c ****   HAL_StatusTypeDef hal_status = HAL_OK;
 1053              		.loc 1 412 1 is_stmt 0 view .LVU225
 1054 0000 08B5     		push	{r3, lr}
 1055              	.LCFI21:
 1056              		.cfi_def_cfa_offset 8
 1057              		.cfi_offset 3, -8
 1058              		.cfi_offset 14, -4
 413:USB_DEVICE/Target/usbd_conf.c ****   USBD_StatusTypeDef usb_status = USBD_OK;
 1059              		.loc 1 413 3 is_stmt 1 view .LVU226
 1060              	.LVL92:
 414:USB_DEVICE/Target/usbd_conf.c **** 
 1061              		.loc 1 414 3 view .LVU227
 416:USB_DEVICE/Target/usbd_conf.c **** 
 1062              		.loc 1 416 3 view .LVU228
 416:USB_DEVICE/Target/usbd_conf.c **** 
 1063              		.loc 1 416 16 is_stmt 0 view .LVU229
 1064 0002 D0F8C802 		ldr	r0, [r0, #712]
 1065              	.LVL93:
 416:USB_DEVICE/Target/usbd_conf.c **** 
 1066              		.loc 1 416 16 view .LVU230
 1067 0006 FFF7FEFF 		bl	HAL_PCD_Stop
 1068              	.LVL94:
 418:USB_DEVICE/Target/usbd_conf.c **** 
 1069              		.loc 1 418 3 is_stmt 1 view .LVU231
 418:USB_DEVICE/Target/usbd_conf.c **** 
 1070              		.loc 1 418 17 is_stmt 0 view .LVU232
 1071 000a FFF7FEFF 		bl	USBD_Get_USB_Status
 1072              	.LVL95:
 420:USB_DEVICE/Target/usbd_conf.c **** }
 1073              		.loc 1 420 3 is_stmt 1 view .LVU233
 421:USB_DEVICE/Target/usbd_conf.c **** 
 1074              		.loc 1 421 1 is_stmt 0 view .LVU234
 1075 000e 08BD     		pop	{r3, pc}
 1076              		.cfi_endproc
 1077              	.LFE154:
 1079              		.section	.text.USBD_LL_OpenEP,"ax",%progbits
 1080              		.align	1
 1081              		.global	USBD_LL_OpenEP
 1082              		.syntax unified
 1083              		.thumb
ARM GAS  /tmp/ccQHGLbt.s 			page 33


 1084              		.thumb_func
 1085              		.fpu fpv4-sp-d16
 1087              	USBD_LL_OpenEP:
 1088              	.LVL96:
 1089              	.LFB155:
 432:USB_DEVICE/Target/usbd_conf.c ****   HAL_StatusTypeDef hal_status = HAL_OK;
 1090              		.loc 1 432 1 is_stmt 1 view -0
 1091              		.cfi_startproc
 1092              		@ args = 0, pretend = 0, frame = 0
 1093              		@ frame_needed = 0, uses_anonymous_args = 0
 432:USB_DEVICE/Target/usbd_conf.c ****   HAL_StatusTypeDef hal_status = HAL_OK;
 1094              		.loc 1 432 1 is_stmt 0 view .LVU236
 1095 0000 08B5     		push	{r3, lr}
 1096              	.LCFI22:
 1097              		.cfi_def_cfa_offset 8
 1098              		.cfi_offset 3, -8
 1099              		.cfi_offset 14, -4
 1100 0002 9446     		mov	ip, r2
 1101 0004 1A46     		mov	r2, r3
 1102              	.LVL97:
 433:USB_DEVICE/Target/usbd_conf.c ****   USBD_StatusTypeDef usb_status = USBD_OK;
 1103              		.loc 1 433 3 is_stmt 1 view .LVU237
 434:USB_DEVICE/Target/usbd_conf.c **** 
 1104              		.loc 1 434 3 view .LVU238
 436:USB_DEVICE/Target/usbd_conf.c **** 
 1105              		.loc 1 436 3 view .LVU239
 436:USB_DEVICE/Target/usbd_conf.c **** 
 1106              		.loc 1 436 16 is_stmt 0 view .LVU240
 1107 0006 6346     		mov	r3, ip
 1108              	.LVL98:
 436:USB_DEVICE/Target/usbd_conf.c **** 
 1109              		.loc 1 436 16 view .LVU241
 1110 0008 D0F8C802 		ldr	r0, [r0, #712]
 1111              	.LVL99:
 436:USB_DEVICE/Target/usbd_conf.c **** 
 1112              		.loc 1 436 16 view .LVU242
 1113 000c FFF7FEFF 		bl	HAL_PCD_EP_Open
 1114              	.LVL100:
 438:USB_DEVICE/Target/usbd_conf.c **** 
 1115              		.loc 1 438 3 is_stmt 1 view .LVU243
 438:USB_DEVICE/Target/usbd_conf.c **** 
 1116              		.loc 1 438 17 is_stmt 0 view .LVU244
 1117 0010 FFF7FEFF 		bl	USBD_Get_USB_Status
 1118              	.LVL101:
 440:USB_DEVICE/Target/usbd_conf.c **** }
 1119              		.loc 1 440 3 is_stmt 1 view .LVU245
 441:USB_DEVICE/Target/usbd_conf.c **** 
 1120              		.loc 1 441 1 is_stmt 0 view .LVU246
 1121 0014 08BD     		pop	{r3, pc}
 1122              		.cfi_endproc
 1123              	.LFE155:
 1125              		.section	.text.USBD_LL_CloseEP,"ax",%progbits
 1126              		.align	1
 1127              		.global	USBD_LL_CloseEP
 1128              		.syntax unified
 1129              		.thumb
 1130              		.thumb_func
ARM GAS  /tmp/ccQHGLbt.s 			page 34


 1131              		.fpu fpv4-sp-d16
 1133              	USBD_LL_CloseEP:
 1134              	.LVL102:
 1135              	.LFB156:
 450:USB_DEVICE/Target/usbd_conf.c ****   HAL_StatusTypeDef hal_status = HAL_OK;
 1136              		.loc 1 450 1 is_stmt 1 view -0
 1137              		.cfi_startproc
 1138              		@ args = 0, pretend = 0, frame = 0
 1139              		@ frame_needed = 0, uses_anonymous_args = 0
 450:USB_DEVICE/Target/usbd_conf.c ****   HAL_StatusTypeDef hal_status = HAL_OK;
 1140              		.loc 1 450 1 is_stmt 0 view .LVU248
 1141 0000 08B5     		push	{r3, lr}
 1142              	.LCFI23:
 1143              		.cfi_def_cfa_offset 8
 1144              		.cfi_offset 3, -8
 1145              		.cfi_offset 14, -4
 451:USB_DEVICE/Target/usbd_conf.c ****   USBD_StatusTypeDef usb_status = USBD_OK;
 1146              		.loc 1 451 3 is_stmt 1 view .LVU249
 1147              	.LVL103:
 452:USB_DEVICE/Target/usbd_conf.c **** 
 1148              		.loc 1 452 3 view .LVU250
 454:USB_DEVICE/Target/usbd_conf.c **** 
 1149              		.loc 1 454 3 view .LVU251
 454:USB_DEVICE/Target/usbd_conf.c **** 
 1150              		.loc 1 454 16 is_stmt 0 view .LVU252
 1151 0002 D0F8C802 		ldr	r0, [r0, #712]
 1152              	.LVL104:
 454:USB_DEVICE/Target/usbd_conf.c **** 
 1153              		.loc 1 454 16 view .LVU253
 1154 0006 FFF7FEFF 		bl	HAL_PCD_EP_Close
 1155              	.LVL105:
 456:USB_DEVICE/Target/usbd_conf.c **** 
 1156              		.loc 1 456 3 is_stmt 1 view .LVU254
 456:USB_DEVICE/Target/usbd_conf.c **** 
 1157              		.loc 1 456 17 is_stmt 0 view .LVU255
 1158 000a FFF7FEFF 		bl	USBD_Get_USB_Status
 1159              	.LVL106:
 458:USB_DEVICE/Target/usbd_conf.c **** }
 1160              		.loc 1 458 3 is_stmt 1 view .LVU256
 459:USB_DEVICE/Target/usbd_conf.c **** 
 1161              		.loc 1 459 1 is_stmt 0 view .LVU257
 1162 000e 08BD     		pop	{r3, pc}
 1163              		.cfi_endproc
 1164              	.LFE156:
 1166              		.section	.text.USBD_LL_FlushEP,"ax",%progbits
 1167              		.align	1
 1168              		.global	USBD_LL_FlushEP
 1169              		.syntax unified
 1170              		.thumb
 1171              		.thumb_func
 1172              		.fpu fpv4-sp-d16
 1174              	USBD_LL_FlushEP:
 1175              	.LVL107:
 1176              	.LFB157:
 468:USB_DEVICE/Target/usbd_conf.c ****   HAL_StatusTypeDef hal_status = HAL_OK;
 1177              		.loc 1 468 1 is_stmt 1 view -0
 1178              		.cfi_startproc
ARM GAS  /tmp/ccQHGLbt.s 			page 35


 1179              		@ args = 0, pretend = 0, frame = 0
 1180              		@ frame_needed = 0, uses_anonymous_args = 0
 468:USB_DEVICE/Target/usbd_conf.c ****   HAL_StatusTypeDef hal_status = HAL_OK;
 1181              		.loc 1 468 1 is_stmt 0 view .LVU259
 1182 0000 08B5     		push	{r3, lr}
 1183              	.LCFI24:
 1184              		.cfi_def_cfa_offset 8
 1185              		.cfi_offset 3, -8
 1186              		.cfi_offset 14, -4
 469:USB_DEVICE/Target/usbd_conf.c ****   USBD_StatusTypeDef usb_status = USBD_OK;
 1187              		.loc 1 469 3 is_stmt 1 view .LVU260
 1188              	.LVL108:
 470:USB_DEVICE/Target/usbd_conf.c **** 
 1189              		.loc 1 470 3 view .LVU261
 472:USB_DEVICE/Target/usbd_conf.c **** 
 1190              		.loc 1 472 3 view .LVU262
 472:USB_DEVICE/Target/usbd_conf.c **** 
 1191              		.loc 1 472 16 is_stmt 0 view .LVU263
 1192 0002 D0F8C802 		ldr	r0, [r0, #712]
 1193              	.LVL109:
 472:USB_DEVICE/Target/usbd_conf.c **** 
 1194              		.loc 1 472 16 view .LVU264
 1195 0006 FFF7FEFF 		bl	HAL_PCD_EP_Flush
 1196              	.LVL110:
 474:USB_DEVICE/Target/usbd_conf.c **** 
 1197              		.loc 1 474 3 is_stmt 1 view .LVU265
 474:USB_DEVICE/Target/usbd_conf.c **** 
 1198              		.loc 1 474 17 is_stmt 0 view .LVU266
 1199 000a FFF7FEFF 		bl	USBD_Get_USB_Status
 1200              	.LVL111:
 476:USB_DEVICE/Target/usbd_conf.c **** }
 1201              		.loc 1 476 3 is_stmt 1 view .LVU267
 477:USB_DEVICE/Target/usbd_conf.c **** 
 1202              		.loc 1 477 1 is_stmt 0 view .LVU268
 1203 000e 08BD     		pop	{r3, pc}
 1204              		.cfi_endproc
 1205              	.LFE157:
 1207              		.section	.text.USBD_LL_StallEP,"ax",%progbits
 1208              		.align	1
 1209              		.global	USBD_LL_StallEP
 1210              		.syntax unified
 1211              		.thumb
 1212              		.thumb_func
 1213              		.fpu fpv4-sp-d16
 1215              	USBD_LL_StallEP:
 1216              	.LVL112:
 1217              	.LFB158:
 486:USB_DEVICE/Target/usbd_conf.c ****   HAL_StatusTypeDef hal_status = HAL_OK;
 1218              		.loc 1 486 1 is_stmt 1 view -0
 1219              		.cfi_startproc
 1220              		@ args = 0, pretend = 0, frame = 0
 1221              		@ frame_needed = 0, uses_anonymous_args = 0
 486:USB_DEVICE/Target/usbd_conf.c ****   HAL_StatusTypeDef hal_status = HAL_OK;
 1222              		.loc 1 486 1 is_stmt 0 view .LVU270
 1223 0000 08B5     		push	{r3, lr}
 1224              	.LCFI25:
 1225              		.cfi_def_cfa_offset 8
ARM GAS  /tmp/ccQHGLbt.s 			page 36


 1226              		.cfi_offset 3, -8
 1227              		.cfi_offset 14, -4
 487:USB_DEVICE/Target/usbd_conf.c ****   USBD_StatusTypeDef usb_status = USBD_OK;
 1228              		.loc 1 487 3 is_stmt 1 view .LVU271
 1229              	.LVL113:
 488:USB_DEVICE/Target/usbd_conf.c **** 
 1230              		.loc 1 488 3 view .LVU272
 490:USB_DEVICE/Target/usbd_conf.c **** 
 1231              		.loc 1 490 3 view .LVU273
 490:USB_DEVICE/Target/usbd_conf.c **** 
 1232              		.loc 1 490 16 is_stmt 0 view .LVU274
 1233 0002 D0F8C802 		ldr	r0, [r0, #712]
 1234              	.LVL114:
 490:USB_DEVICE/Target/usbd_conf.c **** 
 1235              		.loc 1 490 16 view .LVU275
 1236 0006 FFF7FEFF 		bl	HAL_PCD_EP_SetStall
 1237              	.LVL115:
 492:USB_DEVICE/Target/usbd_conf.c **** 
 1238              		.loc 1 492 3 is_stmt 1 view .LVU276
 492:USB_DEVICE/Target/usbd_conf.c **** 
 1239              		.loc 1 492 17 is_stmt 0 view .LVU277
 1240 000a FFF7FEFF 		bl	USBD_Get_USB_Status
 1241              	.LVL116:
 494:USB_DEVICE/Target/usbd_conf.c **** }
 1242              		.loc 1 494 3 is_stmt 1 view .LVU278
 495:USB_DEVICE/Target/usbd_conf.c **** 
 1243              		.loc 1 495 1 is_stmt 0 view .LVU279
 1244 000e 08BD     		pop	{r3, pc}
 1245              		.cfi_endproc
 1246              	.LFE158:
 1248              		.section	.text.USBD_LL_ClearStallEP,"ax",%progbits
 1249              		.align	1
 1250              		.global	USBD_LL_ClearStallEP
 1251              		.syntax unified
 1252              		.thumb
 1253              		.thumb_func
 1254              		.fpu fpv4-sp-d16
 1256              	USBD_LL_ClearStallEP:
 1257              	.LVL117:
 1258              	.LFB159:
 504:USB_DEVICE/Target/usbd_conf.c ****   HAL_StatusTypeDef hal_status = HAL_OK;
 1259              		.loc 1 504 1 is_stmt 1 view -0
 1260              		.cfi_startproc
 1261              		@ args = 0, pretend = 0, frame = 0
 1262              		@ frame_needed = 0, uses_anonymous_args = 0
 504:USB_DEVICE/Target/usbd_conf.c ****   HAL_StatusTypeDef hal_status = HAL_OK;
 1263              		.loc 1 504 1 is_stmt 0 view .LVU281
 1264 0000 08B5     		push	{r3, lr}
 1265              	.LCFI26:
 1266              		.cfi_def_cfa_offset 8
 1267              		.cfi_offset 3, -8
 1268              		.cfi_offset 14, -4
 505:USB_DEVICE/Target/usbd_conf.c ****   USBD_StatusTypeDef usb_status = USBD_OK;
 1269              		.loc 1 505 3 is_stmt 1 view .LVU282
 1270              	.LVL118:
 506:USB_DEVICE/Target/usbd_conf.c **** 
 1271              		.loc 1 506 3 view .LVU283
ARM GAS  /tmp/ccQHGLbt.s 			page 37


 508:USB_DEVICE/Target/usbd_conf.c **** 
 1272              		.loc 1 508 3 view .LVU284
 508:USB_DEVICE/Target/usbd_conf.c **** 
 1273              		.loc 1 508 16 is_stmt 0 view .LVU285
 1274 0002 D0F8C802 		ldr	r0, [r0, #712]
 1275              	.LVL119:
 508:USB_DEVICE/Target/usbd_conf.c **** 
 1276              		.loc 1 508 16 view .LVU286
 1277 0006 FFF7FEFF 		bl	HAL_PCD_EP_ClrStall
 1278              	.LVL120:
 510:USB_DEVICE/Target/usbd_conf.c **** 
 1279              		.loc 1 510 3 is_stmt 1 view .LVU287
 510:USB_DEVICE/Target/usbd_conf.c **** 
 1280              		.loc 1 510 17 is_stmt 0 view .LVU288
 1281 000a FFF7FEFF 		bl	USBD_Get_USB_Status
 1282              	.LVL121:
 512:USB_DEVICE/Target/usbd_conf.c **** }
 1283              		.loc 1 512 3 is_stmt 1 view .LVU289
 513:USB_DEVICE/Target/usbd_conf.c **** 
 1284              		.loc 1 513 1 is_stmt 0 view .LVU290
 1285 000e 08BD     		pop	{r3, pc}
 1286              		.cfi_endproc
 1287              	.LFE159:
 1289              		.section	.text.USBD_LL_SetUSBAddress,"ax",%progbits
 1290              		.align	1
 1291              		.global	USBD_LL_SetUSBAddress
 1292              		.syntax unified
 1293              		.thumb
 1294              		.thumb_func
 1295              		.fpu fpv4-sp-d16
 1297              	USBD_LL_SetUSBAddress:
 1298              	.LVL122:
 1299              	.LFB161:
 542:USB_DEVICE/Target/usbd_conf.c ****   HAL_StatusTypeDef hal_status = HAL_OK;
 1300              		.loc 1 542 1 is_stmt 1 view -0
 1301              		.cfi_startproc
 1302              		@ args = 0, pretend = 0, frame = 0
 1303              		@ frame_needed = 0, uses_anonymous_args = 0
 542:USB_DEVICE/Target/usbd_conf.c ****   HAL_StatusTypeDef hal_status = HAL_OK;
 1304              		.loc 1 542 1 is_stmt 0 view .LVU292
 1305 0000 08B5     		push	{r3, lr}
 1306              	.LCFI27:
 1307              		.cfi_def_cfa_offset 8
 1308              		.cfi_offset 3, -8
 1309              		.cfi_offset 14, -4
 543:USB_DEVICE/Target/usbd_conf.c ****   USBD_StatusTypeDef usb_status = USBD_OK;
 1310              		.loc 1 543 3 is_stmt 1 view .LVU293
 1311              	.LVL123:
 544:USB_DEVICE/Target/usbd_conf.c **** 
 1312              		.loc 1 544 3 view .LVU294
 546:USB_DEVICE/Target/usbd_conf.c **** 
 1313              		.loc 1 546 3 view .LVU295
 546:USB_DEVICE/Target/usbd_conf.c **** 
 1314              		.loc 1 546 16 is_stmt 0 view .LVU296
 1315 0002 D0F8C802 		ldr	r0, [r0, #712]
 1316              	.LVL124:
 546:USB_DEVICE/Target/usbd_conf.c **** 
ARM GAS  /tmp/ccQHGLbt.s 			page 38


 1317              		.loc 1 546 16 view .LVU297
 1318 0006 FFF7FEFF 		bl	HAL_PCD_SetAddress
 1319              	.LVL125:
 548:USB_DEVICE/Target/usbd_conf.c **** 
 1320              		.loc 1 548 3 is_stmt 1 view .LVU298
 548:USB_DEVICE/Target/usbd_conf.c **** 
 1321              		.loc 1 548 17 is_stmt 0 view .LVU299
 1322 000a FFF7FEFF 		bl	USBD_Get_USB_Status
 1323              	.LVL126:
 550:USB_DEVICE/Target/usbd_conf.c **** }
 1324              		.loc 1 550 3 is_stmt 1 view .LVU300
 551:USB_DEVICE/Target/usbd_conf.c **** 
 1325              		.loc 1 551 1 is_stmt 0 view .LVU301
 1326 000e 08BD     		pop	{r3, pc}
 1327              		.cfi_endproc
 1328              	.LFE161:
 1330              		.section	.text.USBD_LL_Transmit,"ax",%progbits
 1331              		.align	1
 1332              		.global	USBD_LL_Transmit
 1333              		.syntax unified
 1334              		.thumb
 1335              		.thumb_func
 1336              		.fpu fpv4-sp-d16
 1338              	USBD_LL_Transmit:
 1339              	.LVL127:
 1340              	.LFB162:
 562:USB_DEVICE/Target/usbd_conf.c ****   HAL_StatusTypeDef hal_status = HAL_OK;
 1341              		.loc 1 562 1 is_stmt 1 view -0
 1342              		.cfi_startproc
 1343              		@ args = 0, pretend = 0, frame = 0
 1344              		@ frame_needed = 0, uses_anonymous_args = 0
 562:USB_DEVICE/Target/usbd_conf.c ****   HAL_StatusTypeDef hal_status = HAL_OK;
 1345              		.loc 1 562 1 is_stmt 0 view .LVU303
 1346 0000 08B5     		push	{r3, lr}
 1347              	.LCFI28:
 1348              		.cfi_def_cfa_offset 8
 1349              		.cfi_offset 3, -8
 1350              		.cfi_offset 14, -4
 563:USB_DEVICE/Target/usbd_conf.c ****   USBD_StatusTypeDef usb_status = USBD_OK;
 1351              		.loc 1 563 3 is_stmt 1 view .LVU304
 1352              	.LVL128:
 564:USB_DEVICE/Target/usbd_conf.c **** 
 1353              		.loc 1 564 3 view .LVU305
 566:USB_DEVICE/Target/usbd_conf.c **** 
 1354              		.loc 1 566 3 view .LVU306
 566:USB_DEVICE/Target/usbd_conf.c **** 
 1355              		.loc 1 566 16 is_stmt 0 view .LVU307
 1356 0002 D0F8C802 		ldr	r0, [r0, #712]
 1357              	.LVL129:
 566:USB_DEVICE/Target/usbd_conf.c **** 
 1358              		.loc 1 566 16 view .LVU308
 1359 0006 FFF7FEFF 		bl	HAL_PCD_EP_Transmit
 1360              	.LVL130:
 568:USB_DEVICE/Target/usbd_conf.c **** 
 1361              		.loc 1 568 3 is_stmt 1 view .LVU309
 568:USB_DEVICE/Target/usbd_conf.c **** 
 1362              		.loc 1 568 17 is_stmt 0 view .LVU310
ARM GAS  /tmp/ccQHGLbt.s 			page 39


 1363 000a FFF7FEFF 		bl	USBD_Get_USB_Status
 1364              	.LVL131:
 570:USB_DEVICE/Target/usbd_conf.c **** }
 1365              		.loc 1 570 3 is_stmt 1 view .LVU311
 571:USB_DEVICE/Target/usbd_conf.c **** 
 1366              		.loc 1 571 1 is_stmt 0 view .LVU312
 1367 000e 08BD     		pop	{r3, pc}
 1368              		.cfi_endproc
 1369              	.LFE162:
 1371              		.section	.text.USBD_LL_PrepareReceive,"ax",%progbits
 1372              		.align	1
 1373              		.global	USBD_LL_PrepareReceive
 1374              		.syntax unified
 1375              		.thumb
 1376              		.thumb_func
 1377              		.fpu fpv4-sp-d16
 1379              	USBD_LL_PrepareReceive:
 1380              	.LVL132:
 1381              	.LFB163:
 582:USB_DEVICE/Target/usbd_conf.c ****   HAL_StatusTypeDef hal_status = HAL_OK;
 1382              		.loc 1 582 1 is_stmt 1 view -0
 1383              		.cfi_startproc
 1384              		@ args = 0, pretend = 0, frame = 0
 1385              		@ frame_needed = 0, uses_anonymous_args = 0
 582:USB_DEVICE/Target/usbd_conf.c ****   HAL_StatusTypeDef hal_status = HAL_OK;
 1386              		.loc 1 582 1 is_stmt 0 view .LVU314
 1387 0000 08B5     		push	{r3, lr}
 1388              	.LCFI29:
 1389              		.cfi_def_cfa_offset 8
 1390              		.cfi_offset 3, -8
 1391              		.cfi_offset 14, -4
 583:USB_DEVICE/Target/usbd_conf.c ****   USBD_StatusTypeDef usb_status = USBD_OK;
 1392              		.loc 1 583 3 is_stmt 1 view .LVU315
 1393              	.LVL133:
 584:USB_DEVICE/Target/usbd_conf.c **** 
 1394              		.loc 1 584 3 view .LVU316
 586:USB_DEVICE/Target/usbd_conf.c **** 
 1395              		.loc 1 586 3 view .LVU317
 586:USB_DEVICE/Target/usbd_conf.c **** 
 1396              		.loc 1 586 16 is_stmt 0 view .LVU318
 1397 0002 D0F8C802 		ldr	r0, [r0, #712]
 1398              	.LVL134:
 586:USB_DEVICE/Target/usbd_conf.c **** 
 1399              		.loc 1 586 16 view .LVU319
 1400 0006 FFF7FEFF 		bl	HAL_PCD_EP_Receive
 1401              	.LVL135:
 588:USB_DEVICE/Target/usbd_conf.c **** 
 1402              		.loc 1 588 3 is_stmt 1 view .LVU320
 588:USB_DEVICE/Target/usbd_conf.c **** 
 1403              		.loc 1 588 17 is_stmt 0 view .LVU321
 1404 000a FFF7FEFF 		bl	USBD_Get_USB_Status
 1405              	.LVL136:
 590:USB_DEVICE/Target/usbd_conf.c **** }
 1406              		.loc 1 590 3 is_stmt 1 view .LVU322
 591:USB_DEVICE/Target/usbd_conf.c **** 
 1407              		.loc 1 591 1 is_stmt 0 view .LVU323
 1408 000e 08BD     		pop	{r3, pc}
ARM GAS  /tmp/ccQHGLbt.s 			page 40


 1409              		.cfi_endproc
 1410              	.LFE163:
 1412              		.global	hpcd_USB_OTG_FS
 1413              		.section	.bss.hpcd_USB_OTG_FS,"aw",%nobits
 1414              		.align	2
 1415              		.set	.LANCHOR0,. + 0
 1418              	hpcd_USB_OTG_FS:
 1419 0000 00000000 		.space	1252
 1419      00000000 
 1419      00000000 
 1419      00000000 
 1419      00000000 
 1420              		.section	.bss.mem.0,"aw",%nobits
 1421              		.align	2
 1422              		.set	.LANCHOR1,. + 0
 1425              	mem.0:
 1426 0000 00000000 		.space	544
 1426      00000000 
 1426      00000000 
 1426      00000000 
 1426      00000000 
 1427              		.text
 1428              	.Letext0:
 1429              		.file 2 "/usr/lib/gcc/arm-none-eabi/10.3.1/include/stdint.h"
 1430              		.file 3 "Drivers/CMSIS/Include/core_cm4.h"
 1431              		.file 4 "Drivers/CMSIS/Device/ST/STM32F4xx/Include/stm32f405xx.h"
 1432              		.file 5 "Drivers/CMSIS/Device/ST/STM32F4xx/Include/stm32f4xx.h"
 1433              		.file 6 "Drivers/STM32F4xx_HAL_Driver/Inc/stm32f4xx_hal_def.h"
 1434              		.file 7 "Drivers/STM32F4xx_HAL_Driver/Inc/stm32f4xx_hal_gpio.h"
 1435              		.file 8 "Drivers/STM32F4xx_HAL_Driver/Inc/stm32f4xx_ll_usb.h"
 1436              		.file 9 "Drivers/STM32F4xx_HAL_Driver/Inc/stm32f4xx_hal_pcd.h"
 1437              		.file 10 "Middlewares/ST/STM32_USB_Device_Library/Core/Inc/usbd_def.h"
 1438              		.file 11 "Drivers/STM32F4xx_HAL_Driver/Inc/stm32f4xx_hal.h"
 1439              		.file 12 "Drivers/STM32F4xx_HAL_Driver/Inc/stm32f4xx_hal_pcd_ex.h"
 1440              		.file 13 "Middlewares/ST/STM32_USB_Device_Library/Core/Inc/usbd_core.h"
 1441              		.file 14 "Drivers/STM32F4xx_HAL_Driver/Inc/stm32f4xx_hal_cortex.h"
ARM GAS  /tmp/ccQHGLbt.s 			page 41


DEFINED SYMBOLS
                            *ABS*:0000000000000000 usbd_conf.c
     /tmp/ccQHGLbt.s:18     .text.HAL_PCD_MspInit:0000000000000000 $t
     /tmp/ccQHGLbt.s:26     .text.HAL_PCD_MspInit:0000000000000000 HAL_PCD_MspInit
     /tmp/ccQHGLbt.s:150    .text.HAL_PCD_MspInit:000000000000007c $d
     /tmp/ccQHGLbt.s:156    .text.HAL_PCD_MspDeInit:0000000000000000 $t
     /tmp/ccQHGLbt.s:163    .text.HAL_PCD_MspDeInit:0000000000000000 HAL_PCD_MspDeInit
     /tmp/ccQHGLbt.s:209    .text.HAL_PCD_MspDeInit:0000000000000028 $d
     /tmp/ccQHGLbt.s:215    .text.HAL_PCD_SetupStageCallback:0000000000000000 $t
     /tmp/ccQHGLbt.s:222    .text.HAL_PCD_SetupStageCallback:0000000000000000 HAL_PCD_SetupStageCallback
     /tmp/ccQHGLbt.s:248    .text.HAL_PCD_DataOutStageCallback:0000000000000000 $t
     /tmp/ccQHGLbt.s:255    .text.HAL_PCD_DataOutStageCallback:0000000000000000 HAL_PCD_DataOutStageCallback
     /tmp/ccQHGLbt.s:283    .text.HAL_PCD_DataInStageCallback:0000000000000000 $t
     /tmp/ccQHGLbt.s:290    .text.HAL_PCD_DataInStageCallback:0000000000000000 HAL_PCD_DataInStageCallback
     /tmp/ccQHGLbt.s:318    .text.HAL_PCD_SOFCallback:0000000000000000 $t
     /tmp/ccQHGLbt.s:325    .text.HAL_PCD_SOFCallback:0000000000000000 HAL_PCD_SOFCallback
     /tmp/ccQHGLbt.s:350    .text.HAL_PCD_ResetCallback:0000000000000000 $t
     /tmp/ccQHGLbt.s:357    .text.HAL_PCD_ResetCallback:0000000000000000 HAL_PCD_ResetCallback
     /tmp/ccQHGLbt.s:408    .text.HAL_PCD_SuspendCallback:0000000000000000 $t
     /tmp/ccQHGLbt.s:415    .text.HAL_PCD_SuspendCallback:0000000000000000 HAL_PCD_SuspendCallback
     /tmp/ccQHGLbt.s:459    .text.HAL_PCD_SuspendCallback:000000000000002c $d
     /tmp/ccQHGLbt.s:464    .text.HAL_PCD_ResumeCallback:0000000000000000 $t
     /tmp/ccQHGLbt.s:471    .text.HAL_PCD_ResumeCallback:0000000000000000 HAL_PCD_ResumeCallback
     /tmp/ccQHGLbt.s:496    .text.HAL_PCD_ISOOUTIncompleteCallback:0000000000000000 $t
     /tmp/ccQHGLbt.s:503    .text.HAL_PCD_ISOOUTIncompleteCallback:0000000000000000 HAL_PCD_ISOOUTIncompleteCallback
     /tmp/ccQHGLbt.s:528    .text.HAL_PCD_ISOINIncompleteCallback:0000000000000000 $t
     /tmp/ccQHGLbt.s:535    .text.HAL_PCD_ISOINIncompleteCallback:0000000000000000 HAL_PCD_ISOINIncompleteCallback
     /tmp/ccQHGLbt.s:560    .text.HAL_PCD_ConnectCallback:0000000000000000 $t
     /tmp/ccQHGLbt.s:567    .text.HAL_PCD_ConnectCallback:0000000000000000 HAL_PCD_ConnectCallback
     /tmp/ccQHGLbt.s:592    .text.HAL_PCD_DisconnectCallback:0000000000000000 $t
     /tmp/ccQHGLbt.s:599    .text.HAL_PCD_DisconnectCallback:0000000000000000 HAL_PCD_DisconnectCallback
     /tmp/ccQHGLbt.s:624    .text.USBD_LL_Init:0000000000000000 $t
     /tmp/ccQHGLbt.s:631    .text.USBD_LL_Init:0000000000000000 USBD_LL_Init
     /tmp/ccQHGLbt.s:740    .text.USBD_LL_Init:0000000000000064 $d
     /tmp/ccQHGLbt.s:745    .text.USBD_LL_IsStallEP:0000000000000000 $t
     /tmp/ccQHGLbt.s:752    .text.USBD_LL_IsStallEP:0000000000000000 USBD_LL_IsStallEP
     /tmp/ccQHGLbt.s:796    .text.USBD_LL_GetRxDataSize:0000000000000000 $t
     /tmp/ccQHGLbt.s:803    .text.USBD_LL_GetRxDataSize:0000000000000000 USBD_LL_GetRxDataSize
     /tmp/ccQHGLbt.s:829    .text.USBD_static_malloc:0000000000000000 $t
     /tmp/ccQHGLbt.s:836    .text.USBD_static_malloc:0000000000000000 USBD_static_malloc
     /tmp/ccQHGLbt.s:854    .text.USBD_static_malloc:0000000000000004 $d
     /tmp/ccQHGLbt.s:859    .text.USBD_static_free:0000000000000000 $t
     /tmp/ccQHGLbt.s:866    .text.USBD_static_free:0000000000000000 USBD_static_free
     /tmp/ccQHGLbt.s:880    .text.USBD_LL_Delay:0000000000000000 $t
     /tmp/ccQHGLbt.s:887    .text.USBD_LL_Delay:0000000000000000 USBD_LL_Delay
     /tmp/ccQHGLbt.s:909    .text.USBD_Get_USB_Status:0000000000000000 $t
     /tmp/ccQHGLbt.s:916    .text.USBD_Get_USB_Status:0000000000000000 USBD_Get_USB_Status
     /tmp/ccQHGLbt.s:930    .text.USBD_Get_USB_Status:0000000000000008 $d
     /tmp/ccQHGLbt.s:934    .text.USBD_Get_USB_Status:000000000000000c $t
     /tmp/ccQHGLbt.s:957    .text.USBD_LL_DeInit:0000000000000000 $t
     /tmp/ccQHGLbt.s:964    .text.USBD_LL_DeInit:0000000000000000 USBD_LL_DeInit
     /tmp/ccQHGLbt.s:998    .text.USBD_LL_Start:0000000000000000 $t
     /tmp/ccQHGLbt.s:1005   .text.USBD_LL_Start:0000000000000000 USBD_LL_Start
     /tmp/ccQHGLbt.s:1039   .text.USBD_LL_Stop:0000000000000000 $t
     /tmp/ccQHGLbt.s:1046   .text.USBD_LL_Stop:0000000000000000 USBD_LL_Stop
     /tmp/ccQHGLbt.s:1080   .text.USBD_LL_OpenEP:0000000000000000 $t
     /tmp/ccQHGLbt.s:1087   .text.USBD_LL_OpenEP:0000000000000000 USBD_LL_OpenEP
ARM GAS  /tmp/ccQHGLbt.s 			page 42


     /tmp/ccQHGLbt.s:1126   .text.USBD_LL_CloseEP:0000000000000000 $t
     /tmp/ccQHGLbt.s:1133   .text.USBD_LL_CloseEP:0000000000000000 USBD_LL_CloseEP
     /tmp/ccQHGLbt.s:1167   .text.USBD_LL_FlushEP:0000000000000000 $t
     /tmp/ccQHGLbt.s:1174   .text.USBD_LL_FlushEP:0000000000000000 USBD_LL_FlushEP
     /tmp/ccQHGLbt.s:1208   .text.USBD_LL_StallEP:0000000000000000 $t
     /tmp/ccQHGLbt.s:1215   .text.USBD_LL_StallEP:0000000000000000 USBD_LL_StallEP
     /tmp/ccQHGLbt.s:1249   .text.USBD_LL_ClearStallEP:0000000000000000 $t
     /tmp/ccQHGLbt.s:1256   .text.USBD_LL_ClearStallEP:0000000000000000 USBD_LL_ClearStallEP
     /tmp/ccQHGLbt.s:1290   .text.USBD_LL_SetUSBAddress:0000000000000000 $t
     /tmp/ccQHGLbt.s:1297   .text.USBD_LL_SetUSBAddress:0000000000000000 USBD_LL_SetUSBAddress
     /tmp/ccQHGLbt.s:1331   .text.USBD_LL_Transmit:0000000000000000 $t
     /tmp/ccQHGLbt.s:1338   .text.USBD_LL_Transmit:0000000000000000 USBD_LL_Transmit
     /tmp/ccQHGLbt.s:1372   .text.USBD_LL_PrepareReceive:0000000000000000 $t
     /tmp/ccQHGLbt.s:1379   .text.USBD_LL_PrepareReceive:0000000000000000 USBD_LL_PrepareReceive
     /tmp/ccQHGLbt.s:1418   .bss.hpcd_USB_OTG_FS:0000000000000000 hpcd_USB_OTG_FS
     /tmp/ccQHGLbt.s:1414   .bss.hpcd_USB_OTG_FS:0000000000000000 $d
     /tmp/ccQHGLbt.s:1421   .bss.mem.0:0000000000000000 $d
     /tmp/ccQHGLbt.s:1425   .bss.mem.0:0000000000000000 mem.0

UNDEFINED SYMBOLS
HAL_GPIO_Init
HAL_NVIC_SetPriority
HAL_NVIC_EnableIRQ
HAL_GPIO_DeInit
HAL_NVIC_DisableIRQ
USBD_LL_SetupStage
USBD_LL_DataOutStage
USBD_LL_DataInStage
USBD_LL_SOF
USBD_LL_SetSpeed
USBD_LL_Reset
Error_Handler
USBD_LL_Suspend
USBD_LL_Resume
USBD_LL_IsoOUTIncomplete
USBD_LL_IsoINIncomplete
USBD_LL_DevConnected
USBD_LL_DevDisconnected
HAL_PCD_Init
HAL_PCDEx_SetRxFiFo
HAL_PCDEx_SetTxFiFo
HAL_PCD_EP_GetRxCount
HAL_Delay
HAL_PCD_DeInit
HAL_PCD_Start
HAL_PCD_Stop
HAL_PCD_EP_Open
HAL_PCD_EP_Close
HAL_PCD_EP_Flush
HAL_PCD_EP_SetStall
HAL_PCD_EP_ClrStall
HAL_PCD_SetAddress
HAL_PCD_EP_Transmit
HAL_PCD_EP_Receive
